번호,실행시각,차량번호,보험시작일,운전자범위,보험사,CM보험료,총보험료(결제),마일리지환급,원문텍스트,제조사,차종,연식,상세모델,트림,아이디,나이,성별
1,2026-08-28 15:58:00,14로6902,2026-08-31,본인,AXA,"1,244,160","1,800,460","556,300","AXA손해보험 | 다이렉트 자동차보험 | 최종 보험료 | 1,244,160원 | 총 보험료 | 결제 1,800,460원 | 마일리지 환급 556,300원 | 마일리지 선할인 546,570원 | 바로 가입하기",기아,PV5,2025,PV5 패신저,플러스,,,
1,2026-08-28 17:19:34,14로6902,2026-08-31,본인,AXA,"1,244,160","1,800,460","556,300","AXA손해보험 | 다이렉트 자동차보험 | 최종 보험료 | 1,244,160원 | 총 보험료 | 결제 1,800,460원 | 마일리지 환급 556,300원 | 마일리지 선할인 546,570원 | 바로 가입하기",현대,쏘나타,2026,쏘나타 디 엣지 2.0,프리미엄,,,
1,2026-08-28 15:58:00,14로6902,2026-08-31,본인,DB손해보험,"1,080,490","1,401,350","320,860","DB손해보험 | 프로미카 다이렉트개인용자동차보험(플랫폼) | 최종 보험료 | 1,080,490원 | 총 보험료 | 결제 1,401,350원 | 마일리지 환급 320,860원 | 바로 가입하기",기아,PV5,2025,PV5 패신저,플러스,,,
1,2026-08-28 17:19:34,14로6902,2026-08-31,본인,DB손해보험,"1,080,490","1,401,350","320,860","DB손해보험 | 프로미카 다이렉트개인용자동차보험(플랫폼) | 최종 보험료 | 1,080,490원 | 총 보험료 | 결제 1,401,350원 | 마일리지 환급 320,860원 | 바로 가입하기",현대,쏘나타,2026,쏘나타 디 엣지 2.0,프리미엄,,,
1,2026-08-28 15:58:00,14로6902,2026-08-31,본인,KB손해보험,"944,550","1,274,530","329,980","KB손해보험 | KB다이렉트(플랫폼)개인용자동차보험 | 최종 보험료 | 944,550원 | 총 보험료 | 결제 1,274,530원 | 마일리지 환급 329,980원 | 바로 가입하기",기아,PV5,2025,PV5 패신저,플러스,,,
1,2026-08-28 17:19:34,14로6902,2026-08-31,본인,KB손해보험,"944,550","1,274,530","329,980","KB손해보험 | KB다이렉트(플랫폼)개인용자동차보험 | 최종 보험료 | 944,550원 | 총 보험료 | 결제 1,274,530원 | 마일리지 환급 329,980원 | 바로 가입하기",현대,쏘나타,2026,쏘나타 디 엣지 2.0,프리미엄,,,
1,2026-08-28 15:58:00,14로6902,2026-08-31,본인,롯데손해보험,"1,076,340","1,293,050","216,710","롯데손해보험 | let:click 개인용자동차보험(인터넷) | 최종 보험료 | 1,076,340원 | 총 보험료 | 결제 1,293,050원 | 마일리지 환급 216,710원 | 바로 가입하기",기아,PV5,2025,PV5 패신저,플러스,,,
1,2026-08-28 17:19:34,14로6902,2026-08-31,본인,롯데손해보험,"1,076,340","1,293,050","216,710","롯데손해보험 | let:click 개인용자동차보험(인터넷) | 최종 보험료 | 1,076,340원 | 총 보험료 | 결제 1,293,050원 | 마일리지 환급 216,710원 | 바로 가입하기",현대,쏘나타,2026,쏘나타 디 엣지 2.0,프리미엄,,,
1,2026-08-28 15:58:00,14로6902,2026-08-31,본인,메리츠화재,"915,970","1,321,940","405,970","메리츠화재 | 메리츠화재 다이렉트 자동차보험(CM) | 최종 보험료 | 915,970원 | 총 보험료 | 결제 1,321,940원 | 마일리지 환급 405,970원 | 바로 가입하기",기아,PV5,2025,PV5 패신저,플러스,,,
1,2026-08-28 17:19:34,14로6902,2026-08-31,본인,메리츠화재,"915,970","1,321,940","405,970","메리츠화재 | 메리츠화재 다이렉트 자동차보험(CM) | 최종 보험료 | 915,970원 | 총 보험료 | 결제 1,321,940원 | 마일리지 환급 405,970원 | 바로 가입하기",현대,쏘나타,2026,쏘나타 디 엣지 2.0,프리미엄,,,
1,2026-08-28 15:58:00,14로6902,2026-08-31,본인,삼성화재,"1,041,960","1,268,260","226,300","삼성화재 | 개인용애니카다이렉트자동차보험(플랫폼) | 최종 보험료 | 1,041,960원 | 총 보험료 | 결제 1,268,260원 | 마일리지 환급 226,300원 | 바로 가입하기",기아,PV5,2025,PV5 패신저,플러스,,,
1,2026-08-28 17:19:34,14로6902,2026-08-31,본인,삼성화재,"1,041,960","1,268,260","226,300","삼성화재 | 개인용애니카다이렉트자동차보험(플랫폼) | 최종 보험료 | 1,041,960원 | 총 보험료 | 결제 1,268,260원 | 마일리지 환급 226,300원 | 바로 가입하기",현대,쏘나타,2026,쏘나타 디 엣지 2.0,프리미엄,,,
1,2026-08-28 15:58:00,14로6902,2026-08-31,본인,하나손해보험,"978,450","1,279,260","300,810","하나손해보험 | 하나 다이렉트 자동차보험 | 최종 보험료 | 978,450원 | 총 보험료 | 결제 1,279,260원 | 마일리지 환급 300,810원 | 마일리지 선할인 288,120원 | 바로 가입하기",기아,PV5,2025,PV5 패신저,플러스,,,
1,2026-08-28 17:19:34,14로6902,2026-08-31,본인,하나손해보험,"978,450","1,279,260","300,810","하나손해보험 | 하나 다이렉트 자동차보험 | 최종 보험료 | 978,450원 | 총 보험료 | 결제 1,279,260원 | 마일리지 환급 300,810원 | 마일리지 선할인 288,120원 | 바로 가입하기",현대,쏘나타,2026,쏘나타 디 엣지 2.0,프리미엄,,,
1,2026-08-28 15:58:00,14로6902,2026-08-31,본인,한화손보,"1,043,350","1,331,000","287,650","한화손보 | 캐롯 자동차보험 | 최종 보험료 | 1,043,350원 | 총 보험료 | 결제 1,331,000원 | 마일리지 환급 287,650원 | 월 납입 시 153,420원 | 바로 가입하기",기아,PV5,2025,PV5 패신저,플러스,,,
1,2026-08-28 17:19:34,14로6902,2026-08-31,본인,한화손보,"1,043,350","1,331,000","287,650","한화손보 | 캐롯 자동차보험 | 최종 보험료 | 1,043,350원 | 총 보험료 | 결제 1,331,000원 | 마일리지 환급 287,650원 | 월 납입 시 153,420원 | 바로 가입하기",현대,쏘나타,2026,쏘나타 디 엣지 2.0,프리미엄,,,
1,2026-08-28 15:58:00,14로6902,2026-08-31,본인,현대해상,"998,520","1,381,170","382,650","현대해상 | Hicar 다이렉트 개인용자동차보험(플랫폼) | 최종 보험료 | 998,520원 | 총 보험료 | 결제 1,381,170원 | 마일리지 환급 382,650원 | 바로 가입하기",기아,PV5,2025,PV5 패신저,플러스,,,
1,2026-08-28 17:19:34,14로6902,2026-08-31,본인,현대해상,"998,520","1,381,170","382,650","현대해상 | Hicar 다이렉트 개인용자동차보험(플랫폼) | 최종 보험료 | 998,520원 | 총 보험료 | 결제 1,381,170원 | 마일리지 환급 382,650원 | 바로 가입하기",현대,쏘나타,2026,쏘나타 디 엣지 2.0,프리미엄,,,
1,2026-08-28 15:58:00,14로6902,2026-08-31,본인,흥국화재,"1,025,520","1,329,300","303,780","흥국화재 | 흥국다이렉트개인용자동차보험(CM) | 최종 보험료 | 1,025,520원 | 총 보험료 | 결제 1,329,300원 | 마일리지 환급 303,780원 | 바로 가입하기",기아,PV5,2025,PV5 패신저,플러스,,,
1,2026-08-28 17:19:34,14로6902,2026-08-31,본인,흥국화재,"1,025,520","1,329,300","303,780","흥국화재 | 흥국다이렉트개인용자동차보험(CM) | 최종 보험료 | 1,025,520원 | 총 보험료 | 결제 1,329,300원 | 마일리지 환급 303,780원 | 바로 가입하기",현대,쏘나타,2026,쏘나타 디 엣지 2.0,프리미엄,,,
2,2026-08-28 15:58:43,14로6902,2026-09-01,본인,AXA,"1,254,350","1,815,250","560,900","AXA손해보험 | 다이렉트 자동차보험 | 최종 보험료 | 1,254,350원 | 총 보험료 | 결제 1,815,250원 | 마일리지 환급 560,900원 | 마일리지 선할인 551,090원 | 바로 가입하기",기아,PV5,2025,PV5 패신저,플러스,,,
2,2026-08-28 15:58:43,14로6902,2026-09-01,본인,DB손해보험,"1,080,490","1,401,350","320,860","DB손해보험 | 프로미카 다이렉트개인용자동차보험(플랫폼) | 최종 보험료 | 1,080,490원 | 총 보험료 | 결제 1,401,350원 | 마일리지 환급 320,860원 | 바로 가입하기",기아,PV5,2025,PV5 패신저,플러스,,,
2,2026-08-28 15:58:43,14로6902,2026-09-01,본인,KB손해보험,"947,280","1,278,210","330,930","KB손해보험 | KB다이렉트(플랫폼)개인용자동차보험 | 최종 보험료 | 947,280원 | 총 보험료 | 결제 1,278,210원 | 마일리지 환급 330,930원 | 바로 가입하기",기아,PV5,2025,PV5 패신저,플러스,,,
2,2026-08-28 15:58:43,14로6902,2026-09-01,본인,롯데손해보험,"1,091,420","1,311,210","219,790","롯데손해보험 | let:click 개인용자동차보험(인터넷) | 최종 보험료 | 1,091,420원 | 총 보험료 | 결제 1,311,210원 | 마일리지 환급 219,790원 | 바로 가입하기",기아,PV5,2025,PV5 패신저,플러스,,,
2,2026-08-28 15:58:43,14로6902,2026-09-01,본인,메리츠화재,"915,970","1,321,940","405,970","메리츠화재 | 메리츠화재 다이렉트 자동차보험(CM) | 최종 보험료 | 915,970원 | 총 보험료 | 결제 1,321,940원 | 마일리지 환급 405,970원 | 바로 가입하기",기아,PV5,2025,PV5 패신저,플러스,,,
2,2026-08-28 15:58:43,14로6902,2026-09-01,본인,삼성화재,"1,041,960","1,268,260","226,300","삼성화재 | 개인용애니카다이렉트자동차보험(플랫폼) | 최종 보험료 | 1,041,960원 | 총 보험료 | 결제 1,268,260원 | 마일리지 환급 226,300원 | 바로 가입하기",기아,PV5,2025,PV5 패신저,플러스,,,
2,2026-08-28 15:58:43,14로6902,2026-09-01,본인,하나손해보험,"978,450","1,279,260","300,810","하나손해보험 | 하나 다이렉트 자동차보험 | 최종 보험료 | 978,450원 | 총 보험료 | 결제 1,279,260원 | 마일리지 환급 300,810원 | 마일리지 선할인 288,120원 | 바로 가입하기",기아,PV5,2025,PV5 패신저,플러스,,,
2,2026-08-28 15:58:43,14로6902,2026-09-01,본인,한화손보,"1,043,350","1,331,000","287,650","한화손보 | 캐롯 자동차보험 | 최종 보험료 | 1,043,350원 | 총 보험료 | 결제 1,331,000원 | 마일리지 환급 287,650원 | 월 납입 시 153,420원 | 바로 가입하기",기아,PV5,2025,PV5 패신저,플러스,,,
2,2026-08-28 15:58:43,14로6902,2026-09-01,본인,현대해상,"998,520","1,381,170","382,650","현대해상 | Hicar 다이렉트 개인용자동차보험(플랫폼) | 최종 보험료 | 998,520원 | 총 보험료 | 결제 1,381,170원 | 마일리지 환급 382,650원 | 바로 가입하기",기아,PV5,2025,PV5 패신저,플러스,,,
2,2026-08-28 15:58:43,14로6902,2026-09-01,본인,흥국화재,"971,690","1,292,750","321,060","흥국화재 | 흥국다이렉트개인용자동차보험(CM) | 최종 보험료 | 971,690원 | 총 보험료 | 결제 1,292,750원 | 마일리지 환급 321,060원 | 바로 가입하기",기아,PV5,2025,PV5 패신저,플러스,,,
3,2026-08-28 15:59:29,14로6902,2026-09-06,본인,AXA,"1,254,350","1,815,250","560,900","AXA손해보험 | 다이렉트 자동차보험 | 최종 보험료 | 1,254,350원 | 총 보험료 | 결제 1,815,250원 | 마일리지 환급 560,900원 | 마일리지 선할인 551,090원 | 바로 가입하기",기아,PV5,2025,PV5 패신저,플러스,,,
3,2026-08-28 15:59:29,14로6902,2026-09-06,본인,DB손해보험,"1,080,490","1,401,350","320,860","DB손해보험 | 프로미카 다이렉트개인용자동차보험(플랫폼) | 최종 보험료 | 1,080,490원 | 총 보험료 | 결제 1,401,350원 | 마일리지 환급 320,860원 | 바로 가입하기",기아,PV5,2025,PV5 패신저,플러스,,,
3,2026-08-28 15:59:29,14로6902,2026-09-06,본인,KB손해보험,"946,610","1,277,290","330,680","KB손해보험 | KB다이렉트(플랫폼)개인용자동차보험 | 최종 보험료 | 946,610원 | 총 보험료 | 결제 1,277,290원 | 마일리지 환급 330,680원 | 바로 가입하기",기아,PV5,2025,PV5 패신저,플러스,,,
3,2026-08-28 15:59:29,14로6902,2026-09-06,본인,롯데손해보험,"1,091,420","1,311,210","219,790","롯데손해보험 | let:click 개인용자동차보험(인터넷) | 최종 보험료 | 1,091,420원 | 총 보험료 | 결제 1,311,210원 | 마일리지 환급 219,790원 | 바로 가입하기",기아,PV5,2025,PV5 패신저,플러스,,,
3,2026-08-28 15:59:29,14로6902,2026-09-06,본인,메리츠화재,"915,970","1,321,940","405,970","메리츠화재 | 메리츠화재 다이렉트 자동차보험(CM) | 최종 보험료 | 915,970원 | 총 보험료 | 결제 1,321,940원 | 마일리지 환급 405,970원 | 바로 가입하기",기아,PV5,2025,PV5 패신저,플러스,,,
3,2026-08-28 15:59:29,14로6902,2026-09-06,본인,삼성화재,"1,041,960","1,268,260","226,300","삼성화재 | 개인용애니카다이렉트자동차보험(플랫폼) | 최종 보험료 | 1,041,960원 | 총 보험료 | 결제 1,268,260원 | 마일리지 환급 226,300원 | 바로 가입하기",기아,PV5,2025,PV5 패신저,플러스,,,
3,2026-08-28 15:59:29,14로6902,2026-09-06,본인,하나손해보험,"982,840","1,285,020","302,180","하나손해보험 | 하나 다이렉트 자동차보험 | 최종 보험료 | 982,840원 | 총 보험료 | 결제 1,285,020원 | 마일리지 환급 302,180원 | 마일리지 선할인 289,430원 | 바로 가입하기",기아,PV5,2025,PV5 패신저,플러스,,,
3,2026-08-28 15:59:29,14로6902,2026-09-06,본인,한화손보,"1,045,350","1,333,550","288,200","한화손보 | 캐롯 자동차보험 | 최종 보험료 | 1,045,350원 | 총 보험료 | 결제 1,333,550원 | 마일리지 환급 288,200원 | 월 납입 시 153,710원 | 바로 가입하기",기아,PV5,2025,PV5 패신저,플러스,,,
3,2026-08-28 15:59:29,14로6902,2026-09-06,본인,현대해상,"971,960","1,344,320","372,360","현대해상 | Hicar 다이렉트 개인용자동차보험(플랫폼) | 최종 보험료 | 971,960원 | 총 보험료 | 결제 1,344,320원 | 마일리지 환급 372,360원 | 바로 가입하기",기아,PV5,2025,PV5 패신저,플러스,,,
3,2026-08-28 15:59:29,14로6902,2026-09-06,본인,흥국화재,"971,690","1,292,750","321,060","흥국화재 | 흥국다이렉트개인용자동차보험(CM) | 최종 보험료 | 971,690원 | 총 보험료 | 결제 1,292,750원 | 마일리지 환급 321,060원 | 바로 가입하기",기아,PV5,2025,PV5 패신저,플러스,,,
4,2026-08-28 16:00:18,14로6902,2026-09-11,본인,AXA,"1,254,350","1,815,250","560,900","AXA손해보험 | 다이렉트 자동차보험 | 최종 보험료 | 1,254,350원 | 총 보험료 | 결제 1,815,250원 | 마일리지 환급 560,900원 | 마일리지 선할인 551,090원 | 바로 가입하기",기아,PV5,2025,PV5 패신저,플러스,,,
4,2026-08-28 16:00:18,14로6902,2026-09-11,본인,DB손해보험,"1,080,490","1,401,350","320,860","DB손해보험 | 프로미카 다이렉트개인용자동차보험(플랫폼) | 최종 보험료 | 1,080,490원 | 총 보험료 | 결제 1,401,350원 | 마일리지 환급 320,860원 | 바로 가입하기",기아,PV5,2025,PV5 패신저,플러스,,,
4,2026-08-28 16:00:18,14로6902,2026-09-11,본인,KB손해보험,"946,610","1,277,290","330,680","KB손해보험 | KB다이렉트(플랫폼)개인용자동차보험 | 최종 보험료 | 946,610원 | 총 보험료 | 결제 1,277,290원 | 마일리지 환급 330,680원 | 바로 가입하기",기아,PV5,2025,PV5 패신저,플러스,,,
4,2026-08-28 16:00:18,14로6902,2026-09-11,본인,롯데손해보험,"1,091,420","1,311,210","219,790","롯데손해보험 | let:click 개인용자동차보험(인터넷) | 최종 보험료 | 1,091,420원 | 총 보험료 | 결제 1,311,210원 | 마일리지 환급 219,790원 | 바로 가입하기",기아,PV5,2025,PV5 패신저,플러스,,,
4,2026-08-28 16:00:18,14로6902,2026-09-11,본인,메리츠화재,"919,030","1,326,370","407,340","메리츠화재 | 메리츠화재 다이렉트 자동차보험(CM) | 최종 보험료 | 919,030원 | 총 보험료 | 결제 1,326,370원 | 마일리지 환급 407,340원 | 바로 가입하기",기아,PV5,2025,PV5 패신저,플러스,,,
4,2026-08-28 16:00:18,14로6902,2026-09-11,본인,삼성화재,"1,041,960","1,268,260","226,300","삼성화재 | 개인용애니카다이렉트자동차보험(플랫폼) | 최종 보험료 | 1,041,960원 | 총 보험료 | 결제 1,268,260원 | 마일리지 환급 226,300원 | 바로 가입하기",기아,PV5,2025,PV5 패신저,플러스,,,
4,2026-08-28 16:00:18,14로6902,2026-09-11,본인,하나손해보험,"982,840","1,285,020","302,180","하나손해보험 | 하나 다이렉트 자동차보험 | 최종 보험료 | 982,840원 | 총 보험료 | 결제 1,285,020원 | 마일리지 환급 302,180원 | 마일리지 선할인 289,430원 | 바로 가입하기",기아,PV5,2025,PV5 패신저,플러스,,,
4,2026-08-28 16:00:18,14로6902,2026-09-11,본인,한화손보,"1,045,350","1,333,550","288,200","한화손보 | 캐롯 자동차보험 | 최종 보험료 | 1,045,350원 | 총 보험료 | 결제 1,333,550원 | 마일리지 환급 288,200원 | 월 납입 시 153,710원 | 바로 가입하기",기아,PV5,2025,PV5 패신저,플러스,,,
4,2026-08-28 16:00:18,14로6902,2026-09-11,본인,현대해상,"971,960","1,344,320","372,360","현대해상 | Hicar 다이렉트 개인용자동차보험(플랫폼) | 최종 보험료 | 971,960원 | 총 보험료 | 결제 1,344,320원 | 마일리지 환급 372,360원 | 바로 가입하기",기아,PV5,2025,PV5 패신저,플러스,,,
4,2026-08-28 16:00:18,14로6902,2026-09-11,본인,흥국화재,"971,690","1,292,750","321,060","흥국화재 | 흥국다이렉트개인용자동차보험(CM) | 최종 보험료 | 971,690원 | 총 보험료 | 결제 1,292,750원 | 마일리지 환급 321,060원 | 바로 가입하기",기아,PV5,2025,PV5 패신저,플러스,,,
5,2026-08-28 16:01:03,14로6902,2026-09-16,본인,AXA,"1,254,350","1,815,250","560,900","AXA손해보험 | 다이렉트 자동차보험 | 최종 보험료 | 1,254,350원 | 총 보험료 | 결제 1,815,250원 | 마일리지 환급 560,900원 | 마일리지 선할인 551,090원 | 바로 가입하기",기아,PV5,2025,PV5 패신저,플러스,,,
5,2026-08-28 16:01:03,14로6902,2026-09-16,본인,DB손해보험,"1,080,490","1,401,350","320,860","DB손해보험 | 프로미카 다이렉트개인용자동차보험(플랫폼) | 최종 보험료 | 1,080,490원 | 총 보험료 | 결제 1,401,350원 | 마일리지 환급 320,860원 | 바로 가입하기",기아,PV5,2025,PV5 패신저,플러스,,,
5,2026-08-28 16:01:03,14로6902,2026-09-16,본인,KB손해보험,"946,610","1,277,290","330,680","KB손해보험 | KB다이렉트(플랫폼)개인용자동차보험 | 최종 보험료 | 946,610원 | 총 보험료 | 결제 1,277,290원 | 마일리지 환급 330,680원 | 바로 가입하기",기아,PV5,2025,PV5 패신저,플러스,,,
5,2026-08-28 16:01:03,14로6902,2026-09-16,본인,롯데손해보험,"1,091,420","1,311,210","219,790","롯데손해보험 | let:click 개인용자동차보험(인터넷) | 최종 보험료 | 1,091,420원 | 총 보험료 | 결제 1,311,210원 | 마일리지 환급 219,790원 | 바로 가입하기",기아,PV5,2025,PV5 패신저,플러스,,,
5,2026-08-28 16:01:03,14로6902,2026-09-16,본인,메리츠화재,"921,370","1,329,760","408,390","메리츠화재 | 메리츠화재 다이렉트 자동차보험(CM) | 최종 보험료 | 921,370원 | 총 보험료 | 결제 1,329,760원 | 마일리지 환급 408,390원 | 바로 가입하기",기아,PV5,2025,PV5 패신저,플러스,,,
5,2026-08-28 16:01:03,14로6902,2026-09-16,본인,삼성화재,"1,041,960","1,268,260","226,300","삼성화재 | 개인용애니카다이렉트자동차보험(플랫폼) | 최종 보험료 | 1,041,960원 | 총 보험료 | 결제 1,268,260원 | 마일리지 환급 226,300원 | 바로 가입하기",기아,PV5,2025,PV5 패신저,플러스,,,
5,2026-08-28 16:01:03,14로6902,2026-09-16,본인,하나손해보험,"1,004,110","1,312,900","308,790","하나손해보험 | 하나 다이렉트 자동차보험 | 최종 보험료 | 1,004,110원 | 총 보험료 | 결제 1,312,900원 | 마일리지 환급 308,790원 | 마일리지 선할인 295,760원 | 바로 가입하기",기아,PV5,2025,PV5 패신저,플러스,,,
5,2026-08-28 16:01:03,14로6902,2026-09-16,본인,한화손보,"1,049,950","1,339,430","289,480","한화손보 | 캐롯 자동차보험 | 최종 보험료 | 1,049,950원 | 총 보험료 | 결제 1,339,430원 | 마일리지 환급 289,480원 | 월 납입 시 154,330원 | 바로 가입하기",기아,PV5,2025,PV5 패신저,플러스,,,
5,2026-08-28 16:01:03,14로6902,2026-09-16,본인,현대해상,"971,960","1,344,320","372,360","현대해상 | Hicar 다이렉트 개인용자동차보험(플랫폼) | 최종 보험료 | 971,960원 | 총 보험료 | 결제 1,344,320원 | 마일리지 환급 372,360원 | 바로 가입하기",기아,PV5,2025,PV5 패신저,플러스,,,
5,2026-08-28 16:01:03,14로6902,2026-09-16,본인,흥국화재,"971,690","1,292,750","321,060","흥국화재 | 흥국다이렉트개인용자동차보험(CM) | 최종 보험료 | 971,690원 | 총 보험료 | 결제 1,292,750원 | 마일리지 환급 321,060원 | 바로 가입하기",기아,PV5,2025,PV5 패신저,플러스,,,
6,2026-08-28 16:02:08,14로6902,2026-09-21,본인,AXA,"1,254,350","1,815,250","560,900","AXA손해보험 | 다이렉트 자동차보험 | 최종 보험료 | 1,254,350원 | 총 보험료 | 결제 1,815,250원 | 마일리지 환급 560,900원 | 마일리지 선할인 551,090원 | 바로 가입하기",기아,PV5,2025,PV5 패신저,플러스,,,
6,2026-08-28 16:02:08,14로6902,2026-09-21,본인,DB손해보험,"1,080,490","1,401,350","320,860","DB손해보험 | 프로미카 다이렉트개인용자동차보험(플랫폼) | 최종 보험료 | 1,080,490원 | 총 보험료 | 결제 1,401,350원 | 마일리지 환급 320,860원 | 바로 가입하기",기아,PV5,2025,PV5 패신저,플러스,,,
6,2026-08-28 16:02:08,14로6902,2026-09-21,본인,KB손해보험,"946,610","1,277,290","330,680","KB손해보험 | KB다이렉트(플랫폼)개인용자동차보험 | 최종 보험료 | 946,610원 | 총 보험료 | 결제 1,277,290원 | 마일리지 환급 330,680원 | 바로 가입하기",기아,PV5,2025,PV5 패신저,플러스,,,
6,2026-08-28 16:02:08,14로6902,2026-09-21,본인,롯데손해보험,"1,091,420","1,311,210","219,790","롯데손해보험 | let:click 개인용자동차보험(인터넷) | 최종 보험료 | 1,091,420원 | 총 보험료 | 결제 1,311,210원 | 마일리지 환급 219,790원 | 바로 가입하기",기아,PV5,2025,PV5 패신저,플러스,,,
6,2026-08-28 16:02:08,14로6902,2026-09-21,본인,메리츠화재,"921,370","1,329,760","408,390","메리츠화재 | 메리츠화재 다이렉트 자동차보험(CM) | 최종 보험료 | 921,370원 | 총 보험료 | 결제 1,329,760원 | 마일리지 환급 408,390원 | 바로 가입하기",기아,PV5,2025,PV5 패신저,플러스,,,
6,2026-08-28 16:02:08,14로6902,2026-09-21,본인,삼성화재,"1,041,960","1,268,260","226,300","삼성화재 | 개인용애니카다이렉트자동차보험(플랫폼) | 최종 보험료 | 1,041,960원 | 총 보험료 | 결제 1,268,260원 | 마일리지 환급 226,300원 | 바로 가입하기",기아,PV5,2025,PV5 패신저,플러스,,,
6,2026-08-28 16:02:08,14로6902,2026-09-21,본인,하나손해보험,"1,004,110","1,312,900","308,790","하나손해보험 | 하나 다이렉트 자동차보험 | 최종 보험료 | 1,004,110원 | 총 보험료 | 결제 1,312,900원 | 마일리지 환급 308,790원 | 마일리지 선할인 295,760원 | 바로 가입하기",기아,PV5,2025,PV5 패신저,플러스,,,
6,2026-08-28 16:02:08,14로6902,2026-09-21,본인,한화손보,"1,049,950","1,339,430","289,480","한화손보 | 캐롯 자동차보험 | 최종 보험료 | 1,049,950원 | 총 보험료 | 결제 1,339,430원 | 마일리지 환급 289,480원 | 월 납입 시 154,330원 | 바로 가입하기",기아,PV5,2025,PV5 패신저,플러스,,,
6,2026-08-28 16:02:08,14로6902,2026-09-21,본인,현대해상,"971,960","1,344,320","372,360","현대해상 | Hicar 다이렉트 개인용자동차보험(플랫폼) | 최종 보험료 | 971,960원 | 총 보험료 | 결제 1,344,320원 | 마일리지 환급 372,360원 | 바로 가입하기",기아,PV5,2025,PV5 패신저,플러스,,,
6,2026-08-28 16:02:08,14로6902,2026-09-21,본인,흥국화재,"971,690","1,292,750","321,060","흥국화재 | 흥국다이렉트개인용자동차보험(CM) | 최종 보험료 | 971,690원 | 총 보험료 | 결제 1,292,750원 | 마일리지 환급 321,060원 | 바로 가입하기",기아,PV5,2025,PV5 패신저,플러스,,,
7,2026-08-28 16:02:50,14로6902,2026-09-26,본인,AXA,"1,254,350","1,815,250","560,900","AXA손해보험 | 다이렉트 자동차보험 | 최종 보험료 | 1,254,350원 | 총 보험료 | 결제 1,815,250원 | 마일리지 환급 560,900원 | 마일리지 선할인 551,090원 | 바로 가입하기",기아,PV5,2025,PV5 패신저,플러스,,,
7,2026-08-28 16:02:50,14로6902,2026-09-26,본인,DB손해보험,"1,080,490","1,401,350","320,860","DB손해보험 | 프로미카 다이렉트개인용자동차보험(플랫폼) | 최종 보험료 | 1,080,490원 | 총 보험료 | 결제 1,401,350원 | 마일리지 환급 320,860원 | 바로 가입하기",기아,PV5,2025,PV5 패신저,플러스,,,
7,2026-08-28 16:02:50,14로6902,2026-09-26,본인,KB손해보험,"946,610","1,277,290","330,680","KB손해보험 | KB다이렉트(플랫폼)개인용자동차보험 | 최종 보험료 | 946,610원 | 총 보험료 | 결제 1,277,290원 | 마일리지 환급 330,680원 | 바로 가입하기",기아,PV5,2025,PV5 패신저,플러스,,,
7,2026-08-28 16:02:50,14로6902,2026-09-26,본인,롯데손해보험,"1,091,420","1,311,210","219,790","롯데손해보험 | let:click 개인용자동차보험(인터넷) | 최종 보험료 | 1,091,420원 | 총 보험료 | 결제 1,311,210원 | 마일리지 환급 219,790원 | 바로 가입하기",기아,PV5,2025,PV5 패신저,플러스,,,
7,2026-08-28 16:02:50,14로6902,2026-09-26,본인,메리츠화재,"905,550","1,306,830","401,280","메리츠화재 | 메리츠화재 다이렉트 자동차보험(CM) | 최종 보험료 | 905,550원 | 총 보험료 | 결제 1,306,830원 | 마일리지 환급 401,280원 | 바로 가입하기",기아,PV5,2025,PV5 패신저,플러스,,,
7,2026-08-28 16:02:50,14로6902,2026-09-26,본인,삼성화재,"1,041,830","1,268,100","226,270","삼성화재 | 개인용애니카다이렉트자동차보험(플랫폼) | 최종 보험료 | 1,041,830원 | 총 보험료 | 결제 1,268,100원 | 마일리지 환급 226,270원 | 바로 가입하기",기아,PV5,2025,PV5 패신저,플러스,,,
7,2026-08-28 16:02:50,14로6902,2026-09-26,본인,하나손해보험,"1,004,110","1,312,900","308,790","하나손해보험 | 하나 다이렉트 자동차보험 | 최종 보험료 | 1,004,110원 | 총 보험료 | 결제 1,312,900원 | 마일리지 환급 308,790원 | 마일리지 선할인 295,760원 | 바로 가입하기",기아,PV5,2025,PV5 패신저,플러스,,,
7,2026-08-28 16:02:50,14로6902,2026-09-26,본인,한화손보,"1,049,950","1,339,430","289,480","한화손보 | 캐롯 자동차보험 | 최종 보험료 | 1,049,950원 | 총 보험료 | 결제 1,339,430원 | 마일리지 환급 289,480원 | 월 납입 시 154,330원 | 바로 가입하기",기아,PV5,2025,PV5 패신저,플러스,,,
7,2026-08-28 16:02:50,14로6902,2026-09-26,본인,현대해상,"971,960","1,344,320","372,360","현대해상 | Hicar 다이렉트 개인용자동차보험(플랫폼) | 최종 보험료 | 971,960원 | 총 보험료 | 결제 1,344,320원 | 마일리지 환급 372,360원 | 바로 가입하기",기아,PV5,2025,PV5 패신저,플러스,,,
7,2026-08-28 16:02:50,14로6902,2026-09-26,본인,흥국화재,"971,690","1,292,750","321,060","흥국화재 | 흥국다이렉트개인용자동차보험(CM) | 최종 보험료 | 971,690원 | 총 보험료 | 결제 1,292,750원 | 마일리지 환급 321,060원 | 바로 가입하기",기아,PV5,2025,PV5 패신저,플러스,,,
1,2026-08-31 15:49:47,14로6902,2026-08-31,본인,AXA,"323,730","464,730","141,000","AXA손해보험 | 다이렉트 자동차보험 | 최종 보험료 | 323,730원 | 총 보험료 | 결제 464,730원 | 마일리지 환급 141,000원 | 마일리지 선할인 138,550원 | 바로 가입하기",현대,쏘나타,2026,쏘나타 디 엣지 2.0,프리미엄,id1,56,남
8,2026-08-31 16:00:08,14로6902,2026-08-31,본인,AXA,"339,210","479,920","140,710","AXA손해보험 | 다이렉트 자동차보험 | 최종 보험료 | 339,210원 | 총 보험료 | 결제 479,920원 | 마일리지 환급 140,710원 | 마일리지 선할인 138,240원 | 바로 가입하기",현대,캐스퍼,2023,캐스퍼 1.0,스마트,id1,56,남
15,2026-08-31 16:11:46,14로6902,2026-08-31,본인,AXA,"430,580","553,180","122,600","AXA손해보험 | 다이렉트 자동차보험 | 최종 보험료 | 430,580원 | 총 보험료 | 결제 553,180원 | 마일리지 환급 122,600원 | 마일리지 선할인 119,450원 | 바로 가입하기",기아,모닝,2020,올뉴 모닝(2017),럭셔리,id1,56,남
22,2026-08-31 16:23:13,14로6902,2026-08-31,본인,AXA,"452,900","585,410","132,510","AXA손해보험 | 다이렉트 자동차보험 | 최종 보험료 | 452,900원 | 총 보험료 | 결제 585,410원 | 마일리지 환급 132,510원 | 마일리지 선할인 129,100원 | 바로 가입하기",현대,아반떼,2017,아반떼AD 1.6GDI,밸류플러스,id1,56,남
29,2026-08-31 16:35:12,14로6902,2026-08-31,본인,AXA,"467,430","601,890","134,460","AXA손해보험 | 다이렉트 자동차보험 | 최종 보험료 | 467,430원 | 총 보험료 | 결제 601,890원 | 마일리지 환급 134,460원 | 마일리지 선할인 131,020원 | 바로 가입하기",기아,K5,2014,K5 2.0,프레스티지,id1,56,남
36,2026-08-31 16:48:24,14로6902,2026-08-31,본인,AXA,"310,230","445,520","135,290","AXA손해보험 | 다이렉트 자동차보험 | 최종 보험료 | 310,230원 | 총 보험료 | 결제 445,520원 | 마일리지 환급 135,290원 | 마일리지 선할인 132,920원 | 바로 가입하기",현대,제네시스,2026,제네시스 G80 2.5T(2024년형),2WD,id1,56,남
43,2026-08-31 16:59:55,14로6902,2026-08-31,본인,AXA,"345,480","490,720","145,240","AXA손해보험 | 다이렉트 자동차보험 | 최종 보험료 | 345,480원 | 총 보험료 | 결제 490,720원 | 마일리지 환급 145,240원 | 마일리지 선할인 142,710원 | 바로 가입하기",현대,그랜져,2020,그랜져 IG(2019년형),IG240 프리미엄,id1,56,남
50,2026-08-31 17:11:27,14로6902,2026-08-31,본인,AXA,"479,860","618,730","138,870","AXA손해보험 | 다이렉트 자동차보험 | 최종 보험료 | 479,860원 | 총 보험료 | 결제 618,730원 | 마일리지 환급 138,870원 | 마일리지 선할인 135,290원 | 바로 가입하기",기아,카니발,2017,"올뉴카니발2.2(디젤,9인승)",프레스티지,id1,56,남
57,2026-08-31 17:25:19,14로6902,2026-08-31,본인,AXA,"462,830","595,890","133,060","AXA손해보험 | 다이렉트 자동차보험 | 최종 보험료 | 462,830원 | 총 보험료 | 결제 595,890원 | 마일리지 환급 133,060원 | 마일리지 선할인 129,660원 | 바로 가입하기",기아,스포티지,2014,스포티지R GDI(2WD),럭셔리,id1,56,남
64,2026-08-31 17:37:52,14로6902,2026-08-31,본인,AXA,"496,530","712,290","215,760","AXA손해보험 | 다이렉트 자동차보험 | 최종 보험료 | 496,530원 | 총 보험료 | 결제 712,290원 | 마일리지 환급 215,760원 | 마일리지 선할인 211,980원 | 바로 가입하기",벤츠,Mercedes Benz E-Class,2023,New E 250,Avantgarde,id1,56,남
71,2026-08-31 17:51:11,14로6902,2026-08-31,본인,AXA,"337,230","482,440","145,210","AXA손해보험 | 다이렉트 자동차보험 | 최종 보험료 | 337,230원 | 총 보험료 | 결제 482,440원 | 마일리지 환급 145,210원 | 마일리지 선할인 142,660원 | 바로 가입하기",기아,RAY,2025,THE NEW RAY 1.0,베스트 셀렉션,id1,56,남
78,2026-08-31 18:03:25,14로6902,2026-08-31,본인,AXA,"395,410","659,490","264,080","AXA손해보험 | 다이렉트 자동차보험 | 최종 보험료 | 395,410원 | 총 보험료 | 결제 659,490원 | 마일리지 환급 264,080원 | 마일리지 선할인 261,130원 | 바로 가입하기",현대,아이오닉,2020,더 뉴 아이오닉 플러그인 하이브리드,큐,id1,56,남
106,2026-08-31 18:50:47,14로6902,2026-08-31,본인,AXA,"409,460","584,780","175,320","AXA손해보험 | 다이렉트 자동차보험 | 최종 보험료 | 409,460원 | 총 보험료 | 결제 584,780원 | 마일리지 환급 175,320원 | 마일리지 선할인 172,260원 | 바로 가입하기",현대,스타리아,2022,스타리아 라운지,리무진(2WD),id1,56,남
1,2026-08-31 15:49:47,14로6902,2026-08-31,본인,DB손해보험,"427,160","532,810","105,650","DB손해보험 | 프로미카 다이렉트개인용자동차보험(플랫폼) | 최종 보험료 | 427,160원 | 총 보험료 | 결제 532,810원 | 마일리지 환급 105,650원 | 바로 가입하기",현대,쏘나타,2026,쏘나타 디 엣지 2.0,프리미엄,id1,56,남
8,2026-08-31 16:00:08,14로6902,2026-08-31,본인,DB손해보험,"384,520","476,360","91,840","DB손해보험 | 프로미카 다이렉트개인용자동차보험(플랫폼) | 최종 보험료 | 384,520원 | 총 보험료 | 결제 476,360원 | 마일리지 환급 91,840원 | 바로 가입하기",현대,캐스퍼,2023,캐스퍼 1.0,스마트,id1,56,남
15,2026-08-31 16:11:46,14로6902,2026-08-31,본인,DB손해보험,"448,890","556,710","107,820","DB손해보험 | 프로미카 다이렉트개인용자동차보험(플랫폼) | 최종 보험료 | 448,890원 | 총 보험료 | 결제 556,710원 | 마일리지 환급 107,820원 | 바로 가입하기",기아,모닝,2020,올뉴 모닝(2017),럭셔리,id1,56,남
22,2026-08-31 16:23:13,14로6902,2026-08-31,본인,DB손해보험,"525,250","652,450","127,200","DB손해보험 | 프로미카 다이렉트개인용자동차보험(플랫폼) | 최종 보험료 | 525,250원 | 총 보험료 | 결제 652,450원 | 마일리지 환급 127,200원 | 바로 가입하기",현대,아반떼,2017,아반떼AD 1.6GDI,밸류플러스,id1,56,남
29,2026-08-31 16:35:12,14로6902,2026-08-31,본인,DB손해보험,"512,710","635,550","122,840","DB손해보험 | 프로미카 다이렉트개인용자동차보험(플랫폼) | 최종 보험료 | 512,710원 | 총 보험료 | 결제 635,550원 | 마일리지 환급 122,840원 | 바로 가입하기",기아,K5,2014,K5 2.0,프레스티지,id1,56,남
36,2026-08-31 16:48:24,14로6902,2026-08-31,본인,DB손해보험,"375,720","468,640","92,920","DB손해보험 | 프로미카 다이렉트개인용자동차보험(플랫폼) | 최종 보험료 | 375,720원 | 총 보험료 | 결제 468,640원 | 마일리지 환급 92,920원 | 바로 가입하기",현대,제네시스,2026,제네시스 G80 2.5T(2024년형),2WD,id1,56,남
43,2026-08-31 16:59:55,14로6902,2026-08-31,본인,DB손해보험,"411,970","511,490","99,520","DB손해보험 | 프로미카 다이렉트개인용자동차보험(플랫폼) | 최종 보험료 | 411,970원 | 총 보험료 | 결제 511,490원 | 마일리지 환급 99,520원 | 바로 가입하기",현대,그랜져,2020,그랜져 IG(2019년형),IG240 프리미엄,id1,56,남
50,2026-08-31 17:11:27,14로6902,2026-08-31,본인,DB손해보험,"531,560","683,850","152,290","DB손해보험 | 프로미카 다이렉트개인용자동차보험(플랫폼) | 최종 보험료 | 531,560원 | 총 보험료 | 결제 683,850원 | 마일리지 환급 152,290원 | 바로 가입하기",기아,카니발,2017,"올뉴카니발2.2(디젤,9인승)",프레스티지,id1,56,남
57,2026-08-31 17:25:19,14로6902,2026-08-31,본인,DB손해보험,"529,270","656,240","126,970","DB손해보험 | 프로미카 다이렉트개인용자동차보험(플랫폼) | 최종 보험료 | 529,270원 | 총 보험료 | 결제 656,240원 | 마일리지 환급 126,970원 | 바로 가입하기",기아,스포티지,2014,스포티지R GDI(2WD),럭셔리,id1,56,남
64,2026-08-31 17:37:52,14로6902,2026-08-31,본인,DB손해보험,"543,850","676,880","133,030","DB손해보험 | 프로미카 다이렉트개인용자동차보험(플랫폼) | 최종 보험료 | 543,850원 | 총 보험료 | 결제 676,880원 | 마일리지 환급 133,030원 | 바로 가입하기",벤츠,Mercedes Benz E-Class,2023,New E 250,Avantgarde,id1,56,남
71,2026-08-31 17:51:11,14로6902,2026-08-31,본인,DB손해보험,"415,330","515,900","100,570","DB손해보험 | 프로미카 다이렉트개인용자동차보험(플랫폼) | 최종 보험료 | 415,330원 | 총 보험료 | 결제 515,900원 | 마일리지 환급 100,570원 | 바로 가입하기",기아,RAY,2025,THE NEW RAY 1.0,베스트 셀렉션,id1,56,남
78,2026-08-31 18:03:25,14로6902,2026-08-31,본인,DB손해보험,"555,020","690,010","134,990","DB손해보험 | 프로미카 다이렉트개인용자동차보험(플랫폼) | 최종 보험료 | 555,020원 | 총 보험료 | 결제 690,010원 | 마일리지 환급 134,990원 | 바로 가입하기",현대,아이오닉,2020,더 뉴 아이오닉 플러그인 하이브리드,큐,id1,56,남
106,2026-08-31 18:50:47,14로6902,2026-08-31,본인,DB손해보험,"532,160","686,580","154,420","DB손해보험 | 프로미카 다이렉트개인용자동차보험(플랫폼) | 최종 보험료 | 532,160원 | 총 보험료 | 결제 686,580원 | 마일리지 환급 154,420원 | 바로 가입하기",현대,스타리아,2022,스타리아 라운지,리무진(2WD),id1,56,남
1,2026-08-31 15:49:47,14로6902,2026-08-31,본인,KB손해보험,"337,560","454,490","116,930","KB손해보험 | KB다이렉트(플랫폼)개인용자동차보험 | 최종 보험료 | 337,560원 | 총 보험료 | 결제 454,490원 | 마일리지 환급 116,930원 | 바로 가입하기",현대,쏘나타,2026,쏘나타 디 엣지 2.0,프리미엄,id1,56,남
8,2026-08-31 16:00:08,14로6902,2026-08-31,본인,KB손해보험,"332,460","442,540","110,080","KB손해보험 | KB다이렉트(플랫폼)개인용자동차보험 | 최종 보험료 | 332,460원 | 총 보험료 | 결제 442,540원 | 마일리지 환급 110,080원 | 바로 가입하기",현대,캐스퍼,2023,캐스퍼 1.0,스마트,id1,56,남
15,2026-08-31 16:11:46,14로6902,2026-08-31,본인,KB손해보험,"385,080","491,040","105,960","KB손해보험 | KB다이렉트(플랫폼)개인용자동차보험 | 최종 보험료 | 385,080원 | 총 보험료 | 결제 491,040원 | 마일리지 환급 105,960원 | 바로 가입하기",기아,모닝,2020,올뉴 모닝(2017),럭셔리,id1,56,남
22,2026-08-31 16:23:13,14로6902,2026-08-31,본인,KB손해보험,"451,060","577,520","126,460","KB손해보험 | KB다이렉트(플랫폼)개인용자동차보험 | 최종 보험료 | 451,060원 | 총 보험료 | 결제 577,520원 | 마일리지 환급 126,460원 | 바로 가입하기",현대,아반떼,2017,아반떼AD 1.6GDI,밸류플러스,id1,56,남
29,2026-08-31 16:35:12,14로6902,2026-08-31,본인,KB손해보험,"465,060","593,720","128,660","KB손해보험 | KB다이렉트(플랫폼)개인용자동차보험 | 최종 보험료 | 465,060원 | 총 보험료 | 결제 593,720원 | 마일리지 환급 128,660원 | 바로 가입하기",기아,K5,2014,K5 2.0,프레스티지,id1,56,남
36,2026-08-31 16:48:24,14로6902,2026-08-31,본인,KB손해보험,"329,320","443,860","114,540","KB손해보험 | KB다이렉트(플랫폼)개인용자동차보험 | 최종 보험료 | 329,320원 | 총 보험료 | 결제 443,860원 | 마일리지 환급 114,540원 | 바로 가입하기",현대,제네시스,2026,제네시스 G80 2.5T(2024년형),2WD,id1,56,남
43,2026-08-31 16:59:55,14로6902,2026-08-31,본인,KB손해보험,"383,500","490,430","106,930","KB손해보험 | KB다이렉트(플랫폼)개인용자동차보험 | 최종 보험료 | 383,500원 | 총 보험료 | 결제 490,430원 | 마일리지 환급 106,930원 | 바로 가입하기",현대,그랜져,2020,그랜져 IG(2019년형),IG240 프리미엄,id1,56,남
50,2026-08-31 17:11:27,14로6902,2026-08-31,본인,KB손해보험,"484,820","617,310","132,490","KB손해보험 | KB다이렉트(플랫폼)개인용자동차보험 | 최종 보험료 | 484,820원 | 총 보험료 | 결제 617,310원 | 마일리지 환급 132,490원 | 바로 가입하기",기아,카니발,2017,"올뉴카니발2.2(디젤,9인승)",프레스티지,id1,56,남
57,2026-08-31 17:25:19,14로6902,2026-08-31,본인,KB손해보험,"450,000","574,270","124,270","KB손해보험 | KB다이렉트(플랫폼)개인용자동차보험 | 최종 보험료 | 450,000원 | 총 보험료 | 결제 574,270원 | 마일리지 환급 124,270원 | 바로 가입하기",기아,스포티지,2014,스포티지R GDI(2WD),럭셔리,id1,56,남
64,2026-08-31 17:37:52,14로6902,2026-08-31,본인,KB손해보험,"480,740","646,120","165,380","KB손해보험 | KB다이렉트(플랫폼)개인용자동차보험 | 최종 보험료 | 480,740원 | 총 보험료 | 결제 646,120원 | 마일리지 환급 165,380원 | 바로 가입하기",벤츠,Mercedes Benz E-Class,2023,New E 250,Avantgarde,id1,56,남
71,2026-08-31 17:51:11,14로6902,2026-08-31,본인,KB손해보험,"329,420","440,510","111,090","KB손해보험 | KB다이렉트(플랫폼)개인용자동차보험 | 최종 보험료 | 329,420원 | 총 보험료 | 결제 440,510원 | 마일리지 환급 111,090원 | 바로 가입하기",기아,RAY,2025,THE NEW RAY 1.0,베스트 셀렉션,id1,56,남
78,2026-08-31 18:03:25,14로6902,2026-08-31,본인,KB손해보험,"524,550","672,790","148,240","KB손해보험 | KB다이렉트(플랫폼)개인용자동차보험 | 최종 보험료 | 524,550원 | 총 보험료 | 결제 672,790원 | 마일리지 환급 148,240원 | 바로 가입하기",현대,아이오닉,2020,더 뉴 아이오닉 플러그인 하이브리드,큐,id1,56,남
106,2026-08-31 18:50:47,14로6902,2026-08-31,본인,KB손해보험,"431,860","576,260","144,400","KB손해보험 | KB다이렉트(플랫폼)개인용자동차보험 | 최종 보험료 | 431,860원 | 총 보험료 | 결제 576,260원 | 마일리지 환급 144,400원 | 바로 가입하기",현대,스타리아,2022,스타리아 라운지,리무진(2WD),id1,56,남
1,2026-08-31 15:49:47,14로6902,2026-08-31,본인,롯데손해보험,"356,750","426,070","69,320","롯데손해보험 | let:click 개인용자동차보험(인터넷) | 최종 보험료 | 356,750원 | 총 보험료 | 결제 426,070원 | 마일리지 환급 69,320원 | 바로 가입하기",현대,쏘나타,2026,쏘나타 디 엣지 2.0,프리미엄,id1,56,남
8,2026-08-31 16:00:08,14로6902,2026-08-31,본인,롯데손해보험,"331,520","394,240","62,720","롯데손해보험 | let:click 개인용자동차보험(인터넷) | 최종 보험료 | 331,520원 | 총 보험료 | 결제 394,240원 | 마일리지 환급 62,720원 | 바로 가입하기",현대,캐스퍼,2023,캐스퍼 1.0,스마트,id1,56,남
15,2026-08-31 16:11:46,14로6902,2026-08-31,본인,롯데손해보험,"389,120","461,840","72,720","롯데손해보험 | let:click 개인용자동차보험(인터넷) | 최종 보험료 | 389,120원 | 총 보험료 | 결제 461,840원 | 마일리지 환급 72,720원 | 바로 가입하기",기아,모닝,2020,올뉴 모닝(2017),럭셔리,id1,56,남
22,2026-08-31 16:23:13,14로6902,2026-08-31,본인,롯데손해보험,"497,440","591,640","94,200","롯데손해보험 | let:click 개인용자동차보험(인터넷) | 최종 보험료 | 497,440원 | 총 보험료 | 결제 591,640원 | 마일리지 환급 94,200원 | 바로 가입하기",현대,아반떼,2017,아반떼AD 1.6GDI,밸류플러스,id1,56,남
29,2026-08-31 16:35:12,14로6902,2026-08-31,본인,롯데손해보험,"430,510","510,980","80,470","롯데손해보험 | let:click 개인용자동차보험(인터넷) | 최종 보험료 | 430,510원 | 총 보험료 | 결제 510,980원 | 마일리지 환급 80,470원 | 바로 가입하기",기아,K5,2014,K5 2.0,프레스티지,id1,56,남
36,2026-08-31 16:48:24,14로6902,2026-08-31,본인,롯데손해보험,"350,720","418,770","68,050","롯데손해보험 | let:click 개인용자동차보험(인터넷) | 최종 보험료 | 350,720원 | 총 보험료 | 결제 418,770원 | 마일리지 환급 68,050원 | 바로 가입하기",현대,제네시스,2026,제네시스 G80 2.5T(2024년형),2WD,id1,56,남
43,2026-08-31 16:59:55,14로6902,2026-08-31,본인,롯데손해보험,"370,840","439,850","69,010","롯데손해보험 | let:click 개인용자동차보험(인터넷) | 최종 보험료 | 370,840원 | 총 보험료 | 결제 439,850원 | 마일리지 환급 69,010원 | 바로 가입하기",현대,그랜져,2020,그랜져 IG(2019년형),IG240 프리미엄,id1,56,남
50,2026-08-31 17:11:27,14로6902,2026-08-31,본인,롯데손해보험,"441,290","523,890","82,600","롯데손해보험 | let:click 개인용자동차보험(인터넷) | 최종 보험료 | 441,290원 | 총 보험료 | 결제 523,890원 | 마일리지 환급 82,600원 | 바로 가입하기",기아,카니발,2017,"올뉴카니발2.2(디젤,9인승)",프레스티지,id1,56,남
57,2026-08-31 17:25:19,14로6902,2026-08-31,본인,롯데손해보험,"406,740","482,350","75,610","롯데손해보험 | let:click 개인용자동차보험(인터넷) | 최종 보험료 | 406,740원 | 총 보험료 | 결제 482,350원 | 마일리지 환급 75,610원 | 바로 가입하기",기아,스포티지,2014,스포티지R GDI(2WD),럭셔리,id1,56,남
64,2026-08-31 17:37:52,14로6902,2026-08-31,본인,롯데손해보험,"484,350","578,350","94,000","롯데손해보험 | let:click 개인용자동차보험(인터넷) | 최종 보험료 | 484,350원 | 총 보험료 | 결제 578,350원 | 마일리지 환급 94,000원 | 바로 가입하기",벤츠,Mercedes Benz E-Class,2023,New E 250,Avantgarde,id1,56,남
71,2026-08-31 17:51:11,14로6902,2026-08-31,본인,롯데손해보험,"380,490","454,570","74,080","롯데손해보험 | let:click 개인용자동차보험(인터넷) | 최종 보험료 | 380,490원 | 총 보험료 | 결제 454,570원 | 마일리지 환급 74,080원 | 바로 가입하기",기아,RAY,2025,THE NEW RAY 1.0,베스트 셀렉션,id1,56,남
78,2026-08-31 18:03:25,14로6902,2026-08-31,본인,롯데손해보험,"474,020","564,180","90,160","롯데손해보험 | let:click 개인용자동차보험(인터넷) | 최종 보험료 | 474,020원 | 총 보험료 | 결제 564,180원 | 마일리지 환급 90,160원 | 바로 가입하기",현대,아이오닉,2020,더 뉴 아이오닉 플러그인 하이브리드,큐,id1,56,남
106,2026-08-31 18:50:47,14로6902,2026-08-31,본인,롯데손해보험,"406,840","484,880","78,040","롯데손해보험 | let:click 개인용자동차보험(인터넷) | 최종 보험료 | 406,840원 | 총 보험료 | 결제 484,880원 | 마일리지 환급 78,040원 | 바로 가입하기",현대,스타리아,2022,스타리아 라운지,리무진(2WD),id1,56,남
1,2026-08-31 15:49:47,14로6902,2026-08-31,본인,메리츠화재,"300,030","430,830","130,800","메리츠화재 | 메리츠화재 다이렉트 자동차보험(CM) | 최종 보험료 | 300,030원 | 총 보험료 | 결제 430,830원 | 마일리지 환급 130,800원 | 바로 가입하기",현대,쏘나타,2026,쏘나타 디 엣지 2.0,프리미엄,id1,56,남
8,2026-08-31 16:00:08,14로6902,2026-08-31,본인,메리츠화재,"291,470","412,910","121,440","메리츠화재 | 메리츠화재 다이렉트 자동차보험(CM) | 최종 보험료 | 291,470원 | 총 보험료 | 결제 412,910원 | 마일리지 환급 121,440원 | 바로 가입하기",현대,캐스퍼,2023,캐스퍼 1.0,스마트,id1,56,남
15,2026-08-31 16:11:46,14로6902,2026-08-31,본인,메리츠화재,"373,810","528,790","154,980","메리츠화재 | 메리츠화재 다이렉트 자동차보험(CM) | 최종 보험료 | 373,810원 | 총 보험료 | 결제 528,790원 | 마일리지 환급 154,980원 | 바로 가입하기",기아,모닝,2020,올뉴 모닝(2017),럭셔리,id1,56,남
22,2026-08-31 16:23:13,14로6902,2026-08-31,본인,메리츠화재,"403,680","574,950","171,270","메리츠화재 | 메리츠화재 다이렉트 자동차보험(CM) | 최종 보험료 | 403,680원 | 총 보험료 | 결제 574,950원 | 마일리지 환급 171,270원 | 바로 가입하기",현대,아반떼,2017,아반떼AD 1.6GDI,밸류플러스,id1,56,남
29,2026-08-31 16:35:12,14로6902,2026-08-31,본인,메리츠화재,"386,580","547,780","161,200","메리츠화재 | 메리츠화재 다이렉트 자동차보험(CM) | 최종 보험료 | 386,580원 | 총 보험료 | 결제 547,780원 | 마일리지 환급 161,200원 | 바로 가입하기",기아,K5,2014,K5 2.0,프레스티지,id1,56,남
36,2026-08-31 16:48:24,14로6902,2026-08-31,본인,메리츠화재,"287,240","413,070","125,830","메리츠화재 | 메리츠화재 다이렉트 자동차보험(CM) | 최종 보험료 | 287,240원 | 총 보험료 | 결제 413,070원 | 마일리지 환급 125,830원 | 바로 가입하기",현대,제네시스,2026,제네시스 G80 2.5T(2024년형),2WD,id1,56,남
43,2026-08-31 16:59:55,14로6902,2026-08-31,본인,메리츠화재,"333,630","474,640","141,010","메리츠화재 | 메리츠화재 다이렉트 자동차보험(CM) | 최종 보험료 | 333,630원 | 총 보험료 | 결제 474,640원 | 마일리지 환급 141,010원 | 바로 가입하기",현대,그랜져,2020,그랜져 IG(2019년형),IG240 프리미엄,id1,56,남
50,2026-08-31 17:11:27,14로6902,2026-08-31,본인,메리츠화재,"440,730","624,680","183,950","메리츠화재 | 메리츠화재 다이렉트 자동차보험(CM) | 최종 보험료 | 440,730원 | 총 보험료 | 결제 624,680원 | 마일리지 환급 183,950원 | 바로 가입하기",기아,카니발,2017,"올뉴카니발2.2(디젤,9인승)",프레스티지,id1,56,남
57,2026-08-31 17:25:19,14로6902,2026-08-31,본인,메리츠화재,"399,290","566,210","166,920","메리츠화재 | 메리츠화재 다이렉트 자동차보험(CM) | 최종 보험료 | 399,290원 | 총 보험료 | 결제 566,210원 | 마일리지 환급 166,920원 | 바로 가입하기",기아,스포티지,2014,스포티지R GDI(2WD),럭셔리,id1,56,남
64,2026-08-31 17:37:52,14로6902,2026-08-31,본인,메리츠화재,"452,470","649,920","197,450","메리츠화재 | 메리츠화재 다이렉트 자동차보험(CM) | 최종 보험료 | 452,470원 | 총 보험료 | 결제 649,920원 | 마일리지 환급 197,450원 | 바로 가입하기",벤츠,Mercedes Benz E-Class,2023,New E 250,Avantgarde,id1,56,남
71,2026-08-31 17:51:11,14로6902,2026-08-31,본인,메리츠화재,"321,280","459,810","138,530","메리츠화재 | 메리츠화재 다이렉트 자동차보험(CM) | 최종 보험료 | 321,280원 | 총 보험료 | 결제 459,810원 | 마일리지 환급 138,530원 | 바로 가입하기",기아,RAY,2025,THE NEW RAY 1.0,베스트 셀렉션,id1,56,남
78,2026-08-31 18:03:25,14로6902,2026-08-31,본인,메리츠화재,"456,120","653,340","197,220","메리츠화재 | 메리츠화재 다이렉트 자동차보험(CM) | 최종 보험료 | 456,120원 | 총 보험료 | 결제 653,340원 | 마일리지 환급 197,220원 | 바로 가입하기",현대,아이오닉,2020,더 뉴 아이오닉 플러그인 하이브리드,큐,id1,56,남
106,2026-08-31 18:50:47,14로6902,2026-08-31,본인,메리츠화재,"359,840","511,840","152,000","메리츠화재 | 메리츠화재 다이렉트 자동차보험(CM) | 최종 보험료 | 359,840원 | 총 보험료 | 결제 511,840원 | 마일리지 환급 152,000원 | 바로 가입하기",현대,스타리아,2022,스타리아 라운지,리무진(2WD),id1,56,남
1,2026-08-31 15:49:47,14로6902,2026-08-31,본인,삼성화재,"384,630","467,250","82,620","삼성화재 | 개인용애니카다이렉트자동차보험(플랫폼) | 최종 보험료 | 384,630원 | 총 보험료 | 결제 467,250원 | 마일리지 환급 82,620원 | 바로 가입하기",현대,쏘나타,2026,쏘나타 디 엣지 2.0,프리미엄,id1,56,남
8,2026-08-31 16:00:08,14로6902,2026-08-31,본인,삼성화재,"360,390","434,870","74,480","삼성화재 | 개인용애니카다이렉트자동차보험(플랫폼) | 최종 보험료 | 360,390원 | 총 보험료 | 결제 434,870원 | 마일리지 환급 74,480원 | 바로 가입하기",현대,캐스퍼,2023,캐스퍼 1.0,스마트,id1,56,남
15,2026-08-31 16:11:46,14로6902,2026-08-31,본인,삼성화재,"423,430","511,570","88,140","삼성화재 | 개인용애니카다이렉트자동차보험(플랫폼) | 최종 보험료 | 423,430원 | 총 보험료 | 결제 511,570원 | 마일리지 환급 88,140원 | 바로 가입하기",기아,모닝,2020,올뉴 모닝(2017),럭셔리,id1,56,남
22,2026-08-31 16:23:13,14로6902,2026-08-31,본인,삼성화재,"498,670","604,130","105,460","삼성화재 | 개인용애니카다이렉트자동차보험(플랫폼) | 최종 보험료 | 498,670원 | 총 보험료 | 결제 604,130원 | 마일리지 환급 105,460원 | 바로 가입하기",현대,아반떼,2017,아반떼AD 1.6GDI,밸류플러스,id1,56,남
29,2026-08-31 16:35:12,14로6902,2026-08-31,본인,삼성화재,"491,230","594,040","102,810","삼성화재 | 개인용애니카다이렉트자동차보험(플랫폼) | 최종 보험료 | 491,230원 | 총 보험료 | 결제 594,040원 | 마일리지 환급 102,810원 | 바로 가입하기",기아,K5,2014,K5 2.0,프레스티지,id1,56,남
36,2026-08-31 16:48:24,14로6902,2026-08-31,본인,삼성화재,"361,310","439,200","77,890","삼성화재 | 개인용애니카다이렉트자동차보험(플랫폼) | 최종 보험료 | 361,310원 | 총 보험료 | 결제 439,200원 | 마일리지 환급 77,890원 | 바로 가입하기",현대,제네시스,2026,제네시스 G80 2.5T(2024년형),2WD,id1,56,남
43,2026-08-31 16:59:55,14로6902,2026-08-31,본인,삼성화재,"382,250","463,110","80,860","삼성화재 | 개인용애니카다이렉트자동차보험(플랫폼) | 최종 보험료 | 382,250원 | 총 보험료 | 결제 463,110원 | 마일리지 환급 80,860원 | 바로 가입하기",현대,그랜져,2020,그랜져 IG(2019년형),IG240 프리미엄,id1,56,남
50,2026-08-31 17:11:27,14로6902,2026-08-31,본인,삼성화재,"523,370","632,450","109,080","삼성화재 | 개인용애니카다이렉트자동차보험(플랫폼) | 최종 보험료 | 523,370원 | 총 보험료 | 결제 632,450원 | 마일리지 환급 109,080원 | 바로 가입하기",기아,카니발,2017,"올뉴카니발2.2(디젤,9인승)",프레스티지,id1,56,남
57,2026-08-31 17:25:19,14로6902,2026-08-31,본인,삼성화재,"514,420","622,320","107,900","삼성화재 | 개인용애니카다이렉트자동차보험(플랫폼) | 최종 보험료 | 514,420원 | 총 보험료 | 결제 622,320원 | 마일리지 환급 107,900원 | 바로 가입하기",기아,스포티지,2014,스포티지R GDI(2WD),럭셔리,id1,56,남
64,2026-08-31 17:37:52,14로6902,2026-08-31,본인,삼성화재,"523,130","635,060","111,930","삼성화재 | 개인용애니카다이렉트자동차보험(플랫폼) | 최종 보험료 | 523,130원 | 총 보험료 | 결제 635,060원 | 마일리지 환급 111,930원 | 바로 가입하기",벤츠,Mercedes Benz E-Class,2023,New E 250,Avantgarde,id1,56,남
71,2026-08-31 17:51:11,14로6902,2026-08-31,본인,삼성화재,"390,340","472,760","82,420","삼성화재 | 개인용애니카다이렉트자동차보험(플랫폼) | 최종 보험료 | 390,340원 | 총 보험료 | 결제 472,760원 | 마일리지 환급 82,420원 | 바로 가입하기",기아,RAY,2025,THE NEW RAY 1.0,베스트 셀렉션,id1,56,남
78,2026-08-31 18:03:25,14로6902,2026-08-31,본인,삼성화재,"599,180","727,080","127,900","삼성화재 | 개인용애니카다이렉트자동차보험(플랫폼) | 최종 보험료 | 599,180원 | 총 보험료 | 결제 727,080원 | 마일리지 환급 127,900원 | 바로 가입하기",현대,아이오닉,2020,더 뉴 아이오닉 플러그인 하이브리드,큐,id1,56,남
106,2026-08-31 18:50:47,14로6902,2026-08-31,본인,삼성화재,"482,950","583,920","100,970","삼성화재 | 개인용애니카다이렉트자동차보험(플랫폼) | 최종 보험료 | 482,950원 | 총 보험료 | 결제 583,920원 | 마일리지 환급 100,970원 | 바로 가입하기",현대,스타리아,2022,스타리아 라운지,리무진(2WD),id1,56,남
1,2026-08-31 15:49:47,14로6902,2026-08-31,본인,하나손해보험,"349,260","454,640","105,380","하나손해보험 | 하나 다이렉트 자동차보험 | 최종 보험료 | 349,260원 | 총 보험료 | 결제 454,640원 | 마일리지 환급 105,380원 | 마일리지 선할인 100,930원 | 바로 가입하기",현대,쏘나타,2026,쏘나타 디 엣지 2.0,프리미엄,id1,56,남
8,2026-08-31 16:00:08,14로6902,2026-08-31,본인,하나손해보험,"319,310","412,270","92,960","하나손해보험 | 하나 다이렉트 자동차보험 | 최종 보험료 | 319,310원 | 총 보험료 | 결제 412,270원 | 마일리지 환급 92,960원 | 마일리지 선할인 89,030원 | 바로 가입하기",현대,캐스퍼,2023,캐스퍼 1.0,스마트,id1,56,남
15,2026-08-31 16:11:46,14로6902,2026-08-31,본인,하나손해보험,"395,020","508,780","113,760","하나손해보험 | 하나 다이렉트 자동차보험 | 최종 보험료 | 395,020원 | 총 보험료 | 결제 508,780원 | 마일리지 환급 113,760원 | 마일리지 선할인 108,960원 | 바로 가입하기",기아,모닝,2020,올뉴 모닝(2017),럭셔리,id1,56,남
22,2026-08-31 16:23:13,14로6902,2026-08-31,본인,하나손해보험,"441,280","569,410","128,130","하나손해보험 | 하나 다이렉트 자동차보험 | 최종 보험료 | 441,280원 | 총 보험료 | 결제 569,410원 | 마일리지 환급 128,130원 | 마일리지 선할인 122,730원 | 바로 가입하기",현대,아반떼,2017,아반떼AD 1.6GDI,밸류플러스,id1,56,남
29,2026-08-31 16:35:12,14로6902,2026-08-31,본인,하나손해보험,"464,590","600,840","136,250","하나손해보험 | 하나 다이렉트 자동차보험 | 최종 보험료 | 464,590원 | 총 보험료 | 결제 600,840원 | 마일리지 환급 136,250원 | 마일리지 선할인 130,500원 | 바로 가입하기",기아,K5,2014,K5 2.0,프레스티지,id1,56,남
36,2026-08-31 16:48:24,14로6902,2026-08-31,본인,하나손해보험,"332,350","432,480","100,130","하나손해보험 | 하나 다이렉트 자동차보험 | 최종 보험료 | 332,350원 | 총 보험료 | 결제 432,480원 | 마일리지 환급 100,130원 | 마일리지 선할인 95,900원 | 바로 가입하기",현대,제네시스,2026,제네시스 G80 2.5T(2024년형),2WD,id1,56,남
43,2026-08-31 16:59:55,14로6902,2026-08-31,본인,하나손해보험,"399,790","515,920","116,130","하나손해보험 | 하나 다이렉트 자동차보험 | 최종 보험료 | 399,790원 | 총 보험료 | 결제 515,920원 | 마일리지 환급 116,130원 | 마일리지 선할인 111,230원 | 바로 가입하기",현대,그랜져,2020,그랜져 IG(2019년형),IG240 프리미엄,id1,56,남
50,2026-08-31 17:11:27,14로6902,2026-08-31,본인,하나손해보험,"508,220","656,870","148,650","하나손해보험 | 하나 다이렉트 자동차보험 | 최종 보험료 | 508,220원 | 총 보험료 | 결제 656,870원 | 마일리지 환급 148,650원 | 마일리지 선할인 142,380원 | 바로 가입하기",기아,카니발,2017,"올뉴카니발2.2(디젤,9인승)",프레스티지,id1,56,남
57,2026-08-31 17:25:19,14로6902,2026-08-31,본인,하나손해보험,"466,400","603,220","136,820","하나손해보험 | 하나 다이렉트 자동차보험 | 최종 보험료 | 466,400원 | 총 보험료 | 결제 603,220원 | 마일리지 환급 136,820원 | 마일리지 선할인 131,040원 | 바로 가입하기",기아,스포티지,2014,스포티지R GDI(2WD),럭셔리,id1,56,남
64,2026-08-31 17:37:52,14로6902,2026-08-31,본인,하나손해보험,"517,240","672,750","155,510","하나손해보험 | 하나 다이렉트 자동차보험 | 최종 보험료 | 517,240원 | 총 보험료 | 결제 672,750원 | 마일리지 환급 155,510원 | 마일리지 선할인 148,950원 | 바로 가입하기",벤츠,Mercedes Benz E-Class,2023,New E 250,Avantgarde,id1,56,남
71,2026-08-31 17:51:11,14로6902,2026-08-31,본인,하나손해보험,"351,270","456,290","105,020","하나손해보험 | 하나 다이렉트 자동차보험 | 최종 보험료 | 351,270원 | 총 보험료 | 결제 456,290원 | 마일리지 환급 105,020원 | 마일리지 선할인 100,590원 | 바로 가입하기",기아,RAY,2025,THE NEW RAY 1.0,베스트 셀렉션,id1,56,남
78,2026-08-31 18:03:25,14로6902,2026-08-31,본인,하나손해보험,"476,300","628,680","152,380","하나손해보험 | 하나 다이렉트 자동차보험 | 최종 보험료 | 476,300원 | 총 보험료 | 결제 628,680원 | 마일리지 환급 152,380원 | 마일리지 선할인 146,380원 | 바로 가입하기",현대,아이오닉,2020,더 뉴 아이오닉 플러그인 하이브리드,큐,id1,56,남
106,2026-08-31 18:50:47,14로6902,2026-08-31,본인,하나손해보험,"441,070","571,940","130,870","하나손해보험 | 하나 다이렉트 자동차보험 | 최종 보험료 | 441,070원 | 총 보험료 | 결제 571,940원 | 마일리지 환급 130,870원 | 마일리지 선할인 125,350원 | 바로 가입하기",현대,스타리아,2022,스타리아 라운지,리무진(2WD),id1,56,남
1,2026-08-31 15:49:47,14로6902,2026-08-31,본인,한화손보,"411,230","512,400","101,170","한화손보 | 캐롯 자동차보험 | 최종 보험료 | 411,230원 | 총 보험료 | 결제 512,400원 | 마일리지 환급 101,170원 | 월 납입 시 62,350원 | 바로 가입하기",현대,쏘나타,2026,쏘나타 디 엣지 2.0,프리미엄,id1,56,남
8,2026-08-31 16:00:08,14로6902,2026-08-31,본인,한화손보,"365,530","395,600","30,070","한화손보 | 캐롯 자동차보험 | 최종 보험료 | 365,530원 | 총 보험료 | 결제 395,600원 | 마일리지 환급 30,070원 | 월 납입 시 72,060원 | 바로 가입하기",현대,캐스퍼,2023,캐스퍼 1.0,스마트,id1,56,남
15,2026-08-31 16:11:46,14로6902,2026-08-31,본인,한화손보,"424,000","458,720","34,720","한화손보 | 캐롯 자동차보험 | 최종 보험료 | 424,000원 | 총 보험료 | 결제 458,720원 | 마일리지 환급 34,720원 | 월 납입 시 85,100원 | 바로 가입하기",기아,모닝,2020,올뉴 모닝(2017),럭셔리,id1,56,남
22,2026-08-31 16:23:13,14로6902,2026-08-31,본인,한화손보,"491,460","532,830","41,370","한화손보 | 캐롯 자동차보험 | 최종 보험료 | 491,460원 | 총 보험료 | 결제 532,830원 | 마일리지 환급 41,370원 | 월 납입 시 87,630원 | 바로 가입하기",현대,아반떼,2017,아반떼AD 1.6GDI,밸류플러스,id1,56,남
29,2026-08-31 16:35:12,14로6902,2026-08-31,본인,한화손보,"516,490","560,210","43,720","한화손보 | 캐롯 자동차보험 | 최종 보험료 | 516,490원 | 총 보험료 | 결제 560,210원 | 마일리지 환급 43,720원 | 월 납입 시 89,720원 | 바로 가입하기",기아,K5,2014,K5 2.0,프레스티지,id1,56,남
36,2026-08-31 16:48:24,14로6902,2026-08-31,본인,한화손보,"357,800","445,610","87,810","한화손보 | 캐롯 자동차보험 | 최종 보험료 | 357,800원 | 총 보험료 | 결제 445,610원 | 마일리지 환급 87,810원 | 월 납입 시 54,930원 | 바로 가입하기",현대,제네시스,2026,제네시스 G80 2.5T(2024년형),2WD,id1,56,남
43,2026-08-31 16:59:55,14로6902,2026-08-31,본인,한화손보,"430,330","466,480","36,150","한화손보 | 캐롯 자동차보험 | 최종 보험료 | 430,330원 | 총 보험료 | 결제 466,480원 | 마일리지 환급 36,150원 | 월 납입 시 77,380원 | 바로 가입하기",현대,그랜져,2020,그랜져 IG(2019년형),IG240 프리미엄,id1,56,남
50,2026-08-31 17:11:27,14로6902,2026-08-31,본인,한화손보,"524,220","568,450","44,230","한화손보 | 캐롯 자동차보험 | 최종 보험료 | 524,220원 | 총 보험료 | 결제 568,450원 | 마일리지 환급 44,230원 | 월 납입 시 92,360원 | 바로 가입하기",기아,카니발,2017,"올뉴카니발2.2(디젤,9인승)",프레스티지,id1,56,남
57,2026-08-31 17:25:19,14로6902,2026-08-31,본인,한화손보,"521,400","565,560","44,160","한화손보 | 캐롯 자동차보험 | 최종 보험료 | 521,400원 | 총 보험료 | 결제 565,560원 | 마일리지 환급 44,160원 | 월 납입 시 90,410원 | 바로 가입하기",기아,스포티지,2014,스포티지R GDI(2WD),럭셔리,id1,56,남
64,2026-08-31 17:37:52,14로6902,2026-08-31,본인,한화손보,"511,290","555,100","43,810","한화손보 | 캐롯 자동차보험 | 최종 보험료 | 511,290원 | 총 보험료 | 결제 555,100원 | 마일리지 환급 43,810원 | 월 납입 시 83,370원 | 바로 가입하기",벤츠,Mercedes Benz E-Class,2023,New E 250,Avantgarde,id1,56,남
71,2026-08-31 17:51:11,14로6902,2026-08-31,본인,한화손보,"407,660","442,560","34,900","한화손보 | 캐롯 자동차보험 | 최종 보험료 | 407,660원 | 총 보험료 | 결제 442,560원 | 마일리지 환급 34,900원 | 월 납입 시 67,040원 | 바로 가입하기",기아,RAY,2025,THE NEW RAY 1.0,베스트 셀렉션,id1,56,남
78,2026-08-31 18:03:25,14로6902,2026-08-31,본인,한화손보,"515,600","559,120","43,520","한화손보 | 캐롯 자동차보험 | 최종 보험료 | 515,600원 | 총 보험료 | 결제 559,120원 | 마일리지 환급 43,520원 | 월 납입 시 90,740원 | 바로 가입하기",현대,아이오닉,2020,더 뉴 아이오닉 플러그인 하이브리드,큐,id1,56,남
106,2026-08-31 18:50:47,14로6902,2026-08-31,본인,한화손보,"499,450","542,120","42,670","한화손보 | 캐롯 자동차보험 | 최종 보험료 | 499,450원 | 총 보험료 | 결제 542,120원 | 마일리지 환급 42,670원 | 월 납입 시 82,830원 | 바로 가입하기",현대,스타리아,2022,스타리아 라운지,리무진(2WD),id1,56,남
1,2026-08-31 15:49:47,14로6902,2026-08-31,본인,현대해상,"329,890","454,740","124,850","현대해상 | Hicar 다이렉트 개인용자동차보험(플랫폼) | 최종 보험료 | 329,890원 | 총 보험료 | 결제 454,740원 | 마일리지 환급 124,850원 | 바로 가입하기",현대,쏘나타,2026,쏘나타 디 엣지 2.0,프리미엄,id1,56,남
8,2026-08-31 16:00:08,14로6902,2026-08-31,본인,현대해상,"346,520","472,410","125,890","현대해상 | Hicar 다이렉트 개인용자동차보험(플랫폼) | 최종 보험료 | 346,520원 | 총 보험료 | 결제 472,410원 | 마일리지 환급 125,890원 | 바로 가입하기",현대,캐스퍼,2023,캐스퍼 1.0,스마트,id1,56,남
15,2026-08-31 16:11:46,14로6902,2026-08-31,본인,현대해상,"392,480","526,590","134,110","현대해상 | Hicar 다이렉트 개인용자동차보험(플랫폼) | 최종 보험료 | 392,480원 | 총 보험료 | 결제 526,590원 | 마일리지 환급 134,110원 | 바로 가입하기",기아,모닝,2020,올뉴 모닝(2017),럭셔리,id1,56,남
22,2026-08-31 16:23:13,14로6902,2026-08-31,본인,현대해상,"444,340","598,700","154,360","현대해상 | Hicar 다이렉트 개인용자동차보험(플랫폼) | 최종 보험료 | 444,340원 | 총 보험료 | 결제 598,700원 | 마일리지 환급 154,360원 | 바로 가입하기",현대,아반떼,2017,아반떼AD 1.6GDI,밸류플러스,id1,56,남
29,2026-08-31 16:35:12,14로6902,2026-08-31,본인,현대해상,"444,710","599,180","154,470","현대해상 | Hicar 다이렉트 개인용자동차보험(플랫폼) | 최종 보험료 | 444,710원 | 총 보험료 | 결제 599,180원 | 마일리지 환급 154,470원 | 바로 가입하기",기아,K5,2014,K5 2.0,프레스티지,id1,56,남
36,2026-08-31 16:48:24,14로6902,2026-08-31,본인,현대해상,"296,580","408,490","111,910","현대해상 | Hicar 다이렉트 개인용자동차보험(플랫폼) | 최종 보험료 | 296,580원 | 총 보험료 | 결제 408,490원 | 마일리지 환급 111,910원 | 바로 가입하기",현대,제네시스,2026,제네시스 G80 2.5T(2024년형),2WD,id1,56,남
43,2026-08-31 16:59:55,14로6902,2026-08-31,본인,현대해상,"325,260","437,640","112,380","현대해상 | Hicar 다이렉트 개인용자동차보험(플랫폼) | 최종 보험료 | 325,260원 | 총 보험료 | 결제 437,640원 | 마일리지 환급 112,380원 | 바로 가입하기",현대,그랜져,2020,그랜져 IG(2019년형),IG240 프리미엄,id1,56,남
50,2026-08-31 17:11:27,14로6902,2026-08-31,본인,현대해상,"381,310","510,830","129,520","현대해상 | Hicar 다이렉트 개인용자동차보험(플랫폼) | 최종 보험료 | 381,310원 | 총 보험료 | 결제 510,830원 | 마일리지 환급 129,520원 | 바로 가입하기",기아,카니발,2017,"올뉴카니발2.2(디젤,9인승)",프레스티지,id1,56,남
57,2026-08-31 17:25:19,14로6902,2026-08-31,본인,현대해상,"456,470","615,290","158,820","현대해상 | Hicar 다이렉트 개인용자동차보험(플랫폼) | 최종 보험료 | 456,470원 | 총 보험료 | 결제 615,290원 | 마일리지 환급 158,820원 | 바로 가입하기",기아,스포티지,2014,스포티지R GDI(2WD),럭셔리,id1,56,남
71,2026-08-31 17:51:11,14로6902,2026-08-31,본인,현대해상,"364,750","500,800","136,050","현대해상 | Hicar 다이렉트 개인용자동차보험(플랫폼) | 최종 보험료 | 364,750원 | 총 보험료 | 결제 500,800원 | 마일리지 환급 136,050원 | 바로 가입하기",기아,RAY,2025,THE NEW RAY 1.0,베스트 셀렉션,id1,56,남
78,2026-08-31 18:03:25,14로6902,2026-08-31,본인,현대해상,"432,640","584,900","152,260","현대해상 | Hicar 다이렉트 개인용자동차보험(플랫폼) | 최종 보험료 | 432,640원 | 총 보험료 | 결제 584,900원 | 마일리지 환급 152,260원 | 바로 가입하기",현대,아이오닉,2020,더 뉴 아이오닉 플러그인 하이브리드,큐,id1,56,남
106,2026-08-31 18:50:47,14로6902,2026-08-31,본인,현대해상,"308,990","425,100","116,110","현대해상 | Hicar 다이렉트 개인용자동차보험(플랫폼) | 최종 보험료 | 308,990원 | 총 보험료 | 결제 425,100원 | 마일리지 환급 116,110원 | 바로 가입하기",현대,스타리아,2022,스타리아 라운지,리무진(2WD),id1,56,남
8,2026-08-31 16:00:08,14로6902,2026-08-31,본인,흥국화재,"322,700","412,810","90,110","흥국화재 | 흥국다이렉트개인용자동차보험(CM) | 최종 보험료 | 322,700원 | 총 보험료 | 결제 412,810원 | 마일리지 환급 90,110원 | 바로 가입하기",현대,캐스퍼,2023,캐스퍼 1.0,스마트,id1,56,남
15,2026-08-31 16:11:46,14로6902,2026-08-31,본인,흥국화재,"387,380","495,790","108,410","흥국화재 | 흥국다이렉트개인용자동차보험(CM) | 최종 보험료 | 387,380원 | 총 보험료 | 결제 495,790원 | 마일리지 환급 108,410원 | 바로 가입하기",기아,모닝,2020,올뉴 모닝(2017),럭셔리,id1,56,남
29,2026-08-31 16:35:12,14로6902,2026-08-31,본인,흥국화재,"464,310","596,130","131,820","흥국화재 | 흥국다이렉트개인용자동차보험(CM) | 최종 보험료 | 464,310원 | 총 보험료 | 결제 596,130원 | 마일리지 환급 131,820원 | 바로 가입하기",기아,K5,2014,K5 2.0,프레스티지,id1,56,남
36,2026-08-31 16:48:24,14로6902,2026-08-31,본인,흥국화재,"342,080","442,570","100,490","흥국화재 | 흥국다이렉트개인용자동차보험(CM) | 최종 보험료 | 342,080원 | 총 보험료 | 결제 442,570원 | 마일리지 환급 100,490원 | 바로 가입하기",현대,제네시스,2026,제네시스 G80 2.5T(2024년형),2WD,id1,56,남
43,2026-08-31 16:59:55,14로6902,2026-08-31,본인,흥국화재,"369,760","474,660","104,900","흥국화재 | 흥국다이렉트개인용자동차보험(CM) | 최종 보험료 | 369,760원 | 총 보험료 | 결제 474,660원 | 마일리지 환급 104,900원 | 바로 가입하기",현대,그랜져,2020,그랜져 IG(2019년형),IG240 프리미엄,id1,56,남
57,2026-08-31 17:25:19,14로6902,2026-08-31,본인,흥국화재,"469,430","602,770","133,340","흥국화재 | 흥국다이렉트개인용자동차보험(CM) | 최종 보험료 | 469,430원 | 총 보험료 | 결제 602,770원 | 마일리지 환급 133,340원 | 바로 가입하기",기아,스포티지,2014,스포티지R GDI(2WD),럭셔리,id1,56,남
64,2026-08-31 17:37:52,14로6902,2026-08-31,본인,흥국화재,"572,570","739,310","166,740","흥국화재 | 흥국다이렉트개인용자동차보험(CM) | 최종 보험료 | 572,570원 | 총 보험료 | 결제 739,310원 | 마일리지 환급 166,740원 | 바로 가입하기",벤츠,Mercedes Benz E-Class,2023,New E 250,Avantgarde,id1,56,남
71,2026-08-31 17:51:11,14로6902,2026-08-31,본인,흥국화재,"332,790","428,570","95,780","흥국화재 | 흥국다이렉트개인용자동차보험(CM) | 최종 보험료 | 332,790원 | 총 보험료 | 결제 428,570원 | 마일리지 환급 95,780원 | 바로 가입하기",기아,RAY,2025,THE NEW RAY 1.0,베스트 셀렉션,id1,56,남
78,2026-08-31 18:03:25,14로6902,2026-08-31,본인,흥국화재,"541,040","697,130","156,090","흥국화재 | 흥국다이렉트개인용자동차보험(CM) | 최종 보험료 | 541,040원 | 총 보험료 | 결제 697,130원 | 마일리지 환급 156,090원 | 바로 가입하기",현대,아이오닉,2020,더 뉴 아이오닉 플러그인 하이브리드,큐,id1,56,남
106,2026-08-31 18:50:47,14로6902,2026-08-31,본인,흥국화재,"383,180","492,220","109,040","흥국화재 | 흥국다이렉트개인용자동차보험(CM) | 최종 보험료 | 383,180원 | 총 보험료 | 결제 492,220원 | 마일리지 환급 109,040원 | 바로 가입하기",현대,스타리아,2022,스타리아 라운지,리무진(2WD),id1,56,남
2,2026-08-31 15:51:04,14로6902,2026-09-01,본인,AXA,"326,400","468,610","142,210","AXA손해보험 | 다이렉트 자동차보험 | 최종 보험료 | 326,400원 | 총 보험료 | 결제 468,610원 | 마일리지 환급 142,210원 | 마일리지 선할인 139,740원 | 바로 가입하기",현대,쏘나타,2026,쏘나타 디 엣지 2.0,프리미엄,id1,56,남
9,2026-08-31 16:01:30,14로6902,2026-09-01,본인,AXA,"341,420","483,130","141,710","AXA손해보험 | 다이렉트 자동차보험 | 최종 보험료 | 341,420원 | 총 보험료 | 결제 483,130원 | 마일리지 환급 141,710원 | 마일리지 선할인 139,220원 | 바로 가입하기",현대,캐스퍼,2023,캐스퍼 1.0,스마트,id1,56,남
16,2026-08-31 16:14:17,14로6902,2026-09-01,본인,AXA,"433,380","556,840","123,460","AXA손해보험 | 다이렉트 자동차보험 | 최종 보험료 | 433,380원 | 총 보험료 | 결제 556,840원 | 마일리지 환급 123,460원 | 마일리지 선할인 120,290원 | 바로 가입하기",기아,모닝,2020,올뉴 모닝(2017),럭셔리,id1,56,남
23,2026-08-31 16:24:36,14로6902,2026-09-01,본인,AXA,"457,140","590,950","133,810","AXA손해보험 | 다이렉트 자동차보험 | 최종 보험료 | 457,140원 | 총 보험료 | 결제 590,950원 | 마일리지 환급 133,810원 | 마일리지 선할인 130,370원 | 바로 가입하기",현대,아반떼,2017,아반떼AD 1.6GDI,밸류플러스,id1,56,남
30,2026-08-31 16:36:35,14로6902,2026-09-01,본인,AXA,"471,870","607,690","135,820","AXA손해보험 | 다이렉트 자동차보험 | 최종 보험료 | 471,870원 | 총 보험료 | 결제 607,690원 | 마일리지 환급 135,820원 | 마일리지 선할인 132,350원 | 바로 가입하기",기아,K5,2014,K5 2.0,프레스티지,id1,56,남
37,2026-08-31 16:49:52,14로6902,2026-09-01,본인,AXA,"313,420","450,150","136,730","AXA손해보험 | 다이렉트 자동차보험 | 최종 보험료 | 313,420원 | 총 보험료 | 결제 450,150원 | 마일리지 환급 136,730원 | 마일리지 선할인 134,330원 | 바로 가입하기",현대,제네시스,2026,제네시스 G80 2.5T(2024년형),2WD,id1,56,남
44,2026-08-31 17:01:12,14로6902,2026-09-01,본인,AXA,"349,440","496,460","147,020","AXA손해보험 | 다이렉트 자동차보험 | 최종 보험료 | 349,440원 | 총 보험료 | 결제 496,460원 | 마일리지 환급 147,020원 | 마일리지 선할인 144,460원 | 바로 가입하기",현대,그랜져,2020,그랜져 IG(2019년형),IG240 프리미엄,id1,56,남
51,2026-08-31 17:14:36,14로6902,2026-09-01,본인,AXA,"484,280","624,500","140,220","AXA손해보험 | 다이렉트 자동차보험 | 최종 보험료 | 484,280원 | 총 보험료 | 결제 624,500원 | 마일리지 환급 140,220원 | 마일리지 선할인 136,610원 | 바로 가입하기",기아,카니발,2017,"올뉴카니발2.2(디젤,9인승)",프레스티지,id1,56,남
58,2026-08-31 17:26:54,14로6902,2026-09-01,본인,AXA,"466,810","601,090","134,280","AXA손해보험 | 다이렉트 자동차보험 | 최종 보험료 | 466,810원 | 총 보험료 | 결제 601,090원 | 마일리지 환급 134,280원 | 마일리지 선할인 130,850원 | 바로 가입하기",기아,스포티지,2014,스포티지R GDI(2WD),럭셔리,id1,56,남
65,2026-08-31 17:39:20,14로6902,2026-09-01,본인,AXA,"499,480","716,570","217,090","AXA손해보험 | 다이렉트 자동차보험 | 최종 보험료 | 499,480원 | 총 보험료 | 결제 716,570원 | 마일리지 환급 217,090원 | 마일리지 선할인 213,290원 | 바로 가입하기",벤츠,Mercedes Benz E-Class,2023,New E 250,Avantgarde,id1,56,남
79,2026-08-31 18:05:15,14로6902,2026-09-01,본인,AXA,"398,650","665,010","266,360","AXA손해보험 | 다이렉트 자동차보험 | 최종 보험료 | 398,650원 | 총 보험료 | 결제 665,010원 | 마일리지 환급 266,360원 | 마일리지 선할인 263,380원 | 바로 가입하기",현대,아이오닉,2020,더 뉴 아이오닉 플러그인 하이브리드,큐,id1,56,남
86,2026-08-31 18:17:03,14로6902,2026-09-01,본인,AXA,"355,120","510,670","155,550","AXA손해보험 | 다이렉트 자동차보험 | 최종 보험료 | 355,120원 | 총 보험료 | 결제 510,670원 | 마일리지 환급 155,550원 | 마일리지 선할인 152,840원 | 바로 가입하기",기아,K9,2025,THE K9 3.8 GDI,플래티넘(AWD),id1,56,남
93,2026-08-31 18:28:54,14로6902,2026-09-01,본인,AXA,"650,280","1,098,790","448,510","AXA손해보험 | 다이렉트 자동차보험 | 최종 보험료 | 650,280원 | 총 보험료 | 결제 1,098,790원 | 마일리지 환급 448,510원 | 마일리지 선할인 443,480원 | 바로 가입하기",Tesla,Model 3,2026,Model 3,Long Range(2022~),id1,56,남
100,2026-08-31 18:40:15,14로6902,2026-09-01,본인,AXA,"479,030","619,570","140,540","AXA손해보험 | 다이렉트 자동차보험 | 최종 보험료 | 479,030원 | 총 보험료 | 결제 619,570원 | 마일리지 환급 140,540원 | 마일리지 선할인 136,950원 | 바로 가입하기",현대,코나,2017,코나 1.6 터보(4WD),스마트,id1,56,남
121,2026-08-31 19:12:19,14로6902,2026-09-01,본인,AXA,"342,100","491,390","149,290","AXA손해보험 | 다이렉트 자동차보험 | 최종 보험료 | 342,100원 | 총 보험료 | 결제 491,390원 | 마일리지 환급 149,290원 | 마일리지 선할인 146,690원 | 바로 가입하기",삼성,그랑 콜레오스,2026,그랑 콜레오스 2.0 터보,테크노,id1,56,남
2,2026-08-31 15:51:04,14로6902,2026-09-01,본인,DB손해보험,"427,160","532,810","105,650","DB손해보험 | 프로미카 다이렉트개인용자동차보험(플랫폼) | 최종 보험료 | 427,160원 | 총 보험료 | 결제 532,810원 | 마일리지 환급 105,650원 | 바로 가입하기",현대,쏘나타,2026,쏘나타 디 엣지 2.0,프리미엄,id1,56,남
9,2026-08-31 16:01:30,14로6902,2026-09-01,본인,DB손해보험,"384,520","476,360","91,840","DB손해보험 | 프로미카 다이렉트개인용자동차보험(플랫폼) | 최종 보험료 | 384,520원 | 총 보험료 | 결제 476,360원 | 마일리지 환급 91,840원 | 바로 가입하기",현대,캐스퍼,2023,캐스퍼 1.0,스마트,id1,56,남
16,2026-08-31 16:14:17,14로6902,2026-09-01,본인,DB손해보험,"448,890","556,710","107,820","DB손해보험 | 프로미카 다이렉트개인용자동차보험(플랫폼) | 최종 보험료 | 448,890원 | 총 보험료 | 결제 556,710원 | 마일리지 환급 107,820원 | 바로 가입하기",기아,모닝,2020,올뉴 모닝(2017),럭셔리,id1,56,남
23,2026-08-31 16:24:36,14로6902,2026-09-01,본인,DB손해보험,"525,250","652,450","127,200","DB손해보험 | 프로미카 다이렉트개인용자동차보험(플랫폼) | 최종 보험료 | 525,250원 | 총 보험료 | 결제 652,450원 | 마일리지 환급 127,200원 | 바로 가입하기",현대,아반떼,2017,아반떼AD 1.6GDI,밸류플러스,id1,56,남
30,2026-08-31 16:36:35,14로6902,2026-09-01,본인,DB손해보험,"512,710","635,550","122,840","DB손해보험 | 프로미카 다이렉트개인용자동차보험(플랫폼) | 최종 보험료 | 512,710원 | 총 보험료 | 결제 635,550원 | 마일리지 환급 122,840원 | 바로 가입하기",기아,K5,2014,K5 2.0,프레스티지,id1,56,남
37,2026-08-31 16:49:52,14로6902,2026-09-01,본인,DB손해보험,"375,720","468,640","92,920","DB손해보험 | 프로미카 다이렉트개인용자동차보험(플랫폼) | 최종 보험료 | 375,720원 | 총 보험료 | 결제 468,640원 | 마일리지 환급 92,920원 | 바로 가입하기",현대,제네시스,2026,제네시스 G80 2.5T(2024년형),2WD,id1,56,남
44,2026-08-31 17:01:12,14로6902,2026-09-01,본인,DB손해보험,"411,970","511,490","99,520","DB손해보험 | 프로미카 다이렉트개인용자동차보험(플랫폼) | 최종 보험료 | 411,970원 | 총 보험료 | 결제 511,490원 | 마일리지 환급 99,520원 | 바로 가입하기",현대,그랜져,2020,그랜져 IG(2019년형),IG240 프리미엄,id1,56,남
51,2026-08-31 17:14:36,14로6902,2026-09-01,본인,DB손해보험,"531,560","683,850","152,290","DB손해보험 | 프로미카 다이렉트개인용자동차보험(플랫폼) | 최종 보험료 | 531,560원 | 총 보험료 | 결제 683,850원 | 마일리지 환급 152,290원 | 바로 가입하기",기아,카니발,2017,"올뉴카니발2.2(디젤,9인승)",프레스티지,id1,56,남
58,2026-08-31 17:26:54,14로6902,2026-09-01,본인,DB손해보험,"529,270","656,240","126,970","DB손해보험 | 프로미카 다이렉트개인용자동차보험(플랫폼) | 최종 보험료 | 529,270원 | 총 보험료 | 결제 656,240원 | 마일리지 환급 126,970원 | 바로 가입하기",기아,스포티지,2014,스포티지R GDI(2WD),럭셔리,id1,56,남
65,2026-08-31 17:39:20,14로6902,2026-09-01,본인,DB손해보험,"543,850","676,880","133,030","DB손해보험 | 프로미카 다이렉트개인용자동차보험(플랫폼) | 최종 보험료 | 543,850원 | 총 보험료 | 결제 676,880원 | 마일리지 환급 133,030원 | 바로 가입하기",벤츠,Mercedes Benz E-Class,2023,New E 250,Avantgarde,id1,56,남
79,2026-08-31 18:05:15,14로6902,2026-09-01,본인,DB손해보험,"555,020","690,010","134,990","DB손해보험 | 프로미카 다이렉트개인용자동차보험(플랫폼) | 최종 보험료 | 555,020원 | 총 보험료 | 결제 690,010원 | 마일리지 환급 134,990원 | 바로 가입하기",현대,아이오닉,2020,더 뉴 아이오닉 플러그인 하이브리드,큐,id1,56,남
86,2026-08-31 18:17:03,14로6902,2026-09-01,본인,DB손해보험,"421,950","526,060","104,110","DB손해보험 | 프로미카 다이렉트개인용자동차보험(플랫폼) | 최종 보험료 | 421,950원 | 총 보험료 | 결제 526,060원 | 마일리지 환급 104,110원 | 바로 가입하기",기아,K9,2025,THE K9 3.8 GDI,플래티넘(AWD),id1,56,남
93,2026-08-31 18:28:54,14로6902,2026-09-01,본인,DB손해보험,"799,480","985,940","186,460","DB손해보험 | 프로미카 다이렉트개인용자동차보험(플랫폼) | 최종 보험료 | 799,480원 | 총 보험료 | 결제 985,940원 | 마일리지 환급 186,460원 | 바로 가입하기",Tesla,Model 3,2026,Model 3,Long Range(2022~),id1,56,남
100,2026-08-31 18:40:15,14로6902,2026-09-01,본인,DB손해보험,"534,080","663,470","129,390","DB손해보험 | 프로미카 다이렉트개인용자동차보험(플랫폼) | 최종 보험료 | 534,080원 | 총 보험료 | 결제 663,470원 | 마일리지 환급 129,390원 | 바로 가입하기",현대,코나,2017,코나 1.6 터보(4WD),스마트,id1,56,남
121,2026-08-31 19:12:19,14로6902,2026-09-01,본인,DB손해보험,"418,450","521,930","103,480","DB손해보험 | 프로미카 다이렉트개인용자동차보험(플랫폼) | 최종 보험료 | 418,450원 | 총 보험료 | 결제 521,930원 | 마일리지 환급 103,480원 | 바로 가입하기",삼성,그랑 콜레오스,2026,그랑 콜레오스 2.0 터보,테크노,id1,56,남
2,2026-08-31 15:51:04,14로6902,2026-09-01,본인,KB손해보험,"338,540","455,830","117,290","KB손해보험 | KB다이렉트(플랫폼)개인용자동차보험 | 최종 보험료 | 338,540원 | 총 보험료 | 결제 455,830원 | 마일리지 환급 117,290원 | 바로 가입하기",현대,쏘나타,2026,쏘나타 디 엣지 2.0,프리미엄,id1,56,남
9,2026-08-31 16:01:30,14로6902,2026-09-01,본인,KB손해보험,"333,420","443,820","110,400","KB손해보험 | KB다이렉트(플랫폼)개인용자동차보험 | 최종 보험료 | 333,420원 | 총 보험료 | 결제 443,820원 | 마일리지 환급 110,400원 | 바로 가입하기",현대,캐스퍼,2023,캐스퍼 1.0,스마트,id1,56,남
16,2026-08-31 16:14:17,14로6902,2026-09-01,본인,KB손해보험,"385,390","491,440","106,050","KB손해보험 | KB다이렉트(플랫폼)개인용자동차보험 | 최종 보험료 | 385,390원 | 총 보험료 | 결제 491,440원 | 마일리지 환급 106,050원 | 바로 가입하기",기아,모닝,2020,올뉴 모닝(2017),럭셔리,id1,56,남
23,2026-08-31 16:24:36,14로6902,2026-09-01,본인,KB손해보험,"451,400","577,970","126,570","KB손해보험 | KB다이렉트(플랫폼)개인용자동차보험 | 최종 보험료 | 451,400원 | 총 보험료 | 결제 577,970원 | 마일리지 환급 126,570원 | 바로 가입하기",현대,아반떼,2017,아반떼AD 1.6GDI,밸류플러스,id1,56,남
30,2026-08-31 16:36:35,14로6902,2026-09-01,본인,KB손해보험,"465,400","594,180","128,780","KB손해보험 | KB다이렉트(플랫폼)개인용자동차보험 | 최종 보험료 | 465,400원 | 총 보험료 | 결제 594,180원 | 마일리지 환급 128,780원 | 바로 가입하기",기아,K5,2014,K5 2.0,프레스티지,id1,56,남
37,2026-08-31 16:49:52,14로6902,2026-09-01,본인,KB손해보험,"330,300","445,180","114,880","KB손해보험 | KB다이렉트(플랫폼)개인용자동차보험 | 최종 보험료 | 330,300원 | 총 보험료 | 결제 445,180원 | 마일리지 환급 114,880원 | 바로 가입하기",현대,제네시스,2026,제네시스 G80 2.5T(2024년형),2WD,id1,56,남
44,2026-08-31 17:01:12,14로6902,2026-09-01,본인,KB손해보험,"384,620","491,870","107,250","KB손해보험 | KB다이렉트(플랫폼)개인용자동차보험 | 최종 보험료 | 384,620원 | 총 보험료 | 결제 491,870원 | 마일리지 환급 107,250원 | 바로 가입하기",현대,그랜져,2020,그랜져 IG(2019년형),IG240 프리미엄,id1,56,남
51,2026-08-31 17:14:36,14로6902,2026-09-01,본인,KB손해보험,"485,190","617,790","132,600","KB손해보험 | KB다이렉트(플랫폼)개인용자동차보험 | 최종 보험료 | 485,190원 | 총 보험료 | 결제 617,790원 | 마일리지 환급 132,600원 | 바로 가입하기",기아,카니발,2017,"올뉴카니발2.2(디젤,9인승)",프레스티지,id1,56,남
58,2026-08-31 17:26:54,14로6902,2026-09-01,본인,KB손해보험,"450,350","574,710","124,360","KB손해보험 | KB다이렉트(플랫폼)개인용자동차보험 | 최종 보험료 | 450,350원 | 총 보험료 | 결제 574,710원 | 마일리지 환급 124,360원 | 바로 가입하기",기아,스포티지,2014,스포티지R GDI(2WD),럭셔리,id1,56,남
65,2026-08-31 17:39:20,14로6902,2026-09-01,본인,KB손해보험,"482,130","648,010","165,880","KB손해보험 | KB다이렉트(플랫폼)개인용자동차보험 | 최종 보험료 | 482,130원 | 총 보험료 | 결제 648,010원 | 마일리지 환급 165,880원 | 바로 가입하기",벤츠,Mercedes Benz E-Class,2023,New E 250,Avantgarde,id1,56,남
79,2026-08-31 18:05:15,14로6902,2026-09-01,본인,KB손해보험,"526,030","674,700","148,670","KB손해보험 | KB다이렉트(플랫폼)개인용자동차보험 | 최종 보험료 | 526,030원 | 총 보험료 | 결제 674,700원 | 마일리지 환급 148,670원 | 바로 가입하기",현대,아이오닉,2020,더 뉴 아이오닉 플러그인 하이브리드,큐,id1,56,남
86,2026-08-31 18:17:03,14로6902,2026-09-01,본인,KB손해보험,"350,290","471,630","121,340","KB손해보험 | KB다이렉트(플랫폼)개인용자동차보험 | 최종 보험료 | 350,290원 | 총 보험료 | 결제 471,630원 | 마일리지 환급 121,340원 | 바로 가입하기",기아,K9,2025,THE K9 3.8 GDI,플래티넘(AWD),id1,56,남
93,2026-08-31 18:28:54,14로6902,2026-09-01,본인,KB손해보험,"704,860","980,010","275,150","KB손해보험 | KB다이렉트(플랫폼)개인용자동차보험 | 최종 보험료 | 704,860원 | 총 보험료 | 결제 980,010원 | 마일리지 환급 275,150원 | 바로 가입하기",Tesla,Model 3,2026,Model 3,Long Range(2022~),id1,56,남
100,2026-08-31 18:40:15,14로6902,2026-09-01,본인,KB손해보험,"454,860","582,440","127,580","KB손해보험 | KB다이렉트(플랫폼)개인용자동차보험 | 최종 보험료 | 454,860원 | 총 보험료 | 결제 582,440원 | 마일리지 환급 127,580원 | 바로 가입하기",현대,코나,2017,코나 1.6 터보(4WD),스마트,id1,56,남
121,2026-08-31 19:12:19,14로6902,2026-09-01,본인,KB손해보험,"344,090","463,340","119,250","KB손해보험 | KB다이렉트(플랫폼)개인용자동차보험 | 최종 보험료 | 344,090원 | 총 보험료 | 결제 463,340원 | 마일리지 환급 119,250원 | 바로 가입하기",삼성,그랑 콜레오스,2026,그랑 콜레오스 2.0 터보,테크노,id1,56,남
2,2026-08-31 15:51:04,14로6902,2026-09-01,본인,롯데손해보험,"355,900","425,050","69,150","롯데손해보험 | let:click 개인용자동차보험(인터넷) | 최종 보험료 | 355,900원 | 총 보험료 | 결제 425,050원 | 마일리지 환급 69,150원 | 바로 가입하기",현대,쏘나타,2026,쏘나타 디 엣지 2.0,프리미엄,id1,56,남
9,2026-08-31 16:01:30,14로6902,2026-09-01,본인,롯데손해보험,"329,610","391,940","62,330","롯데손해보험 | let:click 개인용자동차보험(인터넷) | 최종 보험료 | 329,610원 | 총 보험료 | 결제 391,940원 | 마일리지 환급 62,330원 | 바로 가입하기",현대,캐스퍼,2023,캐스퍼 1.0,스마트,id1,56,남
16,2026-08-31 16:14:17,14로6902,2026-09-01,본인,롯데손해보험,"386,920","459,190","72,270","롯데손해보험 | let:click 개인용자동차보험(인터넷) | 최종 보험료 | 386,920원 | 총 보험료 | 결제 459,190원 | 마일리지 환급 72,270원 | 바로 가입하기",기아,모닝,2020,올뉴 모닝(2017),럭셔리,id1,56,남
23,2026-08-31 16:24:36,14로6902,2026-09-01,본인,롯데손해보험,"506,060","602,030","95,970","롯데손해보험 | let:click 개인용자동차보험(인터넷) | 최종 보험료 | 506,060원 | 총 보험료 | 결제 602,030원 | 마일리지 환급 95,970원 | 바로 가입하기",현대,아반떼,2017,아반떼AD 1.6GDI,밸류플러스,id1,56,남
30,2026-08-31 16:36:35,14로6902,2026-09-01,본인,롯데손해보험,"429,250","509,470","80,220","롯데손해보험 | let:click 개인용자동차보험(인터넷) | 최종 보험료 | 429,250원 | 총 보험료 | 결제 509,470원 | 마일리지 환급 80,220원 | 바로 가입하기",기아,K5,2014,K5 2.0,프레스티지,id1,56,남
37,2026-08-31 16:49:52,14로6902,2026-09-01,본인,롯데손해보험,"351,390","419,570","68,180","롯데손해보험 | let:click 개인용자동차보험(인터넷) | 최종 보험료 | 351,390원 | 총 보험료 | 결제 419,570원 | 마일리지 환급 68,180원 | 바로 가입하기",현대,제네시스,2026,제네시스 G80 2.5T(2024년형),2WD,id1,56,남
44,2026-08-31 17:01:12,14로6902,2026-09-01,본인,롯데손해보험,"374,100","443,780","69,680","롯데손해보험 | let:click 개인용자동차보험(인터넷) | 최종 보험료 | 374,100원 | 총 보험료 | 결제 443,780원 | 마일리지 환급 69,680원 | 바로 가입하기",현대,그랜져,2020,그랜져 IG(2019년형),IG240 프리미엄,id1,56,남
51,2026-08-31 17:14:36,14로6902,2026-09-01,본인,롯데손해보험,"426,190","505,700","79,510","롯데손해보험 | let:click 개인용자동차보험(인터넷) | 최종 보험료 | 426,190원 | 총 보험료 | 결제 505,700원 | 마일리지 환급 79,510원 | 바로 가입하기",기아,카니발,2017,"올뉴카니발2.2(디젤,9인승)",프레스티지,id1,56,남
58,2026-08-31 17:26:54,14로6902,2026-09-01,본인,롯데손해보험,"405,410","480,740","75,330","롯데손해보험 | let:click 개인용자동차보험(인터넷) | 최종 보험료 | 405,410원 | 총 보험료 | 결제 480,740원 | 마일리지 환급 75,330원 | 바로 가입하기",기아,스포티지,2014,스포티지R GDI(2WD),럭셔리,id1,56,남
65,2026-08-31 17:39:20,14로6902,2026-09-01,본인,롯데손해보험,"483,880","577,780","93,900","롯데손해보험 | let:click 개인용자동차보험(인터넷) | 최종 보험료 | 483,880원 | 총 보험료 | 결제 577,780원 | 마일리지 환급 93,900원 | 바로 가입하기",벤츠,Mercedes Benz E-Class,2023,New E 250,Avantgarde,id1,56,남
79,2026-08-31 18:05:15,14로6902,2026-09-01,본인,롯데손해보험,"481,370","573,040","91,670","롯데손해보험 | let:click 개인용자동차보험(인터넷) | 최종 보험료 | 481,370원 | 총 보험료 | 결제 573,040원 | 마일리지 환급 91,670원 | 바로 가입하기",현대,아이오닉,2020,더 뉴 아이오닉 플러그인 하이브리드,큐,id1,56,남
86,2026-08-31 18:17:03,14로6902,2026-09-01,본인,롯데손해보험,"349,550","417,360","67,810","롯데손해보험 | let:click 개인용자동차보험(인터넷) | 최종 보험료 | 349,550원 | 총 보험료 | 결제 417,360원 | 마일리지 환급 67,810원 | 바로 가입하기",기아,K9,2025,THE K9 3.8 GDI,플래티넘(AWD),id1,56,남
93,2026-08-31 18:28:54,14로6902,2026-09-01,본인,롯데손해보험,"863,040","1,034,870","171,830","롯데손해보험 | let:click 개인용자동차보험(인터넷) | 최종 보험료 | 863,040원 | 총 보험료 | 결제 1,034,870원 | 마일리지 환급 171,830원 | 바로 가입하기",Tesla,Model 3,2026,Model 3,Long Range(2022~),id1,56,남
100,2026-08-31 18:40:15,14로6902,2026-09-01,본인,롯데손해보험,"549,960","654,920","104,960","롯데손해보험 | let:click 개인용자동차보험(인터넷) | 최종 보험료 | 549,960원 | 총 보험료 | 결제 654,920원 | 마일리지 환급 104,960원 | 바로 가입하기",현대,코나,2017,코나 1.6 터보(4WD),스마트,id1,56,남
121,2026-08-31 19:12:19,14로6902,2026-09-01,본인,롯데손해보험,"359,240","429,070","69,830","롯데손해보험 | let:click 개인용자동차보험(인터넷) | 최종 보험료 | 359,240원 | 총 보험료 | 결제 429,070원 | 마일리지 환급 69,830원 | 바로 가입하기",삼성,그랑 콜레오스,2026,그랑 콜레오스 2.0 터보,테크노,id1,56,남
2,2026-08-31 15:51:04,14로6902,2026-09-01,본인,메리츠화재,"300,030","430,830","130,800","메리츠화재 | 메리츠화재 다이렉트 자동차보험(CM) | 최종 보험료 | 300,030원 | 총 보험료 | 결제 430,830원 | 마일리지 환급 130,800원 | 바로 가입하기",현대,쏘나타,2026,쏘나타 디 엣지 2.0,프리미엄,id1,56,남
9,2026-08-31 16:01:30,14로6902,2026-09-01,본인,메리츠화재,"291,470","412,910","121,440","메리츠화재 | 메리츠화재 다이렉트 자동차보험(CM) | 최종 보험료 | 291,470원 | 총 보험료 | 결제 412,910원 | 마일리지 환급 121,440원 | 바로 가입하기",현대,캐스퍼,2023,캐스퍼 1.0,스마트,id1,56,남
16,2026-08-31 16:14:17,14로6902,2026-09-01,본인,메리츠화재,"373,810","528,790","154,980","메리츠화재 | 메리츠화재 다이렉트 자동차보험(CM) | 최종 보험료 | 373,810원 | 총 보험료 | 결제 528,790원 | 마일리지 환급 154,980원 | 바로 가입하기",기아,모닝,2020,올뉴 모닝(2017),럭셔리,id1,56,남
23,2026-08-31 16:24:36,14로6902,2026-09-01,본인,메리츠화재,"403,680","574,950","171,270","메리츠화재 | 메리츠화재 다이렉트 자동차보험(CM) | 최종 보험료 | 403,680원 | 총 보험료 | 결제 574,950원 | 마일리지 환급 171,270원 | 바로 가입하기",현대,아반떼,2017,아반떼AD 1.6GDI,밸류플러스,id1,56,남
30,2026-08-31 16:36:35,14로6902,2026-09-01,본인,메리츠화재,"386,580","547,780","161,200","메리츠화재 | 메리츠화재 다이렉트 자동차보험(CM) | 최종 보험료 | 386,580원 | 총 보험료 | 결제 547,780원 | 마일리지 환급 161,200원 | 바로 가입하기",기아,K5,2014,K5 2.0,프레스티지,id1,56,남
37,2026-08-31 16:49:52,14로6902,2026-09-01,본인,메리츠화재,"287,240","413,070","125,830","메리츠화재 | 메리츠화재 다이렉트 자동차보험(CM) | 최종 보험료 | 287,240원 | 총 보험료 | 결제 413,070원 | 마일리지 환급 125,830원 | 바로 가입하기",현대,제네시스,2026,제네시스 G80 2.5T(2024년형),2WD,id1,56,남
44,2026-08-31 17:01:12,14로6902,2026-09-01,본인,메리츠화재,"333,630","474,640","141,010","메리츠화재 | 메리츠화재 다이렉트 자동차보험(CM) | 최종 보험료 | 333,630원 | 총 보험료 | 결제 474,640원 | 마일리지 환급 141,010원 | 바로 가입하기",현대,그랜져,2020,그랜져 IG(2019년형),IG240 프리미엄,id1,56,남
51,2026-08-31 17:14:36,14로6902,2026-09-01,본인,메리츠화재,"440,730","624,680","183,950","메리츠화재 | 메리츠화재 다이렉트 자동차보험(CM) | 최종 보험료 | 440,730원 | 총 보험료 | 결제 624,680원 | 마일리지 환급 183,950원 | 바로 가입하기",기아,카니발,2017,"올뉴카니발2.2(디젤,9인승)",프레스티지,id1,56,남
58,2026-08-31 17:26:54,14로6902,2026-09-01,본인,메리츠화재,"399,290","566,210","166,920","메리츠화재 | 메리츠화재 다이렉트 자동차보험(CM) | 최종 보험료 | 399,290원 | 총 보험료 | 결제 566,210원 | 마일리지 환급 166,920원 | 바로 가입하기",기아,스포티지,2014,스포티지R GDI(2WD),럭셔리,id1,56,남
65,2026-08-31 17:39:20,14로6902,2026-09-01,본인,메리츠화재,"452,470","649,920","197,450","메리츠화재 | 메리츠화재 다이렉트 자동차보험(CM) | 최종 보험료 | 452,470원 | 총 보험료 | 결제 649,920원 | 마일리지 환급 197,450원 | 바로 가입하기",벤츠,Mercedes Benz E-Class,2023,New E 250,Avantgarde,id1,56,남
79,2026-08-31 18:05:15,14로6902,2026-09-01,본인,메리츠화재,"456,120","653,340","197,220","메리츠화재 | 메리츠화재 다이렉트 자동차보험(CM) | 최종 보험료 | 456,120원 | 총 보험료 | 결제 653,340원 | 마일리지 환급 197,220원 | 바로 가입하기",현대,아이오닉,2020,더 뉴 아이오닉 플러그인 하이브리드,큐,id1,56,남
86,2026-08-31 18:17:03,14로6902,2026-09-01,본인,메리츠화재,"328,660","472,470","143,810","메리츠화재 | 메리츠화재 다이렉트 자동차보험(CM) | 최종 보험료 | 328,660원 | 총 보험료 | 결제 472,470원 | 마일리지 환급 143,810원 | 바로 가입하기",기아,K9,2025,THE K9 3.8 GDI,플래티넘(AWD),id1,56,남
93,2026-08-31 18:28:54,14로6902,2026-09-01,본인,메리츠화재,"726,410","1,050,360","323,950","메리츠화재 | 메리츠화재 다이렉트 자동차보험(CM) | 최종 보험료 | 726,410원 | 총 보험료 | 결제 1,050,360원 | 마일리지 환급 323,950원 | 바로 가입하기",Tesla,Model 3,2026,Model 3,Long Range(2022~),id1,56,남
100,2026-08-31 18:40:15,14로6902,2026-09-01,본인,메리츠화재,"431,520","615,300","183,780","메리츠화재 | 메리츠화재 다이렉트 자동차보험(CM) | 최종 보험료 | 431,520원 | 총 보험료 | 결제 615,300원 | 마일리지 환급 183,780원 | 바로 가입하기",현대,코나,2017,코나 1.6 터보(4WD),스마트,id1,56,남
121,2026-08-31 19:12:19,14로6902,2026-09-01,본인,메리츠화재,"318,170","457,130","138,960","메리츠화재 | 메리츠화재 다이렉트 자동차보험(CM) | 최종 보험료 | 318,170원 | 총 보험료 | 결제 457,130원 | 마일리지 환급 138,960원 | 바로 가입하기",삼성,그랑 콜레오스,2026,그랑 콜레오스 2.0 터보,테크노,id1,56,남
2,2026-08-31 15:51:04,14로6902,2026-09-01,본인,삼성화재,"384,630","467,250","82,620","삼성화재 | 개인용애니카다이렉트자동차보험(플랫폼) | 최종 보험료 | 384,630원 | 총 보험료 | 결제 467,250원 | 마일리지 환급 82,620원 | 바로 가입하기",현대,쏘나타,2026,쏘나타 디 엣지 2.0,프리미엄,id1,56,남
9,2026-08-31 16:01:30,14로6902,2026-09-01,본인,삼성화재,"360,390","434,870","74,480","삼성화재 | 개인용애니카다이렉트자동차보험(플랫폼) | 최종 보험료 | 360,390원 | 총 보험료 | 결제 434,870원 | 마일리지 환급 74,480원 | 바로 가입하기",현대,캐스퍼,2023,캐스퍼 1.0,스마트,id1,56,남
16,2026-08-31 16:14:17,14로6902,2026-09-01,본인,삼성화재,"423,430","511,570","88,140","삼성화재 | 개인용애니카다이렉트자동차보험(플랫폼) | 최종 보험료 | 423,430원 | 총 보험료 | 결제 511,570원 | 마일리지 환급 88,140원 | 바로 가입하기",기아,모닝,2020,올뉴 모닝(2017),럭셔리,id1,56,남
23,2026-08-31 16:24:36,14로6902,2026-09-01,본인,삼성화재,"498,670","604,130","105,460","삼성화재 | 개인용애니카다이렉트자동차보험(플랫폼) | 최종 보험료 | 498,670원 | 총 보험료 | 결제 604,130원 | 마일리지 환급 105,460원 | 바로 가입하기",현대,아반떼,2017,아반떼AD 1.6GDI,밸류플러스,id1,56,남
30,2026-08-31 16:36:35,14로6902,2026-09-01,본인,삼성화재,"491,230","594,040","102,810","삼성화재 | 개인용애니카다이렉트자동차보험(플랫폼) | 최종 보험료 | 491,230원 | 총 보험료 | 결제 594,040원 | 마일리지 환급 102,810원 | 바로 가입하기",기아,K5,2014,K5 2.0,프레스티지,id1,56,남
37,2026-08-31 16:49:52,14로6902,2026-09-01,본인,삼성화재,"361,310","439,200","77,890","삼성화재 | 개인용애니카다이렉트자동차보험(플랫폼) | 최종 보험료 | 361,310원 | 총 보험료 | 결제 439,200원 | 마일리지 환급 77,890원 | 바로 가입하기",현대,제네시스,2026,제네시스 G80 2.5T(2024년형),2WD,id1,56,남
44,2026-08-31 17:01:12,14로6902,2026-09-01,본인,삼성화재,"382,250","463,110","80,860","삼성화재 | 개인용애니카다이렉트자동차보험(플랫폼) | 최종 보험료 | 382,250원 | 총 보험료 | 결제 463,110원 | 마일리지 환급 80,860원 | 바로 가입하기",현대,그랜져,2020,그랜져 IG(2019년형),IG240 프리미엄,id1,56,남
51,2026-08-31 17:14:36,14로6902,2026-09-01,본인,삼성화재,"523,370","632,450","109,080","삼성화재 | 개인용애니카다이렉트자동차보험(플랫폼) | 최종 보험료 | 523,370원 | 총 보험료 | 결제 632,450원 | 마일리지 환급 109,080원 | 바로 가입하기",기아,카니발,2017,"올뉴카니발2.2(디젤,9인승)",프레스티지,id1,56,남
58,2026-08-31 17:26:54,14로6902,2026-09-01,본인,삼성화재,"514,420","622,320","107,900","삼성화재 | 개인용애니카다이렉트자동차보험(플랫폼) | 최종 보험료 | 514,420원 | 총 보험료 | 결제 622,320원 | 마일리지 환급 107,900원 | 바로 가입하기",기아,스포티지,2014,스포티지R GDI(2WD),럭셔리,id1,56,남
65,2026-08-31 17:39:20,14로6902,2026-09-01,본인,삼성화재,"523,130","635,060","111,930","삼성화재 | 개인용애니카다이렉트자동차보험(플랫폼) | 최종 보험료 | 523,130원 | 총 보험료 | 결제 635,060원 | 마일리지 환급 111,930원 | 바로 가입하기",벤츠,Mercedes Benz E-Class,2023,New E 250,Avantgarde,id1,56,남
79,2026-08-31 18:05:15,14로6902,2026-09-01,본인,삼성화재,"599,180","727,080","127,900","삼성화재 | 개인용애니카다이렉트자동차보험(플랫폼) | 최종 보험료 | 599,180원 | 총 보험료 | 결제 727,080원 | 마일리지 환급 127,900원 | 바로 가입하기",현대,아이오닉,2020,더 뉴 아이오닉 플러그인 하이브리드,큐,id1,56,남
86,2026-08-31 18:17:03,14로6902,2026-09-01,본인,삼성화재,"375,030","455,270","80,240","삼성화재 | 개인용애니카다이렉트자동차보험(플랫폼) | 최종 보험료 | 375,030원 | 총 보험료 | 결제 455,270원 | 마일리지 환급 80,240원 | 바로 가입하기",기아,K9,2025,THE K9 3.8 GDI,플래티넘(AWD),id1,56,남
93,2026-08-31 18:28:54,14로6902,2026-09-01,본인,삼성화재,"779,530","995,970","216,440","삼성화재 | 개인용애니카다이렉트자동차보험(플랫폼) | 최종 보험료 | 779,530원 | 총 보험료 | 결제 995,970원 | 마일리지 환급 216,440원 | 바로 가입하기",Tesla,Model 3,2026,Model 3,Long Range(2022~),id1,56,남
100,2026-08-31 18:40:15,14로6902,2026-09-01,본인,삼성화재,"497,300","602,470","105,170","삼성화재 | 개인용애니카다이렉트자동차보험(플랫폼) | 최종 보험료 | 497,300원 | 총 보험료 | 결제 602,470원 | 마일리지 환급 105,170원 | 바로 가입하기",현대,코나,2017,코나 1.6 터보(4WD),스마트,id1,56,남
121,2026-08-31 19:12:19,14로6902,2026-09-01,본인,삼성화재,"366,380","444,990","78,610","삼성화재 | 개인용애니카다이렉트자동차보험(플랫폼) | 최종 보험료 | 366,380원 | 총 보험료 | 결제 444,990원 | 마일리지 환급 78,610원 | 바로 가입하기",삼성,그랑 콜레오스,2026,그랑 콜레오스 2.0 터보,테크노,id1,56,남
2,2026-08-31 15:51:04,14로6902,2026-09-01,본인,하나손해보험,"349,260","454,640","105,380","하나손해보험 | 하나 다이렉트 자동차보험 | 최종 보험료 | 349,260원 | 총 보험료 | 결제 454,640원 | 마일리지 환급 105,380원 | 마일리지 선할인 100,930원 | 바로 가입하기",현대,쏘나타,2026,쏘나타 디 엣지 2.0,프리미엄,id1,56,남
9,2026-08-31 16:01:30,14로6902,2026-09-01,본인,하나손해보험,"319,310","412,270","92,960","하나손해보험 | 하나 다이렉트 자동차보험 | 최종 보험료 | 319,310원 | 총 보험료 | 결제 412,270원 | 마일리지 환급 92,960원 | 마일리지 선할인 89,030원 | 바로 가입하기",현대,캐스퍼,2023,캐스퍼 1.0,스마트,id1,56,남
16,2026-08-31 16:14:17,14로6902,2026-09-01,본인,하나손해보험,"395,020","508,780","113,760","하나손해보험 | 하나 다이렉트 자동차보험 | 최종 보험료 | 395,020원 | 총 보험료 | 결제 508,780원 | 마일리지 환급 113,760원 | 마일리지 선할인 108,960원 | 바로 가입하기",기아,모닝,2020,올뉴 모닝(2017),럭셔리,id1,56,남
23,2026-08-31 16:24:36,14로6902,2026-09-01,본인,하나손해보험,"441,280","569,410","128,130","하나손해보험 | 하나 다이렉트 자동차보험 | 최종 보험료 | 441,280원 | 총 보험료 | 결제 569,410원 | 마일리지 환급 128,130원 | 마일리지 선할인 122,730원 | 바로 가입하기",현대,아반떼,2017,아반떼AD 1.6GDI,밸류플러스,id1,56,남
30,2026-08-31 16:36:35,14로6902,2026-09-01,본인,하나손해보험,"464,590","600,840","136,250","하나손해보험 | 하나 다이렉트 자동차보험 | 최종 보험료 | 464,590원 | 총 보험료 | 결제 600,840원 | 마일리지 환급 136,250원 | 마일리지 선할인 130,500원 | 바로 가입하기",기아,K5,2014,K5 2.0,프레스티지,id1,56,남
37,2026-08-31 16:49:52,14로6902,2026-09-01,본인,하나손해보험,"332,350","432,480","100,130","하나손해보험 | 하나 다이렉트 자동차보험 | 최종 보험료 | 332,350원 | 총 보험료 | 결제 432,480원 | 마일리지 환급 100,130원 | 마일리지 선할인 95,900원 | 바로 가입하기",현대,제네시스,2026,제네시스 G80 2.5T(2024년형),2WD,id1,56,남
44,2026-08-31 17:01:12,14로6902,2026-09-01,본인,하나손해보험,"399,790","515,920","116,130","하나손해보험 | 하나 다이렉트 자동차보험 | 최종 보험료 | 399,790원 | 총 보험료 | 결제 515,920원 | 마일리지 환급 116,130원 | 마일리지 선할인 111,230원 | 바로 가입하기",현대,그랜져,2020,그랜져 IG(2019년형),IG240 프리미엄,id1,56,남
51,2026-08-31 17:14:36,14로6902,2026-09-01,본인,하나손해보험,"508,220","656,870","148,650","하나손해보험 | 하나 다이렉트 자동차보험 | 최종 보험료 | 508,220원 | 총 보험료 | 결제 656,870원 | 마일리지 환급 148,650원 | 마일리지 선할인 142,380원 | 바로 가입하기",기아,카니발,2017,"올뉴카니발2.2(디젤,9인승)",프레스티지,id1,56,남
58,2026-08-31 17:26:54,14로6902,2026-09-01,본인,하나손해보험,"466,400","603,220","136,820","하나손해보험 | 하나 다이렉트 자동차보험 | 최종 보험료 | 466,400원 | 총 보험료 | 결제 603,220원 | 마일리지 환급 136,820원 | 마일리지 선할인 131,040원 | 바로 가입하기",기아,스포티지,2014,스포티지R GDI(2WD),럭셔리,id1,56,남
65,2026-08-31 17:39:20,14로6902,2026-09-01,본인,하나손해보험,"517,240","672,750","155,510","하나손해보험 | 하나 다이렉트 자동차보험 | 최종 보험료 | 517,240원 | 총 보험료 | 결제 672,750원 | 마일리지 환급 155,510원 | 마일리지 선할인 148,950원 | 바로 가입하기",벤츠,Mercedes Benz E-Class,2023,New E 250,Avantgarde,id1,56,남
79,2026-08-31 18:05:15,14로6902,2026-09-01,본인,하나손해보험,"476,300","628,680","152,380","하나손해보험 | 하나 다이렉트 자동차보험 | 최종 보험료 | 476,300원 | 총 보험료 | 결제 628,680원 | 마일리지 환급 152,380원 | 마일리지 선할인 146,380원 | 바로 가입하기",현대,아이오닉,2020,더 뉴 아이오닉 플러그인 하이브리드,큐,id1,56,남
86,2026-08-31 18:17:03,14로6902,2026-09-01,본인,하나손해보험,"408,310","532,030","123,720","하나손해보험 | 하나 다이렉트 자동차보험 | 최종 보험료 | 408,310원 | 총 보험료 | 결제 532,030원 | 마일리지 환급 123,720원 | 마일리지 선할인 118,500원 | 바로 가입하기",기아,K9,2025,THE K9 3.8 GDI,플래티넘(AWD),id1,56,남
93,2026-08-31 18:28:54,14로6902,2026-09-01,본인,하나손해보험,"764,770","1,021,750","256,980","하나손해보험 | 하나 다이렉트 자동차보험 | 최종 보험료 | 764,770원 | 총 보험료 | 결제 1,021,750원 | 마일리지 환급 256,980원 | 마일리지 선할인 246,870원 | 바로 가입하기",Tesla,Model 3,2026,Model 3,Long Range(2022~),id1,56,남
100,2026-08-31 18:40:15,14로6902,2026-09-01,본인,하나손해보험,"481,650","622,320","140,670","하나손해보험 | 하나 다이렉트 자동차보험 | 최종 보험료 | 481,650원 | 총 보험료 | 결제 622,320원 | 마일리지 환급 140,670원 | 마일리지 선할인 134,740원 | 바로 가입하기",현대,코나,2017,코나 1.6 터보(4WD),스마트,id1,56,남
121,2026-08-31 19:12:19,14로6902,2026-09-01,본인,하나손해보험,"383,530","499,560","116,030","하나손해보험 | 하나 다이렉트 자동차보험 | 최종 보험료 | 383,530원 | 총 보험료 | 결제 499,560원 | 마일리지 환급 116,030원 | 마일리지 선할인 111,130원 | 바로 가입하기",삼성,그랑 콜레오스,2026,그랑 콜레오스 2.0 터보,테크노,id1,56,남
2,2026-08-31 15:51:04,14로6902,2026-09-01,본인,한화손보,"411,230","512,400","101,170","한화손보 | 캐롯 자동차보험 | 최종 보험료 | 411,230원 | 총 보험료 | 결제 512,400원 | 마일리지 환급 101,170원 | 월 납입 시 62,350원 | 바로 가입하기",현대,쏘나타,2026,쏘나타 디 엣지 2.0,프리미엄,id1,56,남
9,2026-08-31 16:01:30,14로6902,2026-09-01,본인,한화손보,"365,530","395,600","30,070","한화손보 | 캐롯 자동차보험 | 최종 보험료 | 365,530원 | 총 보험료 | 결제 395,600원 | 마일리지 환급 30,070원 | 월 납입 시 72,060원 | 바로 가입하기",현대,캐스퍼,2023,캐스퍼 1.0,스마트,id1,56,남
16,2026-08-31 16:14:17,14로6902,2026-09-01,본인,한화손보,"424,000","458,720","34,720","한화손보 | 캐롯 자동차보험 | 최종 보험료 | 424,000원 | 총 보험료 | 결제 458,720원 | 마일리지 환급 34,720원 | 월 납입 시 85,100원 | 바로 가입하기",기아,모닝,2020,올뉴 모닝(2017),럭셔리,id1,56,남
23,2026-08-31 16:24:36,14로6902,2026-09-01,본인,한화손보,"491,460","532,830","41,370","한화손보 | 캐롯 자동차보험 | 최종 보험료 | 491,460원 | 총 보험료 | 결제 532,830원 | 마일리지 환급 41,370원 | 월 납입 시 87,630원 | 바로 가입하기",현대,아반떼,2017,아반떼AD 1.6GDI,밸류플러스,id1,56,남
30,2026-08-31 16:36:35,14로6902,2026-09-01,본인,한화손보,"516,490","560,210","43,720","한화손보 | 캐롯 자동차보험 | 최종 보험료 | 516,490원 | 총 보험료 | 결제 560,210원 | 마일리지 환급 43,720원 | 월 납입 시 89,720원 | 바로 가입하기",기아,K5,2014,K5 2.0,프레스티지,id1,56,남
37,2026-08-31 16:49:52,14로6902,2026-09-01,본인,한화손보,"357,800","445,610","87,810","한화손보 | 캐롯 자동차보험 | 최종 보험료 | 357,800원 | 총 보험료 | 결제 445,610원 | 마일리지 환급 87,810원 | 월 납입 시 54,930원 | 바로 가입하기",현대,제네시스,2026,제네시스 G80 2.5T(2024년형),2WD,id1,56,남
44,2026-08-31 17:01:12,14로6902,2026-09-01,본인,한화손보,"430,330","466,480","36,150","한화손보 | 캐롯 자동차보험 | 최종 보험료 | 430,330원 | 총 보험료 | 결제 466,480원 | 마일리지 환급 36,150원 | 월 납입 시 77,380원 | 바로 가입하기",현대,그랜져,2020,그랜져 IG(2019년형),IG240 프리미엄,id1,56,남
51,2026-08-31 17:14:36,14로6902,2026-09-01,본인,한화손보,"524,220","568,450","44,230","한화손보 | 캐롯 자동차보험 | 최종 보험료 | 524,220원 | 총 보험료 | 결제 568,450원 | 마일리지 환급 44,230원 | 월 납입 시 92,360원 | 바로 가입하기",기아,카니발,2017,"올뉴카니발2.2(디젤,9인승)",프레스티지,id1,56,남
58,2026-08-31 17:26:54,14로6902,2026-09-01,본인,한화손보,"521,400","565,560","44,160","한화손보 | 캐롯 자동차보험 | 최종 보험료 | 521,400원 | 총 보험료 | 결제 565,560원 | 마일리지 환급 44,160원 | 월 납입 시 90,410원 | 바로 가입하기",기아,스포티지,2014,스포티지R GDI(2WD),럭셔리,id1,56,남
65,2026-08-31 17:39:20,14로6902,2026-09-01,본인,한화손보,"511,290","555,100","43,810","한화손보 | 캐롯 자동차보험 | 최종 보험료 | 511,290원 | 총 보험료 | 결제 555,100원 | 마일리지 환급 43,810원 | 월 납입 시 83,370원 | 바로 가입하기",벤츠,Mercedes Benz E-Class,2023,New E 250,Avantgarde,id1,56,남
79,2026-08-31 18:05:15,14로6902,2026-09-01,본인,한화손보,"515,600","559,120","43,520","한화손보 | 캐롯 자동차보험 | 최종 보험료 | 515,600원 | 총 보험료 | 결제 559,120원 | 마일리지 환급 43,520원 | 월 납입 시 90,740원 | 바로 가입하기",현대,아이오닉,2020,더 뉴 아이오닉 플러그인 하이브리드,큐,id1,56,남
86,2026-08-31 18:17:03,14로6902,2026-09-01,본인,한화손보,"400,510","435,220","34,710","한화손보 | 캐롯 자동차보험 | 최종 보험료 | 400,510원 | 총 보험료 | 결제 435,220원 | 마일리지 환급 34,710원 | 월 납입 시 61,560원 | 바로 가입하기",기아,K9,2025,THE K9 3.8 GDI,플래티넘(AWD),id1,56,남
93,2026-08-31 18:28:54,14로6902,2026-09-01,본인,한화손보,"903,420","1,127,910","224,490","한화손보 | 캐롯 자동차보험 | 최종 보험료 | 903,420원 | 총 보험료 | 결제 1,127,910원 | 마일리지 환급 224,490원 | 월 납입 시 128,830원 | 바로 가입하기",Tesla,Model 3,2026,Model 3,Long Range(2022~),id1,56,남
100,2026-08-31 18:40:15,14로6902,2026-09-01,본인,한화손보,"478,050","518,230","40,180","한화손보 | 캐롯 자동차보험 | 최종 보험료 | 478,050원 | 총 보험료 | 결제 518,230원 | 마일리지 환급 40,180원 | 월 납입 시 85,830원 | 바로 가입하기",현대,코나,2017,코나 1.6 터보(4WD),스마트,id1,56,남
121,2026-08-31 19:12:19,14로6902,2026-09-01,본인,한화손보,"399,920","498,240","98,320","한화손보 | 캐롯 자동차보험 | 최종 보험료 | 399,920원 | 총 보험료 | 결제 498,240원 | 마일리지 환급 98,320원 | 월 납입 시 60,830원 | 바로 가입하기",삼성,그랑 콜레오스,2026,그랑 콜레오스 2.0 터보,테크노,id1,56,남
2,2026-08-31 15:51:04,14로6902,2026-09-01,본인,현대해상,"329,890","454,740","124,850","현대해상 | Hicar 다이렉트 개인용자동차보험(플랫폼) | 최종 보험료 | 329,890원 | 총 보험료 | 결제 454,740원 | 마일리지 환급 124,850원 | 바로 가입하기",현대,쏘나타,2026,쏘나타 디 엣지 2.0,프리미엄,id1,56,남
9,2026-08-31 16:01:30,14로6902,2026-09-01,본인,현대해상,"346,520","472,410","125,890","현대해상 | Hicar 다이렉트 개인용자동차보험(플랫폼) | 최종 보험료 | 346,520원 | 총 보험료 | 결제 472,410원 | 마일리지 환급 125,890원 | 바로 가입하기",현대,캐스퍼,2023,캐스퍼 1.0,스마트,id1,56,남
16,2026-08-31 16:14:17,14로6902,2026-09-01,본인,현대해상,"392,480","526,590","134,110","현대해상 | Hicar 다이렉트 개인용자동차보험(플랫폼) | 최종 보험료 | 392,480원 | 총 보험료 | 결제 526,590원 | 마일리지 환급 134,110원 | 바로 가입하기",기아,모닝,2020,올뉴 모닝(2017),럭셔리,id1,56,남
23,2026-08-31 16:24:36,14로6902,2026-09-01,본인,현대해상,"444,340","598,700","154,360","현대해상 | Hicar 다이렉트 개인용자동차보험(플랫폼) | 최종 보험료 | 444,340원 | 총 보험료 | 결제 598,700원 | 마일리지 환급 154,360원 | 바로 가입하기",현대,아반떼,2017,아반떼AD 1.6GDI,밸류플러스,id1,56,남
30,2026-08-31 16:36:35,14로6902,2026-09-01,본인,현대해상,"444,710","599,180","154,470","현대해상 | Hicar 다이렉트 개인용자동차보험(플랫폼) | 최종 보험료 | 444,710원 | 총 보험료 | 결제 599,180원 | 마일리지 환급 154,470원 | 바로 가입하기",기아,K5,2014,K5 2.0,프레스티지,id1,56,남
37,2026-08-31 16:49:52,14로6902,2026-09-01,본인,현대해상,"296,580","408,490","111,910","현대해상 | Hicar 다이렉트 개인용자동차보험(플랫폼) | 최종 보험료 | 296,580원 | 총 보험료 | 결제 408,490원 | 마일리지 환급 111,910원 | 바로 가입하기",현대,제네시스,2026,제네시스 G80 2.5T(2024년형),2WD,id1,56,남
44,2026-08-31 17:01:12,14로6902,2026-09-01,본인,현대해상,"325,260","437,640","112,380","현대해상 | Hicar 다이렉트 개인용자동차보험(플랫폼) | 최종 보험료 | 325,260원 | 총 보험료 | 결제 437,640원 | 마일리지 환급 112,380원 | 바로 가입하기",현대,그랜져,2020,그랜져 IG(2019년형),IG240 프리미엄,id1,56,남
51,2026-08-31 17:14:36,14로6902,2026-09-01,본인,현대해상,"381,310","510,830","129,520","현대해상 | Hicar 다이렉트 개인용자동차보험(플랫폼) | 최종 보험료 | 381,310원 | 총 보험료 | 결제 510,830원 | 마일리지 환급 129,520원 | 바로 가입하기",기아,카니발,2017,"올뉴카니발2.2(디젤,9인승)",프레스티지,id1,56,남
58,2026-08-31 17:26:54,14로6902,2026-09-01,본인,현대해상,"456,470","615,290","158,820","현대해상 | Hicar 다이렉트 개인용자동차보험(플랫폼) | 최종 보험료 | 456,470원 | 총 보험료 | 결제 615,290원 | 마일리지 환급 158,820원 | 바로 가입하기",기아,스포티지,2014,스포티지R GDI(2WD),럭셔리,id1,56,남
79,2026-08-31 18:05:15,14로6902,2026-09-01,본인,현대해상,"432,640","584,900","152,260","현대해상 | Hicar 다이렉트 개인용자동차보험(플랫폼) | 최종 보험료 | 432,640원 | 총 보험료 | 결제 584,900원 | 마일리지 환급 152,260원 | 바로 가입하기",현대,아이오닉,2020,더 뉴 아이오닉 플러그인 하이브리드,큐,id1,56,남
86,2026-08-31 18:17:03,14로6902,2026-09-01,본인,현대해상,"308,310","424,780","116,470","현대해상 | Hicar 다이렉트 개인용자동차보험(플랫폼) | 최종 보험료 | 308,310원 | 총 보험료 | 결제 424,780원 | 마일리지 환급 116,470원 | 바로 가입하기",기아,K9,2025,THE K9 3.8 GDI,플래티넘(AWD),id1,56,남
93,2026-08-31 18:28:54,14로6902,2026-09-01,본인,현대해상,"703,360","959,820","256,460","현대해상 | Hicar 다이렉트 개인용자동차보험(플랫폼) | 최종 보험료 | 703,360원 | 총 보험료 | 결제 959,820원 | 마일리지 환급 256,460원 | 바로 가입하기",Tesla,Model 3,2026,Model 3,Long Range(2022~),id1,56,남
100,2026-08-31 18:40:15,14로6902,2026-09-01,본인,현대해상,"432,960","581,770","148,810","현대해상 | Hicar 다이렉트 개인용자동차보험(플랫폼) | 최종 보험료 | 432,960원 | 총 보험료 | 결제 581,770원 | 마일리지 환급 148,810원 | 바로 가입하기",현대,코나,2017,코나 1.6 터보(4WD),스마트,id1,56,남
121,2026-08-31 19:12:19,14로6902,2026-09-01,본인,현대해상,"347,080","472,200","125,120","현대해상 | Hicar 다이렉트 개인용자동차보험(플랫폼) | 최종 보험료 | 347,080원 | 총 보험료 | 결제 472,200원 | 마일리지 환급 125,120원 | 바로 가입하기",삼성,그랑 콜레오스,2026,그랑 콜레오스 2.0 터보,테크노,id1,56,남
2,2026-08-31 15:51:04,14로6902,2026-09-01,본인,흥국화재,"344,130","456,710","112,580","흥국화재 | 흥국다이렉트개인용자동차보험(CM) | 최종 보험료 | 344,130원 | 총 보험료 | 결제 456,710원 | 마일리지 환급 112,580원 | 바로 가입하기",현대,쏘나타,2026,쏘나타 디 엣지 2.0,프리미엄,id1,56,남
9,2026-08-31 16:01:30,14로6902,2026-09-01,본인,흥국화재,"320,610","410,090","89,480","흥국화재 | 흥국다이렉트개인용자동차보험(CM) | 최종 보험료 | 320,610원 | 총 보험료 | 결제 410,090원 | 마일리지 환급 89,480원 | 바로 가입하기",현대,캐스퍼,2023,캐스퍼 1.0,스마트,id1,56,남
16,2026-08-31 16:14:17,14로6902,2026-09-01,본인,흥국화재,"394,170","504,600","110,430","흥국화재 | 흥국다이렉트개인용자동차보험(CM) | 최종 보험료 | 394,170원 | 총 보험료 | 결제 504,600원 | 마일리지 환급 110,430원 | 바로 가입하기",기아,모닝,2020,올뉴 모닝(2017),럭셔리,id1,56,남
23,2026-08-31 16:24:36,14로6902,2026-09-01,본인,흥국화재,"483,180","620,580","137,400","흥국화재 | 흥국다이렉트개인용자동차보험(CM) | 최종 보험료 | 483,180원 | 총 보험료 | 결제 620,580원 | 마일리지 환급 137,400원 | 바로 가입하기",현대,아반떼,2017,아반떼AD 1.6GDI,밸류플러스,id1,56,남
30,2026-08-31 16:36:35,14로6902,2026-09-01,본인,흥국화재,"460,660","606,540","145,880","흥국화재 | 흥국다이렉트개인용자동차보험(CM) | 최종 보험료 | 460,660원 | 총 보험료 | 결제 606,540원 | 마일리지 환급 145,880원 | 바로 가입하기",기아,K5,2014,K5 2.0,프레스티지,id1,56,남
37,2026-08-31 16:49:52,14로6902,2026-09-01,본인,흥국화재,"325,570","432,200","106,630","흥국화재 | 흥국다이렉트개인용자동차보험(CM) | 최종 보험료 | 325,570원 | 총 보험료 | 결제 432,200원 | 마일리지 환급 106,630원 | 바로 가입하기",현대,제네시스,2026,제네시스 G80 2.5T(2024년형),2WD,id1,56,남
44,2026-08-31 17:01:12,14로6902,2026-09-01,본인,흥국화재,"381,070","501,910","120,840","흥국화재 | 흥국다이렉트개인용자동차보험(CM) | 최종 보험료 | 381,070원 | 총 보험료 | 결제 501,910원 | 마일리지 환급 120,840원 | 바로 가입하기",현대,그랜져,2020,그랜져 IG(2019년형),IG240 프리미엄,id1,56,남
58,2026-08-31 17:26:54,14로6902,2026-09-01,본인,흥국화재,"466,780","614,710","147,930","흥국화재 | 흥국다이렉트개인용자동차보험(CM) | 최종 보험료 | 466,780원 | 총 보험료 | 결제 614,710원 | 마일리지 환급 147,930원 | 바로 가입하기",기아,스포티지,2014,스포티지R GDI(2WD),럭셔리,id1,56,남
65,2026-08-31 17:39:20,14로6902,2026-09-01,본인,흥국화재,"565,520","749,240","183,720","흥국화재 | 흥국다이렉트개인용자동차보험(CM) | 최종 보험료 | 565,520원 | 총 보험료 | 결제 749,240원 | 마일리지 환급 183,720원 | 바로 가입하기",벤츠,Mercedes Benz E-Class,2023,New E 250,Avantgarde,id1,56,남
93,2026-08-31 18:28:54,14로6902,2026-09-01,본인,흥국화재,"926,430","1,232,610","306,180","흥국화재 | 흥국다이렉트개인용자동차보험(CM) | 최종 보험료 | 926,430원 | 총 보험료 | 결제 1,232,610원 | 마일리지 환급 306,180원 | 바로 가입하기",Tesla,Model 3,2026,Model 3,Long Range(2022~),id1,56,남
100,2026-08-31 18:40:15,14로6902,2026-09-01,본인,흥국화재,"489,300","628,530","139,230","흥국화재 | 흥국다이렉트개인용자동차보험(CM) | 최종 보험료 | 489,300원 | 총 보험료 | 결제 628,530원 | 마일리지 환급 139,230원 | 바로 가입하기",현대,코나,2017,코나 1.6 터보(4WD),스마트,id1,56,남
121,2026-08-31 19:12:19,14로6902,2026-09-01,본인,흥국화재,"342,230","454,180","111,950","흥국화재 | 흥국다이렉트개인용자동차보험(CM) | 최종 보험료 | 342,230원 | 총 보험료 | 결제 454,180원 | 마일리지 환급 111,950원 | 바로 가입하기",삼성,그랑 콜레오스,2026,그랑 콜레오스 2.0 터보,테크노,id1,56,남
3,2026-08-31 15:52:24,14로6902,2026-09-06,본인,AXA,"326,400","468,610","142,210","AXA손해보험 | 다이렉트 자동차보험 | 최종 보험료 | 326,400원 | 총 보험료 | 결제 468,610원 | 마일리지 환급 142,210원 | 마일리지 선할인 139,740원 | 바로 가입하기",현대,쏘나타,2026,쏘나타 디 엣지 2.0,프리미엄,id1,56,남
10,2026-08-31 16:02:51,14로6902,2026-09-06,본인,AXA,"341,420","483,130","141,710","AXA손해보험 | 다이렉트 자동차보험 | 최종 보험료 | 341,420원 | 총 보험료 | 결제 483,130원 | 마일리지 환급 141,710원 | 마일리지 선할인 139,220원 | 바로 가입하기",현대,캐스퍼,2023,캐스퍼 1.0,스마트,id1,56,남
24,2026-08-31 16:25:59,14로6902,2026-09-06,본인,AXA,"457,140","590,950","133,810","AXA손해보험 | 다이렉트 자동차보험 | 최종 보험료 | 457,140원 | 총 보험료 | 결제 590,950원 | 마일리지 환급 133,810원 | 마일리지 선할인 130,370원 | 바로 가입하기",현대,아반떼,2017,아반떼AD 1.6GDI,밸류플러스,id1,56,남
31,2026-08-31 16:39:12,14로6902,2026-09-06,본인,AXA,"471,870","607,690","135,820","AXA손해보험 | 다이렉트 자동차보험 | 최종 보험료 | 471,870원 | 총 보험료 | 결제 607,690원 | 마일리지 환급 135,820원 | 마일리지 선할인 132,350원 | 바로 가입하기",기아,K5,2014,K5 2.0,프레스티지,id1,56,남
38,2026-08-31 16:51:13,14로6902,2026-09-06,본인,AXA,"313,420","450,150","136,730","AXA손해보험 | 다이렉트 자동차보험 | 최종 보험료 | 313,420원 | 총 보험료 | 결제 450,150원 | 마일리지 환급 136,730원 | 마일리지 선할인 134,330원 | 바로 가입하기",현대,제네시스,2026,제네시스 G80 2.5T(2024년형),2WD,id1,56,남
45,2026-08-31 17:02:32,14로6902,2026-09-06,본인,AXA,"349,440","496,460","147,020","AXA손해보험 | 다이렉트 자동차보험 | 최종 보험료 | 349,440원 | 총 보험료 | 결제 496,460원 | 마일리지 환급 147,020원 | 마일리지 선할인 144,460원 | 바로 가입하기",현대,그랜져,2020,그랜져 IG(2019년형),IG240 프리미엄,id1,56,남
52,2026-08-31 17:16:15,14로6902,2026-09-06,본인,AXA,"484,280","624,500","140,220","AXA손해보험 | 다이렉트 자동차보험 | 최종 보험료 | 484,280원 | 총 보험료 | 결제 624,500원 | 마일리지 환급 140,220원 | 마일리지 선할인 136,610원 | 바로 가입하기",기아,카니발,2017,"올뉴카니발2.2(디젤,9인승)",프레스티지,id1,56,남
59,2026-08-31 17:28:30,14로6902,2026-09-06,본인,AXA,"466,810","601,090","134,280","AXA손해보험 | 다이렉트 자동차보험 | 최종 보험료 | 466,810원 | 총 보험료 | 결제 601,090원 | 마일리지 환급 134,280원 | 마일리지 선할인 130,850원 | 바로 가입하기",기아,스포티지,2014,스포티지R GDI(2WD),럭셔리,id1,56,남
66,2026-08-31 17:42:12,14로6902,2026-09-06,본인,AXA,"499,480","716,570","217,090","AXA손해보험 | 다이렉트 자동차보험 | 최종 보험료 | 499,480원 | 총 보험료 | 결제 716,570원 | 마일리지 환급 217,090원 | 마일리지 선할인 213,290원 | 바로 가입하기",벤츠,Mercedes Benz E-Class,2023,New E 250,Avantgarde,id1,56,남
73,2026-08-31 17:53:50,14로6902,2026-09-06,본인,AXA,"339,430","485,650","146,220","AXA손해보험 | 다이렉트 자동차보험 | 최종 보험료 | 339,430원 | 총 보험료 | 결제 485,650원 | 마일리지 환급 146,220원 | 마일리지 선할인 143,640원 | 바로 가입하기",기아,RAY,2025,THE NEW RAY 1.0,베스트 셀렉션,id1,56,남
80,2026-08-31 18:07:04,14로6902,2026-09-06,본인,AXA,"398,650","665,010","266,360","AXA손해보험 | 다이렉트 자동차보험 | 최종 보험료 | 398,650원 | 총 보험료 | 결제 665,010원 | 마일리지 환급 266,360원 | 마일리지 선할인 263,380원 | 바로 가입하기",현대,아이오닉,2020,더 뉴 아이오닉 플러그인 하이브리드,큐,id1,56,남
101,2026-08-31 18:43:27,14로6902,2026-09-06,본인,AXA,"479,030","619,570","140,540","AXA손해보험 | 다이렉트 자동차보험 | 최종 보험료 | 479,030원 | 총 보험료 | 결제 619,570원 | 마일리지 환급 140,540원 | 마일리지 선할인 136,950원 | 바로 가입하기",현대,코나,2017,코나 1.6 터보(4WD),스마트,id1,56,남
108,2026-08-31 18:53:34,14로6902,2026-09-06,본인,AXA,"412,780","589,600","176,820","AXA손해보험 | 다이렉트 자동차보험 | 최종 보험료 | 412,780원 | 총 보험료 | 결제 589,600원 | 마일리지 환급 176,820원 | 마일리지 선할인 173,730원 | 바로 가입하기",현대,스타리아,2022,스타리아 라운지,리무진(2WD),id1,56,남
115,2026-08-31 19:04:30,14로6902,2026-09-06,본인,AXA,"491,220","633,000","141,780","AXA손해보험 | 다이렉트 자동차보험 | 최종 보험료 | 491,220원 | 총 보험료 | 결제 633,000원 | 마일리지 환급 141,780원 | 마일리지 선할인 138,160원 | 바로 가입하기",기아,스포티지,2016,THE SUV 스포티지(2WD),노블레스,id1,56,남
3,2026-08-31 15:52:24,14로6902,2026-09-06,본인,DB손해보험,"427,160","532,810","105,650","DB손해보험 | 프로미카 다이렉트개인용자동차보험(플랫폼) | 최종 보험료 | 427,160원 | 총 보험료 | 결제 532,810원 | 마일리지 환급 105,650원 | 바로 가입하기",현대,쏘나타,2026,쏘나타 디 엣지 2.0,프리미엄,id1,56,남
10,2026-08-31 16:02:51,14로6902,2026-09-06,본인,DB손해보험,"384,520","476,360","91,840","DB손해보험 | 프로미카 다이렉트개인용자동차보험(플랫폼) | 최종 보험료 | 384,520원 | 총 보험료 | 결제 476,360원 | 마일리지 환급 91,840원 | 바로 가입하기",현대,캐스퍼,2023,캐스퍼 1.0,스마트,id1,56,남
24,2026-08-31 16:25:59,14로6902,2026-09-06,본인,DB손해보험,"525,250","652,450","127,200","DB손해보험 | 프로미카 다이렉트개인용자동차보험(플랫폼) | 최종 보험료 | 525,250원 | 총 보험료 | 결제 652,450원 | 마일리지 환급 127,200원 | 바로 가입하기",현대,아반떼,2017,아반떼AD 1.6GDI,밸류플러스,id1,56,남
31,2026-08-31 16:39:12,14로6902,2026-09-06,본인,DB손해보험,"512,710","635,550","122,840","DB손해보험 | 프로미카 다이렉트개인용자동차보험(플랫폼) | 최종 보험료 | 512,710원 | 총 보험료 | 결제 635,550원 | 마일리지 환급 122,840원 | 바로 가입하기",기아,K5,2014,K5 2.0,프레스티지,id1,56,남
38,2026-08-31 16:51:13,14로6902,2026-09-06,본인,DB손해보험,"375,720","468,640","92,920","DB손해보험 | 프로미카 다이렉트개인용자동차보험(플랫폼) | 최종 보험료 | 375,720원 | 총 보험료 | 결제 468,640원 | 마일리지 환급 92,920원 | 바로 가입하기",현대,제네시스,2026,제네시스 G80 2.5T(2024년형),2WD,id1,56,남
45,2026-08-31 17:02:32,14로6902,2026-09-06,본인,DB손해보험,"411,970","511,490","99,520","DB손해보험 | 프로미카 다이렉트개인용자동차보험(플랫폼) | 최종 보험료 | 411,970원 | 총 보험료 | 결제 511,490원 | 마일리지 환급 99,520원 | 바로 가입하기",현대,그랜져,2020,그랜져 IG(2019년형),IG240 프리미엄,id1,56,남
52,2026-08-31 17:16:15,14로6902,2026-09-06,본인,DB손해보험,"531,560","683,850","152,290","DB손해보험 | 프로미카 다이렉트개인용자동차보험(플랫폼) | 최종 보험료 | 531,560원 | 총 보험료 | 결제 683,850원 | 마일리지 환급 152,290원 | 바로 가입하기",기아,카니발,2017,"올뉴카니발2.2(디젤,9인승)",프레스티지,id1,56,남
59,2026-08-31 17:28:30,14로6902,2026-09-06,본인,DB손해보험,"529,270","656,240","126,970","DB손해보험 | 프로미카 다이렉트개인용자동차보험(플랫폼) | 최종 보험료 | 529,270원 | 총 보험료 | 결제 656,240원 | 마일리지 환급 126,970원 | 바로 가입하기",기아,스포티지,2014,스포티지R GDI(2WD),럭셔리,id1,56,남
66,2026-08-31 17:42:12,14로6902,2026-09-06,본인,DB손해보험,"543,850","676,880","133,030","DB손해보험 | 프로미카 다이렉트개인용자동차보험(플랫폼) | 최종 보험료 | 543,850원 | 총 보험료 | 결제 676,880원 | 마일리지 환급 133,030원 | 바로 가입하기",벤츠,Mercedes Benz E-Class,2023,New E 250,Avantgarde,id1,56,남
73,2026-08-31 17:53:50,14로6902,2026-09-06,본인,DB손해보험,"415,330","515,900","100,570","DB손해보험 | 프로미카 다이렉트개인용자동차보험(플랫폼) | 최종 보험료 | 415,330원 | 총 보험료 | 결제 515,900원 | 마일리지 환급 100,570원 | 바로 가입하기",기아,RAY,2025,THE NEW RAY 1.0,베스트 셀렉션,id1,56,남
80,2026-08-31 18:07:04,14로6902,2026-09-06,본인,DB손해보험,"555,020","690,010","134,990","DB손해보험 | 프로미카 다이렉트개인용자동차보험(플랫폼) | 최종 보험료 | 555,020원 | 총 보험료 | 결제 690,010원 | 마일리지 환급 134,990원 | 바로 가입하기",현대,아이오닉,2020,더 뉴 아이오닉 플러그인 하이브리드,큐,id1,56,남
101,2026-08-31 18:43:27,14로6902,2026-09-06,본인,DB손해보험,"534,080","663,470","129,390","DB손해보험 | 프로미카 다이렉트개인용자동차보험(플랫폼) | 최종 보험료 | 534,080원 | 총 보험료 | 결제 663,470원 | 마일리지 환급 129,390원 | 바로 가입하기",현대,코나,2017,코나 1.6 터보(4WD),스마트,id1,56,남
108,2026-08-31 18:53:34,14로6902,2026-09-06,본인,DB손해보험,"532,160","686,580","154,420","DB손해보험 | 프로미카 다이렉트개인용자동차보험(플랫폼) | 최종 보험료 | 532,160원 | 총 보험료 | 결제 686,580원 | 마일리지 환급 154,420원 | 바로 가입하기",현대,스타리아,2022,스타리아 라운지,리무진(2WD),id1,56,남
115,2026-08-31 19:04:30,14로6902,2026-09-06,본인,DB손해보험,"558,270","693,060","134,790","DB손해보험 | 프로미카 다이렉트개인용자동차보험(플랫폼) | 최종 보험료 | 558,270원 | 총 보험료 | 결제 693,060원 | 마일리지 환급 134,790원 | 바로 가입하기",기아,스포티지,2016,THE SUV 스포티지(2WD),노블레스,id1,56,남
3,2026-08-31 15:52:24,14로6902,2026-09-06,본인,KB손해보험,"338,290","455,510","117,220","KB손해보험 | KB다이렉트(플랫폼)개인용자동차보험 | 최종 보험료 | 338,290원 | 총 보험료 | 결제 455,510원 | 마일리지 환급 117,220원 | 바로 가입하기",현대,쏘나타,2026,쏘나타 디 엣지 2.0,프리미엄,id1,56,남
10,2026-08-31 16:02:51,14로6902,2026-09-06,본인,KB손해보험,"333,190","443,510","110,320","KB손해보험 | KB다이렉트(플랫폼)개인용자동차보험 | 최종 보험료 | 333,190원 | 총 보험료 | 결제 443,510원 | 마일리지 환급 110,320원 | 바로 가입하기",현대,캐스퍼,2023,캐스퍼 1.0,스마트,id1,56,남
24,2026-08-31 16:25:59,14로6902,2026-09-06,본인,KB손해보험,"451,130","577,610","126,480","KB손해보험 | KB다이렉트(플랫폼)개인용자동차보험 | 최종 보험료 | 451,130원 | 총 보험료 | 결제 577,610원 | 마일리지 환급 126,480원 | 바로 가입하기",현대,아반떼,2017,아반떼AD 1.6GDI,밸류플러스,id1,56,남
31,2026-08-31 16:39:12,14로6902,2026-09-06,본인,KB손해보험,"465,100","593,770","128,670","KB손해보험 | KB다이렉트(플랫폼)개인용자동차보험 | 최종 보험료 | 465,100원 | 총 보험료 | 결제 593,770원 | 마일리지 환급 128,670원 | 바로 가입하기",기아,K5,2014,K5 2.0,프레스티지,id1,56,남
38,2026-08-31 16:51:13,14로6902,2026-09-06,본인,KB손해보험,"330,070","444,870","114,800","KB손해보험 | KB다이렉트(플랫폼)개인용자동차보험 | 최종 보험료 | 330,070원 | 총 보험료 | 결제 444,870원 | 마일리지 환급 114,800원 | 바로 가입하기",현대,제네시스,2026,제네시스 G80 2.5T(2024년형),2WD,id1,56,남
45,2026-08-31 17:02:32,14로6902,2026-09-06,본인,KB손해보험,"384,360","491,540","107,180","KB손해보험 | KB다이렉트(플랫폼)개인용자동차보험 | 최종 보험료 | 384,360원 | 총 보험료 | 결제 491,540원 | 마일리지 환급 107,180원 | 바로 가입하기",현대,그랜져,2020,그랜져 IG(2019년형),IG240 프리미엄,id1,56,남
52,2026-08-31 17:16:15,14로6902,2026-09-06,본인,KB손해보험,"484,880","617,380","132,500","KB손해보험 | KB다이렉트(플랫폼)개인용자동차보험 | 최종 보험료 | 484,880원 | 총 보험료 | 결제 617,380원 | 마일리지 환급 132,500원 | 바로 가입하기",기아,카니발,2017,"올뉴카니발2.2(디젤,9인승)",프레스티지,id1,56,남
59,2026-08-31 17:28:30,14로6902,2026-09-06,본인,KB손해보험,"450,030","574,310","124,280","KB손해보험 | KB다이렉트(플랫폼)개인용자동차보험 | 최종 보험료 | 450,030원 | 총 보험료 | 결제 574,310원 | 마일리지 환급 124,280원 | 바로 가입하기",기아,스포티지,2014,스포티지R GDI(2WD),럭셔리,id1,56,남
66,2026-08-31 17:42:12,14로6902,2026-09-06,본인,KB손해보험,"481,780","647,540","165,760","KB손해보험 | KB다이렉트(플랫폼)개인용자동차보험 | 최종 보험료 | 481,780원 | 총 보험료 | 결제 647,540원 | 마일리지 환급 165,760원 | 바로 가입하기",벤츠,Mercedes Benz E-Class,2023,New E 250,Avantgarde,id1,56,남
73,2026-08-31 17:53:50,14로6902,2026-09-06,본인,KB손해보험,"329,450","440,550","111,100","KB손해보험 | KB다이렉트(플랫폼)개인용자동차보험 | 최종 보험료 | 329,450원 | 총 보험료 | 결제 440,550원 | 마일리지 환급 111,100원 | 바로 가입하기",기아,RAY,2025,THE NEW RAY 1.0,베스트 셀렉션,id1,56,남
80,2026-08-31 18:07:04,14로6902,2026-09-06,본인,KB손해보험,"525,740","674,330","148,590","KB손해보험 | KB다이렉트(플랫폼)개인용자동차보험 | 최종 보험료 | 525,740원 | 총 보험료 | 결제 674,330원 | 마일리지 환급 148,590원 | 바로 가입하기",현대,아이오닉,2020,더 뉴 아이오닉 플러그인 하이브리드,큐,id1,56,남
101,2026-08-31 18:43:27,14로6902,2026-09-06,본인,KB손해보험,"454,600","582,100","127,500","KB손해보험 | KB다이렉트(플랫폼)개인용자동차보험 | 최종 보험료 | 454,600원 | 총 보험료 | 결제 582,100원 | 마일리지 환급 127,500원 | 바로 가입하기",현대,코나,2017,코나 1.6 터보(4WD),스마트,id1,56,남
108,2026-08-31 18:53:34,14로6902,2026-09-06,본인,KB손해보험,"432,780","577,510","144,730","KB손해보험 | KB다이렉트(플랫폼)개인용자동차보험 | 최종 보험료 | 432,780원 | 총 보험료 | 결제 577,510원 | 마일리지 환급 144,730원 | 바로 가입하기",현대,스타리아,2022,스타리아 라운지,리무진(2WD),id1,56,남
115,2026-08-31 19:04:30,14로6902,2026-09-06,본인,KB손해보험,"509,080","651,140","142,060","KB손해보험 | KB다이렉트(플랫폼)개인용자동차보험 | 최종 보험료 | 509,080원 | 총 보험료 | 결제 651,140원 | 마일리지 환급 142,060원 | 바로 가입하기",기아,스포티지,2016,THE SUV 스포티지(2WD),노블레스,id1,56,남
3,2026-08-31 15:52:24,14로6902,2026-09-06,본인,롯데손해보험,"355,900","425,050","69,150","롯데손해보험 | let:click 개인용자동차보험(인터넷) | 최종 보험료 | 355,900원 | 총 보험료 | 결제 425,050원 | 마일리지 환급 69,150원 | 바로 가입하기",현대,쏘나타,2026,쏘나타 디 엣지 2.0,프리미엄,id1,56,남
10,2026-08-31 16:02:51,14로6902,2026-09-06,본인,롯데손해보험,"329,610","391,940","62,330","롯데손해보험 | let:click 개인용자동차보험(인터넷) | 최종 보험료 | 329,610원 | 총 보험료 | 결제 391,940원 | 마일리지 환급 62,330원 | 바로 가입하기",현대,캐스퍼,2023,캐스퍼 1.0,스마트,id1,56,남
24,2026-08-31 16:25:59,14로6902,2026-09-06,본인,롯데손해보험,"506,060","602,030","95,970","롯데손해보험 | let:click 개인용자동차보험(인터넷) | 최종 보험료 | 506,060원 | 총 보험료 | 결제 602,030원 | 마일리지 환급 95,970원 | 바로 가입하기",현대,아반떼,2017,아반떼AD 1.6GDI,밸류플러스,id1,56,남
31,2026-08-31 16:39:12,14로6902,2026-09-06,본인,롯데손해보험,"429,250","509,470","80,220","롯데손해보험 | let:click 개인용자동차보험(인터넷) | 최종 보험료 | 429,250원 | 총 보험료 | 결제 509,470원 | 마일리지 환급 80,220원 | 바로 가입하기",기아,K5,2014,K5 2.0,프레스티지,id1,56,남
38,2026-08-31 16:51:13,14로6902,2026-09-06,본인,롯데손해보험,"351,390","419,570","68,180","롯데손해보험 | let:click 개인용자동차보험(인터넷) | 최종 보험료 | 351,390원 | 총 보험료 | 결제 419,570원 | 마일리지 환급 68,180원 | 바로 가입하기",현대,제네시스,2026,제네시스 G80 2.5T(2024년형),2WD,id1,56,남
45,2026-08-31 17:02:32,14로6902,2026-09-06,본인,롯데손해보험,"374,100","443,780","69,680","롯데손해보험 | let:click 개인용자동차보험(인터넷) | 최종 보험료 | 374,100원 | 총 보험료 | 결제 443,780원 | 마일리지 환급 69,680원 | 바로 가입하기",현대,그랜져,2020,그랜져 IG(2019년형),IG240 프리미엄,id1,56,남
52,2026-08-31 17:16:15,14로6902,2026-09-06,본인,롯데손해보험,"426,190","505,700","79,510","롯데손해보험 | let:click 개인용자동차보험(인터넷) | 최종 보험료 | 426,190원 | 총 보험료 | 결제 505,700원 | 마일리지 환급 79,510원 | 바로 가입하기",기아,카니발,2017,"올뉴카니발2.2(디젤,9인승)",프레스티지,id1,56,남
59,2026-08-31 17:28:30,14로6902,2026-09-06,본인,롯데손해보험,"405,410","480,740","75,330","롯데손해보험 | let:click 개인용자동차보험(인터넷) | 최종 보험료 | 405,410원 | 총 보험료 | 결제 480,740원 | 마일리지 환급 75,330원 | 바로 가입하기",기아,스포티지,2014,스포티지R GDI(2WD),럭셔리,id1,56,남
66,2026-08-31 17:42:12,14로6902,2026-09-06,본인,롯데손해보험,"483,880","577,780","93,900","롯데손해보험 | let:click 개인용자동차보험(인터넷) | 최종 보험료 | 483,880원 | 총 보험료 | 결제 577,780원 | 마일리지 환급 93,900원 | 바로 가입하기",벤츠,Mercedes Benz E-Class,2023,New E 250,Avantgarde,id1,56,남
73,2026-08-31 17:53:50,14로6902,2026-09-06,본인,롯데손해보험,"378,260","451,880","73,620","롯데손해보험 | let:click 개인용자동차보험(인터넷) | 최종 보험료 | 378,260원 | 총 보험료 | 결제 451,880원 | 마일리지 환급 73,620원 | 바로 가입하기",기아,RAY,2025,THE NEW RAY 1.0,베스트 셀렉션,id1,56,남
80,2026-08-31 18:07:04,14로6902,2026-09-06,본인,롯데손해보험,"481,370","573,040","91,670","롯데손해보험 | let:click 개인용자동차보험(인터넷) | 최종 보험료 | 481,370원 | 총 보험료 | 결제 573,040원 | 마일리지 환급 91,670원 | 바로 가입하기",현대,아이오닉,2020,더 뉴 아이오닉 플러그인 하이브리드,큐,id1,56,남
101,2026-08-31 18:43:27,14로6902,2026-09-06,본인,롯데손해보험,"549,960","654,920","104,960","롯데손해보험 | let:click 개인용자동차보험(인터넷) | 최종 보험료 | 549,960원 | 총 보험료 | 결제 654,920원 | 마일리지 환급 104,960원 | 바로 가입하기",현대,코나,2017,코나 1.6 터보(4WD),스마트,id1,56,남
108,2026-08-31 18:53:34,14로6902,2026-09-06,본인,롯데손해보험,"392,540","467,650","75,110","롯데손해보험 | let:click 개인용자동차보험(인터넷) | 최종 보험료 | 392,540원 | 총 보험료 | 결제 467,650원 | 마일리지 환급 75,110원 | 바로 가입하기",현대,스타리아,2022,스타리아 라운지,리무진(2WD),id1,56,남
115,2026-08-31 19:04:30,14로6902,2026-09-06,본인,롯데손해보험,"469,170","557,560","88,390","롯데손해보험 | let:click 개인용자동차보험(인터넷) | 최종 보험료 | 469,170원 | 총 보험료 | 결제 557,560원 | 마일리지 환급 88,390원 | 바로 가입하기",기아,스포티지,2016,THE SUV 스포티지(2WD),노블레스,id1,56,남
3,2026-08-31 15:52:24,14로6902,2026-09-06,본인,메리츠화재,"300,030","430,830","130,800","메리츠화재 | 메리츠화재 다이렉트 자동차보험(CM) | 최종 보험료 | 300,030원 | 총 보험료 | 결제 430,830원 | 마일리지 환급 130,800원 | 바로 가입하기",현대,쏘나타,2026,쏘나타 디 엣지 2.0,프리미엄,id1,56,남
10,2026-08-31 16:02:51,14로6902,2026-09-06,본인,메리츠화재,"291,470","412,910","121,440","메리츠화재 | 메리츠화재 다이렉트 자동차보험(CM) | 최종 보험료 | 291,470원 | 총 보험료 | 결제 412,910원 | 마일리지 환급 121,440원 | 바로 가입하기",현대,캐스퍼,2023,캐스퍼 1.0,스마트,id1,56,남
24,2026-08-31 16:25:59,14로6902,2026-09-06,본인,메리츠화재,"403,680","574,950","171,270","메리츠화재 | 메리츠화재 다이렉트 자동차보험(CM) | 최종 보험료 | 403,680원 | 총 보험료 | 결제 574,950원 | 마일리지 환급 171,270원 | 바로 가입하기",현대,아반떼,2017,아반떼AD 1.6GDI,밸류플러스,id1,56,남
31,2026-08-31 16:39:12,14로6902,2026-09-06,본인,메리츠화재,"386,580","547,780","161,200","메리츠화재 | 메리츠화재 다이렉트 자동차보험(CM) | 최종 보험료 | 386,580원 | 총 보험료 | 결제 547,780원 | 마일리지 환급 161,200원 | 바로 가입하기",기아,K5,2014,K5 2.0,프레스티지,id1,56,남
38,2026-08-31 16:51:13,14로6902,2026-09-06,본인,메리츠화재,"287,240","413,070","125,830","메리츠화재 | 메리츠화재 다이렉트 자동차보험(CM) | 최종 보험료 | 287,240원 | 총 보험료 | 결제 413,070원 | 마일리지 환급 125,830원 | 바로 가입하기",현대,제네시스,2026,제네시스 G80 2.5T(2024년형),2WD,id1,56,남
45,2026-08-31 17:02:32,14로6902,2026-09-06,본인,메리츠화재,"333,630","474,640","141,010","메리츠화재 | 메리츠화재 다이렉트 자동차보험(CM) | 최종 보험료 | 333,630원 | 총 보험료 | 결제 474,640원 | 마일리지 환급 141,010원 | 바로 가입하기",현대,그랜져,2020,그랜져 IG(2019년형),IG240 프리미엄,id1,56,남
52,2026-08-31 17:16:15,14로6902,2026-09-06,본인,메리츠화재,"440,730","624,680","183,950","메리츠화재 | 메리츠화재 다이렉트 자동차보험(CM) | 최종 보험료 | 440,730원 | 총 보험료 | 결제 624,680원 | 마일리지 환급 183,950원 | 바로 가입하기",기아,카니발,2017,"올뉴카니발2.2(디젤,9인승)",프레스티지,id1,56,남
59,2026-08-31 17:28:30,14로6902,2026-09-06,본인,메리츠화재,"399,290","566,210","166,920","메리츠화재 | 메리츠화재 다이렉트 자동차보험(CM) | 최종 보험료 | 399,290원 | 총 보험료 | 결제 566,210원 | 마일리지 환급 166,920원 | 바로 가입하기",기아,스포티지,2014,스포티지R GDI(2WD),럭셔리,id1,56,남
66,2026-08-31 17:42:12,14로6902,2026-09-06,본인,메리츠화재,"452,470","649,920","197,450","메리츠화재 | 메리츠화재 다이렉트 자동차보험(CM) | 최종 보험료 | 452,470원 | 총 보험료 | 결제 649,920원 | 마일리지 환급 197,450원 | 바로 가입하기",벤츠,Mercedes Benz E-Class,2023,New E 250,Avantgarde,id1,56,남
73,2026-08-31 17:53:50,14로6902,2026-09-06,본인,메리츠화재,"321,280","459,810","138,530","메리츠화재 | 메리츠화재 다이렉트 자동차보험(CM) | 최종 보험료 | 321,280원 | 총 보험료 | 결제 459,810원 | 마일리지 환급 138,530원 | 바로 가입하기",기아,RAY,2025,THE NEW RAY 1.0,베스트 셀렉션,id1,56,남
80,2026-08-31 18:07:04,14로6902,2026-09-06,본인,메리츠화재,"456,120","653,340","197,220","메리츠화재 | 메리츠화재 다이렉트 자동차보험(CM) | 최종 보험료 | 456,120원 | 총 보험료 | 결제 653,340원 | 마일리지 환급 197,220원 | 바로 가입하기",현대,아이오닉,2020,더 뉴 아이오닉 플러그인 하이브리드,큐,id1,56,남
101,2026-08-31 18:43:27,14로6902,2026-09-06,본인,메리츠화재,"431,520","615,300","183,780","메리츠화재 | 메리츠화재 다이렉트 자동차보험(CM) | 최종 보험료 | 431,520원 | 총 보험료 | 결제 615,300원 | 마일리지 환급 183,780원 | 바로 가입하기",현대,코나,2017,코나 1.6 터보(4WD),스마트,id1,56,남
108,2026-08-31 18:53:34,14로6902,2026-09-06,본인,메리츠화재,"359,840","511,840","152,000","메리츠화재 | 메리츠화재 다이렉트 자동차보험(CM) | 최종 보험료 | 359,840원 | 총 보험료 | 결제 511,840원 | 마일리지 환급 152,000원 | 바로 가입하기",현대,스타리아,2022,스타리아 라운지,리무진(2WD),id1,56,남
115,2026-08-31 19:04:30,14로6902,2026-09-06,본인,메리츠화재,"456,530","649,980","193,450","메리츠화재 | 메리츠화재 다이렉트 자동차보험(CM) | 최종 보험료 | 456,530원 | 총 보험료 | 결제 649,980원 | 마일리지 환급 193,450원 | 바로 가입하기",기아,스포티지,2016,THE SUV 스포티지(2WD),노블레스,id1,56,남
3,2026-08-31 15:52:24,14로6902,2026-09-06,본인,삼성화재,"384,630","467,250","82,620","삼성화재 | 개인용애니카다이렉트자동차보험(플랫폼) | 최종 보험료 | 384,630원 | 총 보험료 | 결제 467,250원 | 마일리지 환급 82,620원 | 바로 가입하기",현대,쏘나타,2026,쏘나타 디 엣지 2.0,프리미엄,id1,56,남
10,2026-08-31 16:02:51,14로6902,2026-09-06,본인,삼성화재,"360,390","434,870","74,480","삼성화재 | 개인용애니카다이렉트자동차보험(플랫폼) | 최종 보험료 | 360,390원 | 총 보험료 | 결제 434,870원 | 마일리지 환급 74,480원 | 바로 가입하기",현대,캐스퍼,2023,캐스퍼 1.0,스마트,id1,56,남
24,2026-08-31 16:25:59,14로6902,2026-09-06,본인,삼성화재,"498,670","604,130","105,460","삼성화재 | 개인용애니카다이렉트자동차보험(플랫폼) | 최종 보험료 | 498,670원 | 총 보험료 | 결제 604,130원 | 마일리지 환급 105,460원 | 바로 가입하기",현대,아반떼,2017,아반떼AD 1.6GDI,밸류플러스,id1,56,남
31,2026-08-31 16:39:12,14로6902,2026-09-06,본인,삼성화재,"491,230","594,040","102,810","삼성화재 | 개인용애니카다이렉트자동차보험(플랫폼) | 최종 보험료 | 491,230원 | 총 보험료 | 결제 594,040원 | 마일리지 환급 102,810원 | 바로 가입하기",기아,K5,2014,K5 2.0,프레스티지,id1,56,남
38,2026-08-31 16:51:13,14로6902,2026-09-06,본인,삼성화재,"361,310","439,200","77,890","삼성화재 | 개인용애니카다이렉트자동차보험(플랫폼) | 최종 보험료 | 361,310원 | 총 보험료 | 결제 439,200원 | 마일리지 환급 77,890원 | 바로 가입하기",현대,제네시스,2026,제네시스 G80 2.5T(2024년형),2WD,id1,56,남
45,2026-08-31 17:02:32,14로6902,2026-09-06,본인,삼성화재,"382,250","463,110","80,860","삼성화재 | 개인용애니카다이렉트자동차보험(플랫폼) | 최종 보험료 | 382,250원 | 총 보험료 | 결제 463,110원 | 마일리지 환급 80,860원 | 바로 가입하기",현대,그랜져,2020,그랜져 IG(2019년형),IG240 프리미엄,id1,56,남
52,2026-08-31 17:16:15,14로6902,2026-09-06,본인,삼성화재,"523,370","632,450","109,080","삼성화재 | 개인용애니카다이렉트자동차보험(플랫폼) | 최종 보험료 | 523,370원 | 총 보험료 | 결제 632,450원 | 마일리지 환급 109,080원 | 바로 가입하기",기아,카니발,2017,"올뉴카니발2.2(디젤,9인승)",프레스티지,id1,56,남
59,2026-08-31 17:28:30,14로6902,2026-09-06,본인,삼성화재,"514,420","622,320","107,900","삼성화재 | 개인용애니카다이렉트자동차보험(플랫폼) | 최종 보험료 | 514,420원 | 총 보험료 | 결제 622,320원 | 마일리지 환급 107,900원 | 바로 가입하기",기아,스포티지,2014,스포티지R GDI(2WD),럭셔리,id1,56,남
66,2026-08-31 17:42:12,14로6902,2026-09-06,본인,삼성화재,"523,130","635,060","111,930","삼성화재 | 개인용애니카다이렉트자동차보험(플랫폼) | 최종 보험료 | 523,130원 | 총 보험료 | 결제 635,060원 | 마일리지 환급 111,930원 | 바로 가입하기",벤츠,Mercedes Benz E-Class,2023,New E 250,Avantgarde,id1,56,남
73,2026-08-31 17:53:50,14로6902,2026-09-06,본인,삼성화재,"390,340","472,760","82,420","삼성화재 | 개인용애니카다이렉트자동차보험(플랫폼) | 최종 보험료 | 390,340원 | 총 보험료 | 결제 472,760원 | 마일리지 환급 82,420원 | 바로 가입하기",기아,RAY,2025,THE NEW RAY 1.0,베스트 셀렉션,id1,56,남
80,2026-08-31 18:07:04,14로6902,2026-09-06,본인,삼성화재,"599,180","727,080","127,900","삼성화재 | 개인용애니카다이렉트자동차보험(플랫폼) | 최종 보험료 | 599,180원 | 총 보험료 | 결제 727,080원 | 마일리지 환급 127,900원 | 바로 가입하기",현대,아이오닉,2020,더 뉴 아이오닉 플러그인 하이브리드,큐,id1,56,남
101,2026-08-31 18:43:27,14로6902,2026-09-06,본인,삼성화재,"497,300","602,470","105,170","삼성화재 | 개인용애니카다이렉트자동차보험(플랫폼) | 최종 보험료 | 497,300원 | 총 보험료 | 결제 602,470원 | 마일리지 환급 105,170원 | 바로 가입하기",현대,코나,2017,코나 1.6 터보(4WD),스마트,id1,56,남
108,2026-08-31 18:53:34,14로6902,2026-09-06,본인,삼성화재,"482,950","583,920","100,970","삼성화재 | 개인용애니카다이렉트자동차보험(플랫폼) | 최종 보험료 | 482,950원 | 총 보험료 | 결제 583,920원 | 마일리지 환급 100,970원 | 바로 가입하기",현대,스타리아,2022,스타리아 라운지,리무진(2WD),id1,56,남
115,2026-08-31 19:04:30,14로6902,2026-09-06,본인,삼성화재,"532,760","645,150","112,390","삼성화재 | 개인용애니카다이렉트자동차보험(플랫폼) | 최종 보험료 | 532,760원 | 총 보험료 | 결제 645,150원 | 마일리지 환급 112,390원 | 바로 가입하기",기아,스포티지,2016,THE SUV 스포티지(2WD),노블레스,id1,56,남
3,2026-08-31 15:52:24,14로6902,2026-09-06,본인,하나손해보험,"350,850","456,730","105,880","하나손해보험 | 하나 다이렉트 자동차보험 | 최종 보험료 | 350,850원 | 총 보험료 | 결제 456,730원 | 마일리지 환급 105,880원 | 마일리지 선할인 101,410원 | 바로 가입하기",현대,쏘나타,2026,쏘나타 디 엣지 2.0,프리미엄,id1,56,남
10,2026-08-31 16:02:51,14로6902,2026-09-06,본인,하나손해보험,"320,690","414,070","93,380","하나손해보험 | 하나 다이렉트 자동차보험 | 최종 보험료 | 320,690원 | 총 보험료 | 결제 414,070원 | 마일리지 환급 93,380원 | 마일리지 선할인 89,440원 | 바로 가입하기",현대,캐스퍼,2023,캐스퍼 1.0,스마트,id1,56,남
24,2026-08-31 16:25:59,14로6902,2026-09-06,본인,하나손해보험,"443,290","572,050","128,760","하나손해보험 | 하나 다이렉트 자동차보험 | 최종 보험료 | 443,290원 | 총 보험료 | 결제 572,050원 | 마일리지 환급 128,760원 | 마일리지 선할인 123,330원 | 바로 가입하기",현대,아반떼,2017,아반떼AD 1.6GDI,밸류플러스,id1,56,남
31,2026-08-31 16:39:12,14로6902,2026-09-06,본인,하나손해보험,"466,840","603,790","136,950","하나손해보험 | 하나 다이렉트 자동차보험 | 최종 보험료 | 466,840원 | 총 보험료 | 결제 603,790원 | 마일리지 환급 136,950원 | 마일리지 선할인 131,170원 | 바로 가입하기",기아,K5,2014,K5 2.0,프레스티지,id1,56,남
38,2026-08-31 16:51:13,14로6902,2026-09-06,본인,하나손해보험,"333,820","434,400","100,580","하나손해보험 | 하나 다이렉트 자동차보험 | 최종 보험료 | 333,820원 | 총 보험료 | 결제 434,400원 | 마일리지 환급 100,580원 | 마일리지 선할인 96,340원 | 바로 가입하기",현대,제네시스,2026,제네시스 G80 2.5T(2024년형),2WD,id1,56,남
45,2026-08-31 17:02:32,14로6902,2026-09-06,본인,하나손해보험,"401,670","518,380","116,710","하나손해보험 | 하나 다이렉트 자동차보험 | 최종 보험료 | 401,670원 | 총 보험료 | 결제 518,380원 | 마일리지 환급 116,710원 | 마일리지 선할인 111,790원 | 바로 가입하기",현대,그랜져,2020,그랜져 IG(2019년형),IG240 프리미엄,id1,56,남
52,2026-08-31 17:16:15,14로6902,2026-09-06,본인,하나손해보험,"510,820","660,270","149,450","하나손해보험 | 하나 다이렉트 자동차보험 | 최종 보험료 | 510,820원 | 총 보험료 | 결제 660,270원 | 마일리지 환급 149,450원 | 마일리지 선할인 143,150원 | 바로 가입하기",기아,카니발,2017,"올뉴카니발2.2(디젤,9인승)",프레스티지,id1,56,남
59,2026-08-31 17:28:30,14로6902,2026-09-06,본인,하나손해보험,"468,820","606,390","137,570","하나손해보험 | 하나 다이렉트 자동차보험 | 최종 보험료 | 468,820원 | 총 보험료 | 결제 606,390원 | 마일리지 환급 137,570원 | 마일리지 선할인 131,760원 | 바로 가입하기",기아,스포티지,2014,스포티지R GDI(2WD),럭셔리,id1,56,남
66,2026-08-31 17:42:12,14로6902,2026-09-06,본인,하나손해보험,"518,750","674,730","155,980","하나손해보험 | 하나 다이렉트 자동차보험 | 최종 보험료 | 518,750원 | 총 보험료 | 결제 674,730원 | 마일리지 환급 155,980원 | 마일리지 선할인 149,400원 | 바로 가입하기",벤츠,Mercedes Benz E-Class,2023,New E 250,Avantgarde,id1,56,남
73,2026-08-31 17:53:50,14로6902,2026-09-06,본인,하나손해보험,"352,780","458,270","105,490","하나손해보험 | 하나 다이렉트 자동차보험 | 최종 보험료 | 352,780원 | 총 보험료 | 결제 458,270원 | 마일리지 환급 105,490원 | 마일리지 선할인 101,040원 | 바로 가입하기",기아,RAY,2025,THE NEW RAY 1.0,베스트 셀렉션,id1,56,남
80,2026-08-31 18:07:04,14로6902,2026-09-06,본인,하나손해보험,"478,180","631,200","153,020","하나손해보험 | 하나 다이렉트 자동차보험 | 최종 보험료 | 478,180원 | 총 보험료 | 결제 631,200원 | 마일리지 환급 153,020원 | 마일리지 선할인 147,000원 | 바로 가입하기",현대,아이오닉,2020,더 뉴 아이오닉 플러그인 하이브리드,큐,id1,56,남
101,2026-08-31 18:43:27,14로6902,2026-09-06,본인,하나손해보험,"483,780","625,120","141,340","하나손해보험 | 하나 다이렉트 자동차보험 | 최종 보험료 | 483,780원 | 총 보험료 | 결제 625,120원 | 마일리지 환급 141,340원 | 마일리지 선할인 135,370원 | 바로 가입하기",현대,코나,2017,코나 1.6 터보(4WD),스마트,id1,56,남
108,2026-08-31 18:53:34,14로6902,2026-09-06,본인,하나손해보험,"442,990","574,460","131,470","하나손해보험 | 하나 다이렉트 자동차보험 | 최종 보험료 | 442,990원 | 총 보험료 | 결제 574,460원 | 마일리지 환급 131,470원 | 마일리지 선할인 125,920원 | 바로 가입하기",현대,스타리아,2022,스타리아 라운지,리무진(2WD),id1,56,남
115,2026-08-31 19:04:30,14로6902,2026-09-06,본인,하나손해보험,"513,430","664,850","151,420","하나손해보험 | 하나 다이렉트 자동차보험 | 최종 보험료 | 513,430원 | 총 보험료 | 결제 664,850원 | 마일리지 환급 151,420원 | 마일리지 선할인 145,030원 | 바로 가입하기",기아,스포티지,2016,THE SUV 스포티지(2WD),노블레스,id1,56,남
3,2026-08-31 15:52:24,14로6902,2026-09-06,본인,한화손보,"413,070","514,700","101,630","한화손보 | 캐롯 자동차보험 | 최종 보험료 | 413,070원 | 총 보험료 | 결제 514,700원 | 마일리지 환급 101,630원 | 월 납입 시 62,570원 | 바로 가입하기",현대,쏘나타,2026,쏘나타 디 엣지 2.0,프리미엄,id1,56,남
10,2026-08-31 16:02:51,14로6902,2026-09-06,본인,한화손보,"369,580","400,000","30,420","한화손보 | 캐롯 자동차보험 | 최종 보험료 | 369,580원 | 총 보험료 | 결제 400,000원 | 마일리지 환급 30,420원 | 월 납입 시 72,600원 | 바로 가입하기",현대,캐스퍼,2023,캐스퍼 1.0,스마트,id1,56,남
24,2026-08-31 16:25:59,14로6902,2026-09-06,본인,한화손보,"494,770","536,440","41,670","한화손보 | 캐롯 자동차보험 | 최종 보험료 | 494,770원 | 총 보험료 | 결제 536,440원 | 마일리지 환급 41,670원 | 월 납입 시 88,070원 | 바로 가입하기",현대,아반떼,2017,아반떼AD 1.6GDI,밸류플러스,id1,56,남
31,2026-08-31 16:39:12,14로6902,2026-09-06,본인,한화손보,"524,420","568,840","44,420","한화손보 | 캐롯 자동차보험 | 최종 보험료 | 524,420원 | 총 보험료 | 결제 568,840원 | 마일리지 환급 44,420원 | 월 납입 시 90,760원 | 바로 가입하기",기아,K5,2014,K5 2.0,프레스티지,id1,56,남
38,2026-08-31 16:51:13,14로6902,2026-09-06,본인,한화손보,"362,810","451,890","89,080","한화손보 | 캐롯 자동차보험 | 최종 보험료 | 362,810원 | 총 보험료 | 결제 451,890원 | 마일리지 환급 89,080원 | 월 납입 시 55,580원 | 바로 가입하기",현대,제네시스,2026,제네시스 G80 2.5T(2024년형),2WD,id1,56,남
45,2026-08-31 17:02:32,14로6902,2026-09-06,본인,한화손보,"431,720","468,000","36,280","한화손보 | 캐롯 자동차보험 | 최종 보험료 | 431,720원 | 총 보험료 | 결제 468,000원 | 마일리지 환급 36,280원 | 월 납입 시 77,580원 | 바로 가입하기",현대,그랜져,2020,그랜져 IG(2019년형),IG240 프리미엄,id1,56,남
52,2026-08-31 17:16:15,14로6902,2026-09-06,본인,한화손보,"526,830","571,300","44,470","한화손보 | 캐롯 자동차보험 | 최종 보험료 | 526,830원 | 총 보험료 | 결제 571,300원 | 마일리지 환급 44,470원 | 월 납입 시 92,680원 | 바로 가입하기",기아,카니발,2017,"올뉴카니발2.2(디젤,9인승)",프레스티지,id1,56,남
59,2026-08-31 17:28:30,14로6902,2026-09-06,본인,한화손보,"525,980","570,540","44,560","한화손보 | 캐롯 자동차보험 | 최종 보험료 | 525,980원 | 총 보험료 | 결제 570,540원 | 마일리지 환급 44,560원 | 월 납입 시 91,020원 | 바로 가입하기",기아,스포티지,2014,스포티지R GDI(2WD),럭셔리,id1,56,남
66,2026-08-31 17:42:12,14로6902,2026-09-06,본인,한화손보,"521,140","565,830","44,690","한화손보 | 캐롯 자동차보험 | 최종 보험료 | 521,140원 | 총 보험료 | 결제 565,830원 | 마일리지 환급 44,690원 | 월 납입 시 84,660원 | 바로 가입하기",벤츠,Mercedes Benz E-Class,2023,New E 250,Avantgarde,id1,56,남
73,2026-08-31 17:53:50,14로6902,2026-09-06,본인,한화손보,"412,880","448,240","35,360","한화손보 | 캐롯 자동차보험 | 최종 보험료 | 412,880원 | 총 보험료 | 결제 448,240원 | 마일리지 환급 35,360원 | 월 납입 시 67,740원 | 바로 가입하기",기아,RAY,2025,THE NEW RAY 1.0,베스트 셀렉션,id1,56,남
80,2026-08-31 18:07:04,14로6902,2026-09-06,본인,한화손보,"522,540","566,670","44,130","한화손보 | 캐롯 자동차보험 | 최종 보험료 | 522,540원 | 총 보험료 | 결제 566,670원 | 마일리지 환급 44,130원 | 월 납입 시 91,660원 | 바로 가입하기",현대,아이오닉,2020,더 뉴 아이오닉 플러그인 하이브리드,큐,id1,56,남
101,2026-08-31 18:43:27,14로6902,2026-09-06,본인,한화손보,"485,730","526,590","40,860","한화손보 | 캐롯 자동차보험 | 최종 보험료 | 485,730원 | 총 보험료 | 결제 526,590원 | 마일리지 환급 40,860원 | 월 납입 시 86,840원 | 바로 가입하기",현대,코나,2017,코나 1.6 터보(4WD),스마트,id1,56,남
108,2026-08-31 18:53:34,14로6902,2026-09-06,본인,한화손보,"509,330","552,870","43,540","한화손보 | 캐롯 자동차보험 | 최종 보험료 | 509,330원 | 총 보험료 | 결제 552,870원 | 마일리지 환급 43,540원 | 월 납입 시 84,150원 | 바로 가입하기",현대,스타리아,2022,스타리아 라운지,리무진(2WD),id1,56,남
115,2026-08-31 19:04:30,14로6902,2026-09-06,본인,한화손보,"519,220","563,180","43,960","한화손보 | 캐롯 자동차보험 | 최종 보험료 | 519,220원 | 총 보험료 | 결제 563,180원 | 마일리지 환급 43,960원 | 월 납입 시 90,090원 | 바로 가입하기",기아,스포티지,2016,THE SUV 스포티지(2WD),노블레스,id1,56,남
3,2026-08-31 15:52:24,14로6902,2026-09-06,본인,현대해상,"329,890","454,740","124,850","현대해상 | Hicar 다이렉트 개인용자동차보험(플랫폼) | 최종 보험료 | 329,890원 | 총 보험료 | 결제 454,740원 | 마일리지 환급 124,850원 | 바로 가입하기",현대,쏘나타,2026,쏘나타 디 엣지 2.0,프리미엄,id1,56,남
10,2026-08-31 16:02:51,14로6902,2026-09-06,본인,현대해상,"346,520","472,410","125,890","현대해상 | Hicar 다이렉트 개인용자동차보험(플랫폼) | 최종 보험료 | 346,520원 | 총 보험료 | 결제 472,410원 | 마일리지 환급 125,890원 | 바로 가입하기",현대,캐스퍼,2023,캐스퍼 1.0,스마트,id1,56,남
24,2026-08-31 16:25:59,14로6902,2026-09-06,본인,현대해상,"444,340","598,700","154,360","현대해상 | Hicar 다이렉트 개인용자동차보험(플랫폼) | 최종 보험료 | 444,340원 | 총 보험료 | 결제 598,700원 | 마일리지 환급 154,360원 | 바로 가입하기",현대,아반떼,2017,아반떼AD 1.6GDI,밸류플러스,id1,56,남
31,2026-08-31 16:39:12,14로6902,2026-09-06,본인,현대해상,"444,710","599,180","154,470","현대해상 | Hicar 다이렉트 개인용자동차보험(플랫폼) | 최종 보험료 | 444,710원 | 총 보험료 | 결제 599,180원 | 마일리지 환급 154,470원 | 바로 가입하기",기아,K5,2014,K5 2.0,프레스티지,id1,56,남
38,2026-08-31 16:51:13,14로6902,2026-09-06,본인,현대해상,"296,580","408,490","111,910","현대해상 | Hicar 다이렉트 개인용자동차보험(플랫폼) | 최종 보험료 | 296,580원 | 총 보험료 | 결제 408,490원 | 마일리지 환급 111,910원 | 바로 가입하기",현대,제네시스,2026,제네시스 G80 2.5T(2024년형),2WD,id1,56,남
45,2026-08-31 17:02:32,14로6902,2026-09-06,본인,현대해상,"325,260","437,640","112,380","현대해상 | Hicar 다이렉트 개인용자동차보험(플랫폼) | 최종 보험료 | 325,260원 | 총 보험료 | 결제 437,640원 | 마일리지 환급 112,380원 | 바로 가입하기",현대,그랜져,2020,그랜져 IG(2019년형),IG240 프리미엄,id1,56,남
52,2026-08-31 17:16:15,14로6902,2026-09-06,본인,현대해상,"381,310","510,830","129,520","현대해상 | Hicar 다이렉트 개인용자동차보험(플랫폼) | 최종 보험료 | 381,310원 | 총 보험료 | 결제 510,830원 | 마일리지 환급 129,520원 | 바로 가입하기",기아,카니발,2017,"올뉴카니발2.2(디젤,9인승)",프레스티지,id1,56,남
59,2026-08-31 17:28:30,14로6902,2026-09-06,본인,현대해상,"456,470","615,290","158,820","현대해상 | Hicar 다이렉트 개인용자동차보험(플랫폼) | 최종 보험료 | 456,470원 | 총 보험료 | 결제 615,290원 | 마일리지 환급 158,820원 | 바로 가입하기",기아,스포티지,2014,스포티지R GDI(2WD),럭셔리,id1,56,남
73,2026-08-31 17:53:50,14로6902,2026-09-06,본인,현대해상,"364,750","500,800","136,050","현대해상 | Hicar 다이렉트 개인용자동차보험(플랫폼) | 최종 보험료 | 364,750원 | 총 보험료 | 결제 500,800원 | 마일리지 환급 136,050원 | 바로 가입하기",기아,RAY,2025,THE NEW RAY 1.0,베스트 셀렉션,id1,56,남
80,2026-08-31 18:07:04,14로6902,2026-09-06,본인,현대해상,"432,640","584,900","152,260","현대해상 | Hicar 다이렉트 개인용자동차보험(플랫폼) | 최종 보험료 | 432,640원 | 총 보험료 | 결제 584,900원 | 마일리지 환급 152,260원 | 바로 가입하기",현대,아이오닉,2020,더 뉴 아이오닉 플러그인 하이브리드,큐,id1,56,남
101,2026-08-31 18:43:27,14로6902,2026-09-06,본인,현대해상,"432,960","581,770","148,810","현대해상 | Hicar 다이렉트 개인용자동차보험(플랫폼) | 최종 보험료 | 432,960원 | 총 보험료 | 결제 581,770원 | 마일리지 환급 148,810원 | 바로 가입하기",현대,코나,2017,코나 1.6 터보(4WD),스마트,id1,56,남
108,2026-08-31 18:53:34,14로6902,2026-09-06,본인,현대해상,"308,990","425,100","116,110","현대해상 | Hicar 다이렉트 개인용자동차보험(플랫폼) | 최종 보험료 | 308,990원 | 총 보험료 | 결제 425,100원 | 마일리지 환급 116,110원 | 바로 가입하기",현대,스타리아,2022,스타리아 라운지,리무진(2WD),id1,56,남
115,2026-08-31 19:04:30,14로6902,2026-09-06,본인,현대해상,"434,360","584,590","150,230","현대해상 | Hicar 다이렉트 개인용자동차보험(플랫폼) | 최종 보험료 | 434,360원 | 총 보험료 | 결제 584,590원 | 마일리지 환급 150,230원 | 바로 가입하기",기아,스포티지,2016,THE SUV 스포티지(2WD),노블레스,id1,56,남
3,2026-08-31 15:52:24,14로6902,2026-09-06,본인,흥국화재,"344,130","456,710","112,580","흥국화재 | 흥국다이렉트개인용자동차보험(CM) | 최종 보험료 | 344,130원 | 총 보험료 | 결제 456,710원 | 마일리지 환급 112,580원 | 바로 가입하기",현대,쏘나타,2026,쏘나타 디 엣지 2.0,프리미엄,id1,56,남
10,2026-08-31 16:02:51,14로6902,2026-09-06,본인,흥국화재,"320,610","410,090","89,480","흥국화재 | 흥국다이렉트개인용자동차보험(CM) | 최종 보험료 | 320,610원 | 총 보험료 | 결제 410,090원 | 마일리지 환급 89,480원 | 바로 가입하기",현대,캐스퍼,2023,캐스퍼 1.0,스마트,id1,56,남
24,2026-08-31 16:25:59,14로6902,2026-09-06,본인,흥국화재,"483,180","620,580","137,400","흥국화재 | 흥국다이렉트개인용자동차보험(CM) | 최종 보험료 | 483,180원 | 총 보험료 | 결제 620,580원 | 마일리지 환급 137,400원 | 바로 가입하기",현대,아반떼,2017,아반떼AD 1.6GDI,밸류플러스,id1,56,남
31,2026-08-31 16:39:12,14로6902,2026-09-06,본인,흥국화재,"460,660","606,540","145,880","흥국화재 | 흥국다이렉트개인용자동차보험(CM) | 최종 보험료 | 460,660원 | 총 보험료 | 결제 606,540원 | 마일리지 환급 145,880원 | 바로 가입하기",기아,K5,2014,K5 2.0,프레스티지,id1,56,남
38,2026-08-31 16:51:13,14로6902,2026-09-06,본인,흥국화재,"325,570","432,200","106,630","흥국화재 | 흥국다이렉트개인용자동차보험(CM) | 최종 보험료 | 325,570원 | 총 보험료 | 결제 432,200원 | 마일리지 환급 106,630원 | 바로 가입하기",현대,제네시스,2026,제네시스 G80 2.5T(2024년형),2WD,id1,56,남
52,2026-08-31 17:16:15,14로6902,2026-09-06,본인,흥국화재,"451,500","593,040","141,540","흥국화재 | 흥국다이렉트개인용자동차보험(CM) | 최종 보험료 | 451,500원 | 총 보험료 | 결제 593,040원 | 마일리지 환급 141,540원 | 바로 가입하기",기아,카니발,2017,"올뉴카니발2.2(디젤,9인승)",프레스티지,id1,56,남
59,2026-08-31 17:28:30,14로6902,2026-09-06,본인,흥국화재,"466,780","614,710","147,930","흥국화재 | 흥국다이렉트개인용자동차보험(CM) | 최종 보험료 | 466,780원 | 총 보험료 | 결제 614,710원 | 마일리지 환급 147,930원 | 바로 가입하기",기아,스포티지,2014,스포티지R GDI(2WD),럭셔리,id1,56,남
66,2026-08-31 17:42:12,14로6902,2026-09-06,본인,흥국화재,"565,520","749,240","183,720","흥국화재 | 흥국다이렉트개인용자동차보험(CM) | 최종 보험료 | 565,520원 | 총 보험료 | 결제 749,240원 | 마일리지 환급 183,720원 | 바로 가입하기",벤츠,Mercedes Benz E-Class,2023,New E 250,Avantgarde,id1,56,남
73,2026-08-31 17:53:50,14로6902,2026-09-06,본인,흥국화재,"338,310","435,730","97,420","흥국화재 | 흥국다이렉트개인용자동차보험(CM) | 최종 보험료 | 338,310원 | 총 보험료 | 결제 435,730원 | 마일리지 환급 97,420원 | 바로 가입하기",기아,RAY,2025,THE NEW RAY 1.0,베스트 셀렉션,id1,56,남
101,2026-08-31 18:43:27,14로6902,2026-09-06,본인,흥국화재,"489,300","628,530","139,230","흥국화재 | 흥국다이렉트개인용자동차보험(CM) | 최종 보험료 | 489,300원 | 총 보험료 | 결제 628,530원 | 마일리지 환급 139,230원 | 바로 가입하기",현대,코나,2017,코나 1.6 터보(4WD),스마트,id1,56,남
108,2026-08-31 18:53:34,14로6902,2026-09-06,본인,흥국화재,"373,210","491,570","118,360","흥국화재 | 흥국다이렉트개인용자동차보험(CM) | 최종 보험료 | 373,210원 | 총 보험료 | 결제 491,570원 | 마일리지 환급 118,360원 | 바로 가입하기",현대,스타리아,2022,스타리아 라운지,리무진(2WD),id1,56,남
115,2026-08-31 19:04:30,14로6902,2026-09-06,본인,흥국화재,"520,930","686,900","165,970","흥국화재 | 흥국다이렉트개인용자동차보험(CM) | 최종 보험료 | 520,930원 | 총 보험료 | 결제 686,900원 | 마일리지 환급 165,970원 | 바로 가입하기",기아,스포티지,2016,THE SUV 스포티지(2WD),노블레스,id1,56,남
4,2026-08-31 15:53:32,14로6902,2026-09-11,본인,AXA,"326,400","468,610","142,210","AXA손해보험 | 다이렉트 자동차보험 | 최종 보험료 | 326,400원 | 총 보험료 | 결제 468,610원 | 마일리지 환급 142,210원 | 마일리지 선할인 139,740원 | 바로 가입하기",현대,쏘나타,2026,쏘나타 디 엣지 2.0,프리미엄,id1,56,남
11,2026-08-31 16:05:54,14로6902,2026-09-11,본인,AXA,"341,420","483,130","141,710","AXA손해보험 | 다이렉트 자동차보험 | 최종 보험료 | 341,420원 | 총 보험료 | 결제 483,130원 | 마일리지 환급 141,710원 | 마일리지 선할인 139,220원 | 바로 가입하기",현대,캐스퍼,2023,캐스퍼 1.0,스마트,id1,56,남
18,2026-08-31 16:16:16,14로6902,2026-09-11,본인,AXA,"433,380","556,840","123,460","AXA손해보험 | 다이렉트 자동차보험 | 최종 보험료 | 433,380원 | 총 보험료 | 결제 556,840원 | 마일리지 환급 123,460원 | 마일리지 선할인 120,290원 | 바로 가입하기",기아,모닝,2020,올뉴 모닝(2017),럭셔리,id1,56,남
25,2026-08-31 16:27:28,14로6902,2026-09-11,본인,AXA,"457,140","590,950","133,810","AXA손해보험 | 다이렉트 자동차보험 | 최종 보험료 | 457,140원 | 총 보험료 | 결제 590,950원 | 마일리지 환급 133,810원 | 마일리지 선할인 130,370원 | 바로 가입하기",현대,아반떼,2017,아반떼AD 1.6GDI,밸류플러스,id1,56,남
32,2026-08-31 16:40:40,14로6902,2026-09-11,본인,AXA,"471,870","607,690","135,820","AXA손해보험 | 다이렉트 자동차보험 | 최종 보험료 | 471,870원 | 총 보험료 | 결제 607,690원 | 마일리지 환급 135,820원 | 마일리지 선할인 132,350원 | 바로 가입하기",기아,K5,2014,K5 2.0,프레스티지,id1,56,남
39,2026-08-31 16:52:44,14로6902,2026-09-11,본인,AXA,"313,420","450,150","136,730","AXA손해보험 | 다이렉트 자동차보험 | 최종 보험료 | 313,420원 | 총 보험료 | 결제 450,150원 | 마일리지 환급 136,730원 | 마일리지 선할인 134,330원 | 바로 가입하기",현대,제네시스,2026,제네시스 G80 2.5T(2024년형),2WD,id1,56,남
46,2026-08-31 17:05:29,14로6902,2026-09-11,본인,AXA,"349,440","496,460","147,020","AXA손해보험 | 다이렉트 자동차보험 | 최종 보험료 | 349,440원 | 총 보험료 | 결제 496,460원 | 마일리지 환급 147,020원 | 마일리지 선할인 144,460원 | 바로 가입하기",현대,그랜져,2020,그랜져 IG(2019년형),IG240 프리미엄,id1,56,남
53,2026-08-31 17:17:45,14로6902,2026-09-11,본인,AXA,"484,280","624,500","140,220","AXA손해보험 | 다이렉트 자동차보험 | 최종 보험료 | 484,280원 | 총 보험료 | 결제 624,500원 | 마일리지 환급 140,220원 | 마일리지 선할인 136,610원 | 바로 가입하기",기아,카니발,2017,"올뉴카니발2.2(디젤,9인승)",프레스티지,id1,56,남
60,2026-08-31 17:30:14,14로6902,2026-09-11,본인,AXA,"466,810","601,090","134,280","AXA손해보험 | 다이렉트 자동차보험 | 최종 보험료 | 466,810원 | 총 보험료 | 결제 601,090원 | 마일리지 환급 134,280원 | 마일리지 선할인 130,850원 | 바로 가입하기",기아,스포티지,2014,스포티지R GDI(2WD),럭셔리,id1,56,남
67,2026-08-31 17:43:43,14로6902,2026-09-11,본인,AXA,"499,480","716,570","217,090","AXA손해보험 | 다이렉트 자동차보험 | 최종 보험료 | 499,480원 | 총 보험료 | 결제 716,570원 | 마일리지 환급 217,090원 | 마일리지 선할인 213,290원 | 바로 가입하기",벤츠,Mercedes Benz E-Class,2023,New E 250,Avantgarde,id1,56,남
74,2026-08-31 17:55:34,14로6902,2026-09-11,본인,AXA,"339,430","485,650","146,220","AXA손해보험 | 다이렉트 자동차보험 | 최종 보험료 | 339,430원 | 총 보험료 | 결제 485,650원 | 마일리지 환급 146,220원 | 마일리지 선할인 143,640원 | 바로 가입하기",기아,RAY,2025,THE NEW RAY 1.0,베스트 셀렉션,id1,56,남
81,2026-08-31 18:10:00,14로6902,2026-09-11,본인,AXA,"398,650","665,010","266,360","AXA손해보험 | 다이렉트 자동차보험 | 최종 보험료 | 398,650원 | 총 보험료 | 결제 665,010원 | 마일리지 환급 266,360원 | 마일리지 선할인 263,380원 | 바로 가입하기",현대,아이오닉,2020,더 뉴 아이오닉 플러그인 하이브리드,큐,id1,56,남
88,2026-08-31 18:20:03,14로6902,2026-09-11,본인,AXA,"355,120","510,670","155,550","AXA손해보험 | 다이렉트 자동차보험 | 최종 보험료 | 355,120원 | 총 보험료 | 결제 510,670원 | 마일리지 환급 155,550원 | 마일리지 선할인 152,840원 | 바로 가입하기",기아,K9,2025,THE K9 3.8 GDI,플래티넘(AWD),id1,56,남
95,2026-08-31 18:31:27,14로6902,2026-09-11,본인,AXA,"650,280","1,098,790","448,510","AXA손해보험 | 다이렉트 자동차보험 | 최종 보험료 | 650,280원 | 총 보험료 | 결제 1,098,790원 | 마일리지 환급 448,510원 | 마일리지 선할인 443,480원 | 바로 가입하기",Tesla,Model 3,2026,Model 3,Long Range(2022~),id1,56,남
4,2026-08-31 15:53:32,14로6902,2026-09-11,본인,DB손해보험,"427,160","532,810","105,650","DB손해보험 | 프로미카 다이렉트개인용자동차보험(플랫폼) | 최종 보험료 | 427,160원 | 총 보험료 | 결제 532,810원 | 마일리지 환급 105,650원 | 바로 가입하기",현대,쏘나타,2026,쏘나타 디 엣지 2.0,프리미엄,id1,56,남
11,2026-08-31 16:05:54,14로6902,2026-09-11,본인,DB손해보험,"384,520","476,360","91,840","DB손해보험 | 프로미카 다이렉트개인용자동차보험(플랫폼) | 최종 보험료 | 384,520원 | 총 보험료 | 결제 476,360원 | 마일리지 환급 91,840원 | 바로 가입하기",현대,캐스퍼,2023,캐스퍼 1.0,스마트,id1,56,남
25,2026-08-31 16:27:28,14로6902,2026-09-11,본인,DB손해보험,"525,250","652,450","127,200","DB손해보험 | 프로미카 다이렉트개인용자동차보험(플랫폼) | 최종 보험료 | 525,250원 | 총 보험료 | 결제 652,450원 | 마일리지 환급 127,200원 | 바로 가입하기",현대,아반떼,2017,아반떼AD 1.6GDI,밸류플러스,id1,56,남
32,2026-08-31 16:40:40,14로6902,2026-09-11,본인,DB손해보험,"512,710","635,550","122,840","DB손해보험 | 프로미카 다이렉트개인용자동차보험(플랫폼) | 최종 보험료 | 512,710원 | 총 보험료 | 결제 635,550원 | 마일리지 환급 122,840원 | 바로 가입하기",기아,K5,2014,K5 2.0,프레스티지,id1,56,남
39,2026-08-31 16:52:44,14로6902,2026-09-11,본인,DB손해보험,"375,720","468,640","92,920","DB손해보험 | 프로미카 다이렉트개인용자동차보험(플랫폼) | 최종 보험료 | 375,720원 | 총 보험료 | 결제 468,640원 | 마일리지 환급 92,920원 | 바로 가입하기",현대,제네시스,2026,제네시스 G80 2.5T(2024년형),2WD,id1,56,남
46,2026-08-31 17:05:29,14로6902,2026-09-11,본인,DB손해보험,"411,970","511,490","99,520","DB손해보험 | 프로미카 다이렉트개인용자동차보험(플랫폼) | 최종 보험료 | 411,970원 | 총 보험료 | 결제 511,490원 | 마일리지 환급 99,520원 | 바로 가입하기",현대,그랜져,2020,그랜져 IG(2019년형),IG240 프리미엄,id1,56,남
53,2026-08-31 17:17:45,14로6902,2026-09-11,본인,DB손해보험,"531,560","683,850","152,290","DB손해보험 | 프로미카 다이렉트개인용자동차보험(플랫폼) | 최종 보험료 | 531,560원 | 총 보험료 | 결제 683,850원 | 마일리지 환급 152,290원 | 바로 가입하기",기아,카니발,2017,"올뉴카니발2.2(디젤,9인승)",프레스티지,id1,56,남
60,2026-08-31 17:30:14,14로6902,2026-09-11,본인,DB손해보험,"529,270","656,240","126,970","DB손해보험 | 프로미카 다이렉트개인용자동차보험(플랫폼) | 최종 보험료 | 529,270원 | 총 보험료 | 결제 656,240원 | 마일리지 환급 126,970원 | 바로 가입하기",기아,스포티지,2014,스포티지R GDI(2WD),럭셔리,id1,56,남
67,2026-08-31 17:43:43,14로6902,2026-09-11,본인,DB손해보험,"543,850","676,880","133,030","DB손해보험 | 프로미카 다이렉트개인용자동차보험(플랫폼) | 최종 보험료 | 543,850원 | 총 보험료 | 결제 676,880원 | 마일리지 환급 133,030원 | 바로 가입하기",벤츠,Mercedes Benz E-Class,2023,New E 250,Avantgarde,id1,56,남
74,2026-08-31 17:55:34,14로6902,2026-09-11,본인,DB손해보험,"415,330","515,900","100,570","DB손해보험 | 프로미카 다이렉트개인용자동차보험(플랫폼) | 최종 보험료 | 415,330원 | 총 보험료 | 결제 515,900원 | 마일리지 환급 100,570원 | 바로 가입하기",기아,RAY,2025,THE NEW RAY 1.0,베스트 셀렉션,id1,56,남
81,2026-08-31 18:10:00,14로6902,2026-09-11,본인,DB손해보험,"555,020","690,010","134,990","DB손해보험 | 프로미카 다이렉트개인용자동차보험(플랫폼) | 최종 보험료 | 555,020원 | 총 보험료 | 결제 690,010원 | 마일리지 환급 134,990원 | 바로 가입하기",현대,아이오닉,2020,더 뉴 아이오닉 플러그인 하이브리드,큐,id1,56,남
88,2026-08-31 18:20:03,14로6902,2026-09-11,본인,DB손해보험,"421,950","526,060","104,110","DB손해보험 | 프로미카 다이렉트개인용자동차보험(플랫폼) | 최종 보험료 | 421,950원 | 총 보험료 | 결제 526,060원 | 마일리지 환급 104,110원 | 바로 가입하기",기아,K9,2025,THE K9 3.8 GDI,플래티넘(AWD),id1,56,남
95,2026-08-31 18:31:27,14로6902,2026-09-11,본인,DB손해보험,"799,480","985,940","186,460","DB손해보험 | 프로미카 다이렉트개인용자동차보험(플랫폼) | 최종 보험료 | 799,480원 | 총 보험료 | 결제 985,940원 | 마일리지 환급 186,460원 | 바로 가입하기",Tesla,Model 3,2026,Model 3,Long Range(2022~),id1,56,남
4,2026-08-31 15:53:32,14로6902,2026-09-11,본인,KB손해보험,"338,290","455,510","117,220","KB손해보험 | KB다이렉트(플랫폼)개인용자동차보험 | 최종 보험료 | 338,290원 | 총 보험료 | 결제 455,510원 | 마일리지 환급 117,220원 | 바로 가입하기",현대,쏘나타,2026,쏘나타 디 엣지 2.0,프리미엄,id1,56,남
11,2026-08-31 16:05:54,14로6902,2026-09-11,본인,KB손해보험,"333,190","443,510","110,320","KB손해보험 | KB다이렉트(플랫폼)개인용자동차보험 | 최종 보험료 | 333,190원 | 총 보험료 | 결제 443,510원 | 마일리지 환급 110,320원 | 바로 가입하기",현대,캐스퍼,2023,캐스퍼 1.0,스마트,id1,56,남
18,2026-08-31 16:16:16,14로6902,2026-09-11,본인,KB손해보험,"385,140","491,110","105,970","KB손해보험 | KB다이렉트(플랫폼)개인용자동차보험 | 최종 보험료 | 385,140원 | 총 보험료 | 결제 491,110원 | 마일리지 환급 105,970원 | 바로 가입하기",기아,모닝,2020,올뉴 모닝(2017),럭셔리,id1,56,남
25,2026-08-31 16:27:28,14로6902,2026-09-11,본인,KB손해보험,"451,130","577,610","126,480","KB손해보험 | KB다이렉트(플랫폼)개인용자동차보험 | 최종 보험료 | 451,130원 | 총 보험료 | 결제 577,610원 | 마일리지 환급 126,480원 | 바로 가입하기",현대,아반떼,2017,아반떼AD 1.6GDI,밸류플러스,id1,56,남
32,2026-08-31 16:40:40,14로6902,2026-09-11,본인,KB손해보험,"465,100","593,770","128,670","KB손해보험 | KB다이렉트(플랫폼)개인용자동차보험 | 최종 보험료 | 465,100원 | 총 보험료 | 결제 593,770원 | 마일리지 환급 128,670원 | 바로 가입하기",기아,K5,2014,K5 2.0,프레스티지,id1,56,남
39,2026-08-31 16:52:44,14로6902,2026-09-11,본인,KB손해보험,"330,070","444,870","114,800","KB손해보험 | KB다이렉트(플랫폼)개인용자동차보험 | 최종 보험료 | 330,070원 | 총 보험료 | 결제 444,870원 | 마일리지 환급 114,800원 | 바로 가입하기",현대,제네시스,2026,제네시스 G80 2.5T(2024년형),2WD,id1,56,남
46,2026-08-31 17:05:29,14로6902,2026-09-11,본인,KB손해보험,"384,360","491,540","107,180","KB손해보험 | KB다이렉트(플랫폼)개인용자동차보험 | 최종 보험료 | 384,360원 | 총 보험료 | 결제 491,540원 | 마일리지 환급 107,180원 | 바로 가입하기",현대,그랜져,2020,그랜져 IG(2019년형),IG240 프리미엄,id1,56,남
53,2026-08-31 17:17:45,14로6902,2026-09-11,본인,KB손해보험,"484,880","617,380","132,500","KB손해보험 | KB다이렉트(플랫폼)개인용자동차보험 | 최종 보험료 | 484,880원 | 총 보험료 | 결제 617,380원 | 마일리지 환급 132,500원 | 바로 가입하기",기아,카니발,2017,"올뉴카니발2.2(디젤,9인승)",프레스티지,id1,56,남
60,2026-08-31 17:30:14,14로6902,2026-09-11,본인,KB손해보험,"450,030","574,310","124,280","KB손해보험 | KB다이렉트(플랫폼)개인용자동차보험 | 최종 보험료 | 450,030원 | 총 보험료 | 결제 574,310원 | 마일리지 환급 124,280원 | 바로 가입하기",기아,스포티지,2014,스포티지R GDI(2WD),럭셔리,id1,56,남
67,2026-08-31 17:43:43,14로6902,2026-09-11,본인,KB손해보험,"481,780","647,540","165,760","KB손해보험 | KB다이렉트(플랫폼)개인용자동차보험 | 최종 보험료 | 481,780원 | 총 보험료 | 결제 647,540원 | 마일리지 환급 165,760원 | 바로 가입하기",벤츠,Mercedes Benz E-Class,2023,New E 250,Avantgarde,id1,56,남
74,2026-08-31 17:55:34,14로6902,2026-09-11,본인,KB손해보험,"329,450","440,550","111,100","KB손해보험 | KB다이렉트(플랫폼)개인용자동차보험 | 최종 보험료 | 329,450원 | 총 보험료 | 결제 440,550원 | 마일리지 환급 111,100원 | 바로 가입하기",기아,RAY,2025,THE NEW RAY 1.0,베스트 셀렉션,id1,56,남
81,2026-08-31 18:10:00,14로6902,2026-09-11,본인,KB손해보험,"525,740","674,330","148,590","KB손해보험 | KB다이렉트(플랫폼)개인용자동차보험 | 최종 보험료 | 525,740원 | 총 보험료 | 결제 674,330원 | 마일리지 환급 148,590원 | 바로 가입하기",현대,아이오닉,2020,더 뉴 아이오닉 플러그인 하이브리드,큐,id1,56,남
88,2026-08-31 18:20:03,14로6902,2026-09-11,본인,KB손해보험,"350,070","471,330","121,260","KB손해보험 | KB다이렉트(플랫폼)개인용자동차보험 | 최종 보험료 | 350,070원 | 총 보험료 | 결제 471,330원 | 마일리지 환급 121,260원 | 바로 가입하기",기아,K9,2025,THE K9 3.8 GDI,플래티넘(AWD),id1,56,남
95,2026-08-31 18:31:27,14로6902,2026-09-11,본인,KB손해보험,"704,410","979,380","274,970","KB손해보험 | KB다이렉트(플랫폼)개인용자동차보험 | 최종 보험료 | 704,410원 | 총 보험료 | 결제 979,380원 | 마일리지 환급 274,970원 | 바로 가입하기",Tesla,Model 3,2026,Model 3,Long Range(2022~),id1,56,남
4,2026-08-31 15:53:32,14로6902,2026-09-11,본인,롯데손해보험,"355,900","425,050","69,150","롯데손해보험 | let:click 개인용자동차보험(인터넷) | 최종 보험료 | 355,900원 | 총 보험료 | 결제 425,050원 | 마일리지 환급 69,150원 | 바로 가입하기",현대,쏘나타,2026,쏘나타 디 엣지 2.0,프리미엄,id1,56,남
11,2026-08-31 16:05:54,14로6902,2026-09-11,본인,롯데손해보험,"329,610","391,940","62,330","롯데손해보험 | let:click 개인용자동차보험(인터넷) | 최종 보험료 | 329,610원 | 총 보험료 | 결제 391,940원 | 마일리지 환급 62,330원 | 바로 가입하기",현대,캐스퍼,2023,캐스퍼 1.0,스마트,id1,56,남
18,2026-08-31 16:16:16,14로6902,2026-09-11,본인,롯데손해보험,"386,920","459,190","72,270","롯데손해보험 | let:click 개인용자동차보험(인터넷) | 최종 보험료 | 386,920원 | 총 보험료 | 결제 459,190원 | 마일리지 환급 72,270원 | 바로 가입하기",기아,모닝,2020,올뉴 모닝(2017),럭셔리,id1,56,남
25,2026-08-31 16:27:28,14로6902,2026-09-11,본인,롯데손해보험,"506,060","602,030","95,970","롯데손해보험 | let:click 개인용자동차보험(인터넷) | 최종 보험료 | 506,060원 | 총 보험료 | 결제 602,030원 | 마일리지 환급 95,970원 | 바로 가입하기",현대,아반떼,2017,아반떼AD 1.6GDI,밸류플러스,id1,56,남
32,2026-08-31 16:40:40,14로6902,2026-09-11,본인,롯데손해보험,"429,250","509,470","80,220","롯데손해보험 | let:click 개인용자동차보험(인터넷) | 최종 보험료 | 429,250원 | 총 보험료 | 결제 509,470원 | 마일리지 환급 80,220원 | 바로 가입하기",기아,K5,2014,K5 2.0,프레스티지,id1,56,남
39,2026-08-31 16:52:44,14로6902,2026-09-11,본인,롯데손해보험,"351,390","419,570","68,180","롯데손해보험 | let:click 개인용자동차보험(인터넷) | 최종 보험료 | 351,390원 | 총 보험료 | 결제 419,570원 | 마일리지 환급 68,180원 | 바로 가입하기",현대,제네시스,2026,제네시스 G80 2.5T(2024년형),2WD,id1,56,남
46,2026-08-31 17:05:29,14로6902,2026-09-11,본인,롯데손해보험,"374,100","443,780","69,680","롯데손해보험 | let:click 개인용자동차보험(인터넷) | 최종 보험료 | 374,100원 | 총 보험료 | 결제 443,780원 | 마일리지 환급 69,680원 | 바로 가입하기",현대,그랜져,2020,그랜져 IG(2019년형),IG240 프리미엄,id1,56,남
53,2026-08-31 17:17:45,14로6902,2026-09-11,본인,롯데손해보험,"426,190","505,700","79,510","롯데손해보험 | let:click 개인용자동차보험(인터넷) | 최종 보험료 | 426,190원 | 총 보험료 | 결제 505,700원 | 마일리지 환급 79,510원 | 바로 가입하기",기아,카니발,2017,"올뉴카니발2.2(디젤,9인승)",프레스티지,id1,56,남
60,2026-08-31 17:30:14,14로6902,2026-09-11,본인,롯데손해보험,"405,410","480,740","75,330","롯데손해보험 | let:click 개인용자동차보험(인터넷) | 최종 보험료 | 405,410원 | 총 보험료 | 결제 480,740원 | 마일리지 환급 75,330원 | 바로 가입하기",기아,스포티지,2014,스포티지R GDI(2WD),럭셔리,id1,56,남
67,2026-08-31 17:43:43,14로6902,2026-09-11,본인,롯데손해보험,"483,880","577,780","93,900","롯데손해보험 | let:click 개인용자동차보험(인터넷) | 최종 보험료 | 483,880원 | 총 보험료 | 결제 577,780원 | 마일리지 환급 93,900원 | 바로 가입하기",벤츠,Mercedes Benz E-Class,2023,New E 250,Avantgarde,id1,56,남
74,2026-08-31 17:55:34,14로6902,2026-09-11,본인,롯데손해보험,"378,260","451,880","73,620","롯데손해보험 | let:click 개인용자동차보험(인터넷) | 최종 보험료 | 378,260원 | 총 보험료 | 결제 451,880원 | 마일리지 환급 73,620원 | 바로 가입하기",기아,RAY,2025,THE NEW RAY 1.0,베스트 셀렉션,id1,56,남
81,2026-08-31 18:10:00,14로6902,2026-09-11,본인,롯데손해보험,"481,370","573,040","91,670","롯데손해보험 | let:click 개인용자동차보험(인터넷) | 최종 보험료 | 481,370원 | 총 보험료 | 결제 573,040원 | 마일리지 환급 91,670원 | 바로 가입하기",현대,아이오닉,2020,더 뉴 아이오닉 플러그인 하이브리드,큐,id1,56,남
88,2026-08-31 18:20:03,14로6902,2026-09-11,본인,롯데손해보험,"349,550","417,360","67,810","롯데손해보험 | let:click 개인용자동차보험(인터넷) | 최종 보험료 | 349,550원 | 총 보험료 | 결제 417,360원 | 마일리지 환급 67,810원 | 바로 가입하기",기아,K9,2025,THE K9 3.8 GDI,플래티넘(AWD),id1,56,남
95,2026-08-31 18:31:27,14로6902,2026-09-11,본인,롯데손해보험,"863,040","1,034,870","171,830","롯데손해보험 | let:click 개인용자동차보험(인터넷) | 최종 보험료 | 863,040원 | 총 보험료 | 결제 1,034,870원 | 마일리지 환급 171,830원 | 바로 가입하기",Tesla,Model 3,2026,Model 3,Long Range(2022~),id1,56,남
4,2026-08-31 15:53:32,14로6902,2026-09-11,본인,메리츠화재,"300,940","432,160","131,220","메리츠화재 | 메리츠화재 다이렉트 자동차보험(CM) | 최종 보험료 | 300,940원 | 총 보험료 | 결제 432,160원 | 마일리지 환급 131,220원 | 바로 가입하기",현대,쏘나타,2026,쏘나타 디 엣지 2.0,프리미엄,id1,56,남
11,2026-08-31 16:05:54,14로6902,2026-09-11,본인,메리츠화재,"291,470","412,910","121,440","메리츠화재 | 메리츠화재 다이렉트 자동차보험(CM) | 최종 보험료 | 291,470원 | 총 보험료 | 결제 412,910원 | 마일리지 환급 121,440원 | 바로 가입하기",현대,캐스퍼,2023,캐스퍼 1.0,스마트,id1,56,남
18,2026-08-31 16:16:16,14로6902,2026-09-11,본인,메리츠화재,"373,810","528,790","154,980","메리츠화재 | 메리츠화재 다이렉트 자동차보험(CM) | 최종 보험료 | 373,810원 | 총 보험료 | 결제 528,790원 | 마일리지 환급 154,980원 | 바로 가입하기",기아,모닝,2020,올뉴 모닝(2017),럭셔리,id1,56,남
25,2026-08-31 16:27:28,14로6902,2026-09-11,본인,메리츠화재,"403,680","574,950","171,270","메리츠화재 | 메리츠화재 다이렉트 자동차보험(CM) | 최종 보험료 | 403,680원 | 총 보험료 | 결제 574,950원 | 마일리지 환급 171,270원 | 바로 가입하기",현대,아반떼,2017,아반떼AD 1.6GDI,밸류플러스,id1,56,남
32,2026-08-31 16:40:40,14로6902,2026-09-11,본인,메리츠화재,"386,580","547,780","161,200","메리츠화재 | 메리츠화재 다이렉트 자동차보험(CM) | 최종 보험료 | 386,580원 | 총 보험료 | 결제 547,780원 | 마일리지 환급 161,200원 | 바로 가입하기",기아,K5,2014,K5 2.0,프레스티지,id1,56,남
39,2026-08-31 16:52:44,14로6902,2026-09-11,본인,메리츠화재,"288,620","415,070","126,450","메리츠화재 | 메리츠화재 다이렉트 자동차보험(CM) | 최종 보험료 | 288,620원 | 총 보험료 | 결제 415,070원 | 마일리지 환급 126,450원 | 바로 가입하기",현대,제네시스,2026,제네시스 G80 2.5T(2024년형),2WD,id1,56,남
46,2026-08-31 17:05:29,14로6902,2026-09-11,본인,메리츠화재,"333,630","474,640","141,010","메리츠화재 | 메리츠화재 다이렉트 자동차보험(CM) | 최종 보험료 | 333,630원 | 총 보험료 | 결제 474,640원 | 마일리지 환급 141,010원 | 바로 가입하기",현대,그랜져,2020,그랜져 IG(2019년형),IG240 프리미엄,id1,56,남
53,2026-08-31 17:17:45,14로6902,2026-09-11,본인,메리츠화재,"440,730","624,680","183,950","메리츠화재 | 메리츠화재 다이렉트 자동차보험(CM) | 최종 보험료 | 440,730원 | 총 보험료 | 결제 624,680원 | 마일리지 환급 183,950원 | 바로 가입하기",기아,카니발,2017,"올뉴카니발2.2(디젤,9인승)",프레스티지,id1,56,남
60,2026-08-31 17:30:14,14로6902,2026-09-11,본인,메리츠화재,"399,290","566,210","166,920","메리츠화재 | 메리츠화재 다이렉트 자동차보험(CM) | 최종 보험료 | 399,290원 | 총 보험료 | 결제 566,210원 | 마일리지 환급 166,920원 | 바로 가입하기",기아,스포티지,2014,스포티지R GDI(2WD),럭셔리,id1,56,남
67,2026-08-31 17:43:43,14로6902,2026-09-11,본인,메리츠화재,"452,470","649,920","197,450","메리츠화재 | 메리츠화재 다이렉트 자동차보험(CM) | 최종 보험료 | 452,470원 | 총 보험료 | 결제 649,920원 | 마일리지 환급 197,450원 | 바로 가입하기",벤츠,Mercedes Benz E-Class,2023,New E 250,Avantgarde,id1,56,남
74,2026-08-31 17:55:34,14로6902,2026-09-11,본인,메리츠화재,"321,280","459,810","138,530","메리츠화재 | 메리츠화재 다이렉트 자동차보험(CM) | 최종 보험료 | 321,280원 | 총 보험료 | 결제 459,810원 | 마일리지 환급 138,530원 | 바로 가입하기",기아,RAY,2025,THE NEW RAY 1.0,베스트 셀렉션,id1,56,남
81,2026-08-31 18:10:00,14로6902,2026-09-11,본인,메리츠화재,"456,120","653,340","197,220","메리츠화재 | 메리츠화재 다이렉트 자동차보험(CM) | 최종 보험료 | 456,120원 | 총 보험료 | 결제 653,340원 | 마일리지 환급 197,220원 | 바로 가입하기",현대,아이오닉,2020,더 뉴 아이오닉 플러그인 하이브리드,큐,id1,56,남
88,2026-08-31 18:20:03,14로6902,2026-09-11,본인,메리츠화재,"328,660","472,470","143,810","메리츠화재 | 메리츠화재 다이렉트 자동차보험(CM) | 최종 보험료 | 328,660원 | 총 보험료 | 결제 472,470원 | 마일리지 환급 143,810원 | 바로 가입하기",기아,K9,2025,THE K9 3.8 GDI,플래티넘(AWD),id1,56,남
95,2026-08-31 18:31:27,14로6902,2026-09-11,본인,메리츠화재,"726,410","1,050,360","323,950","메리츠화재 | 메리츠화재 다이렉트 자동차보험(CM) | 최종 보험료 | 726,410원 | 총 보험료 | 결제 1,050,360원 | 마일리지 환급 323,950원 | 바로 가입하기",Tesla,Model 3,2026,Model 3,Long Range(2022~),id1,56,남
4,2026-08-31 15:53:32,14로6902,2026-09-11,본인,삼성화재,"384,630","467,250","82,620","삼성화재 | 개인용애니카다이렉트자동차보험(플랫폼) | 최종 보험료 | 384,630원 | 총 보험료 | 결제 467,250원 | 마일리지 환급 82,620원 | 바로 가입하기",현대,쏘나타,2026,쏘나타 디 엣지 2.0,프리미엄,id1,56,남
11,2026-08-31 16:05:54,14로6902,2026-09-11,본인,삼성화재,"360,390","434,870","74,480","삼성화재 | 개인용애니카다이렉트자동차보험(플랫폼) | 최종 보험료 | 360,390원 | 총 보험료 | 결제 434,870원 | 마일리지 환급 74,480원 | 바로 가입하기",현대,캐스퍼,2023,캐스퍼 1.0,스마트,id1,56,남
18,2026-08-31 16:16:16,14로6902,2026-09-11,본인,삼성화재,"423,430","511,570","88,140","삼성화재 | 개인용애니카다이렉트자동차보험(플랫폼) | 최종 보험료 | 423,430원 | 총 보험료 | 결제 511,570원 | 마일리지 환급 88,140원 | 바로 가입하기",기아,모닝,2020,올뉴 모닝(2017),럭셔리,id1,56,남
25,2026-08-31 16:27:28,14로6902,2026-09-11,본인,삼성화재,"498,670","604,130","105,460","삼성화재 | 개인용애니카다이렉트자동차보험(플랫폼) | 최종 보험료 | 498,670원 | 총 보험료 | 결제 604,130원 | 마일리지 환급 105,460원 | 바로 가입하기",현대,아반떼,2017,아반떼AD 1.6GDI,밸류플러스,id1,56,남
32,2026-08-31 16:40:40,14로6902,2026-09-11,본인,삼성화재,"491,230","594,040","102,810","삼성화재 | 개인용애니카다이렉트자동차보험(플랫폼) | 최종 보험료 | 491,230원 | 총 보험료 | 결제 594,040원 | 마일리지 환급 102,810원 | 바로 가입하기",기아,K5,2014,K5 2.0,프레스티지,id1,56,남
39,2026-08-31 16:52:44,14로6902,2026-09-11,본인,삼성화재,"361,310","439,200","77,890","삼성화재 | 개인용애니카다이렉트자동차보험(플랫폼) | 최종 보험료 | 361,310원 | 총 보험료 | 결제 439,200원 | 마일리지 환급 77,890원 | 바로 가입하기",현대,제네시스,2026,제네시스 G80 2.5T(2024년형),2WD,id1,56,남
46,2026-08-31 17:05:29,14로6902,2026-09-11,본인,삼성화재,"382,250","463,110","80,860","삼성화재 | 개인용애니카다이렉트자동차보험(플랫폼) | 최종 보험료 | 382,250원 | 총 보험료 | 결제 463,110원 | 마일리지 환급 80,860원 | 바로 가입하기",현대,그랜져,2020,그랜져 IG(2019년형),IG240 프리미엄,id1,56,남
53,2026-08-31 17:17:45,14로6902,2026-09-11,본인,삼성화재,"523,370","632,450","109,080","삼성화재 | 개인용애니카다이렉트자동차보험(플랫폼) | 최종 보험료 | 523,370원 | 총 보험료 | 결제 632,450원 | 마일리지 환급 109,080원 | 바로 가입하기",기아,카니발,2017,"올뉴카니발2.2(디젤,9인승)",프레스티지,id1,56,남
60,2026-08-31 17:30:14,14로6902,2026-09-11,본인,삼성화재,"514,420","622,320","107,900","삼성화재 | 개인용애니카다이렉트자동차보험(플랫폼) | 최종 보험료 | 514,420원 | 총 보험료 | 결제 622,320원 | 마일리지 환급 107,900원 | 바로 가입하기",기아,스포티지,2014,스포티지R GDI(2WD),럭셔리,id1,56,남
67,2026-08-31 17:43:43,14로6902,2026-09-11,본인,삼성화재,"523,130","635,060","111,930","삼성화재 | 개인용애니카다이렉트자동차보험(플랫폼) | 최종 보험료 | 523,130원 | 총 보험료 | 결제 635,060원 | 마일리지 환급 111,930원 | 바로 가입하기",벤츠,Mercedes Benz E-Class,2023,New E 250,Avantgarde,id1,56,남
74,2026-08-31 17:55:34,14로6902,2026-09-11,본인,삼성화재,"390,340","472,760","82,420","삼성화재 | 개인용애니카다이렉트자동차보험(플랫폼) | 최종 보험료 | 390,340원 | 총 보험료 | 결제 472,760원 | 마일리지 환급 82,420원 | 바로 가입하기",기아,RAY,2025,THE NEW RAY 1.0,베스트 셀렉션,id1,56,남
81,2026-08-31 18:10:00,14로6902,2026-09-11,본인,삼성화재,"599,180","727,080","127,900","삼성화재 | 개인용애니카다이렉트자동차보험(플랫폼) | 최종 보험료 | 599,180원 | 총 보험료 | 결제 727,080원 | 마일리지 환급 127,900원 | 바로 가입하기",현대,아이오닉,2020,더 뉴 아이오닉 플러그인 하이브리드,큐,id1,56,남
88,2026-08-31 18:20:03,14로6902,2026-09-11,본인,삼성화재,"375,030","455,270","80,240","삼성화재 | 개인용애니카다이렉트자동차보험(플랫폼) | 최종 보험료 | 375,030원 | 총 보험료 | 결제 455,270원 | 마일리지 환급 80,240원 | 바로 가입하기",기아,K9,2025,THE K9 3.8 GDI,플래티넘(AWD),id1,56,남
95,2026-08-31 18:31:27,14로6902,2026-09-11,본인,삼성화재,"779,530","995,970","216,440","삼성화재 | 개인용애니카다이렉트자동차보험(플랫폼) | 최종 보험료 | 779,530원 | 총 보험료 | 결제 995,970원 | 마일리지 환급 216,440원 | 바로 가입하기",Tesla,Model 3,2026,Model 3,Long Range(2022~),id1,56,남
4,2026-08-31 15:53:32,14로6902,2026-09-11,본인,하나손해보험,"350,850","456,730","105,880","하나손해보험 | 하나 다이렉트 자동차보험 | 최종 보험료 | 350,850원 | 총 보험료 | 결제 456,730원 | 마일리지 환급 105,880원 | 마일리지 선할인 101,410원 | 바로 가입하기",현대,쏘나타,2026,쏘나타 디 엣지 2.0,프리미엄,id1,56,남
11,2026-08-31 16:05:54,14로6902,2026-09-11,본인,하나손해보험,"320,690","414,070","93,380","하나손해보험 | 하나 다이렉트 자동차보험 | 최종 보험료 | 320,690원 | 총 보험료 | 결제 414,070원 | 마일리지 환급 93,380원 | 마일리지 선할인 89,440원 | 바로 가입하기",현대,캐스퍼,2023,캐스퍼 1.0,스마트,id1,56,남
18,2026-08-31 16:16:16,14로6902,2026-09-11,본인,하나손해보험,"396,700","510,990","114,290","하나손해보험 | 하나 다이렉트 자동차보험 | 최종 보험료 | 396,700원 | 총 보험료 | 결제 510,990원 | 마일리지 환급 114,290원 | 마일리지 선할인 109,470원 | 바로 가입하기",기아,모닝,2020,올뉴 모닝(2017),럭셔리,id1,56,남
25,2026-08-31 16:27:28,14로6902,2026-09-11,본인,하나손해보험,"443,290","572,050","128,760","하나손해보험 | 하나 다이렉트 자동차보험 | 최종 보험료 | 443,290원 | 총 보험료 | 결제 572,050원 | 마일리지 환급 128,760원 | 마일리지 선할인 123,330원 | 바로 가입하기",현대,아반떼,2017,아반떼AD 1.6GDI,밸류플러스,id1,56,남
32,2026-08-31 16:40:40,14로6902,2026-09-11,본인,하나손해보험,"466,840","603,790","136,950","하나손해보험 | 하나 다이렉트 자동차보험 | 최종 보험료 | 466,840원 | 총 보험료 | 결제 603,790원 | 마일리지 환급 136,950원 | 마일리지 선할인 131,170원 | 바로 가입하기",기아,K5,2014,K5 2.0,프레스티지,id1,56,남
39,2026-08-31 16:52:44,14로6902,2026-09-11,본인,하나손해보험,"333,820","434,400","100,580","하나손해보험 | 하나 다이렉트 자동차보험 | 최종 보험료 | 333,820원 | 총 보험료 | 결제 434,400원 | 마일리지 환급 100,580원 | 마일리지 선할인 96,340원 | 바로 가입하기",현대,제네시스,2026,제네시스 G80 2.5T(2024년형),2WD,id1,56,남
46,2026-08-31 17:05:29,14로6902,2026-09-11,본인,하나손해보험,"401,670","518,380","116,710","하나손해보험 | 하나 다이렉트 자동차보험 | 최종 보험료 | 401,670원 | 총 보험료 | 결제 518,380원 | 마일리지 환급 116,710원 | 마일리지 선할인 111,790원 | 바로 가입하기",현대,그랜져,2020,그랜져 IG(2019년형),IG240 프리미엄,id1,56,남
53,2026-08-31 17:17:45,14로6902,2026-09-11,본인,하나손해보험,"510,820","660,270","149,450","하나손해보험 | 하나 다이렉트 자동차보험 | 최종 보험료 | 510,820원 | 총 보험료 | 결제 660,270원 | 마일리지 환급 149,450원 | 마일리지 선할인 143,150원 | 바로 가입하기",기아,카니발,2017,"올뉴카니발2.2(디젤,9인승)",프레스티지,id1,56,남
60,2026-08-31 17:30:14,14로6902,2026-09-11,본인,하나손해보험,"468,820","606,390","137,570","하나손해보험 | 하나 다이렉트 자동차보험 | 최종 보험료 | 468,820원 | 총 보험료 | 결제 606,390원 | 마일리지 환급 137,570원 | 마일리지 선할인 131,760원 | 바로 가입하기",기아,스포티지,2014,스포티지R GDI(2WD),럭셔리,id1,56,남
67,2026-08-31 17:43:43,14로6902,2026-09-11,본인,하나손해보험,"518,750","674,730","155,980","하나손해보험 | 하나 다이렉트 자동차보험 | 최종 보험료 | 518,750원 | 총 보험료 | 결제 674,730원 | 마일리지 환급 155,980원 | 마일리지 선할인 149,400원 | 바로 가입하기",벤츠,Mercedes Benz E-Class,2023,New E 250,Avantgarde,id1,56,남
74,2026-08-31 17:55:34,14로6902,2026-09-11,본인,하나손해보험,"352,780","458,270","105,490","하나손해보험 | 하나 다이렉트 자동차보험 | 최종 보험료 | 352,780원 | 총 보험료 | 결제 458,270원 | 마일리지 환급 105,490원 | 마일리지 선할인 101,040원 | 바로 가입하기",기아,RAY,2025,THE NEW RAY 1.0,베스트 셀렉션,id1,56,남
81,2026-08-31 18:10:00,14로6902,2026-09-11,본인,하나손해보험,"478,180","631,200","153,020","하나손해보험 | 하나 다이렉트 자동차보험 | 최종 보험료 | 478,180원 | 총 보험료 | 결제 631,200원 | 마일리지 환급 153,020원 | 마일리지 선할인 147,000원 | 바로 가입하기",현대,아이오닉,2020,더 뉴 아이오닉 플러그인 하이브리드,큐,id1,56,남
88,2026-08-31 18:20:03,14로6902,2026-09-11,본인,하나손해보험,"409,940","534,170","124,230","하나손해보험 | 하나 다이렉트 자동차보험 | 최종 보험료 | 409,940원 | 총 보험료 | 결제 534,170원 | 마일리지 환급 124,230원 | 마일리지 선할인 118,990원 | 바로 가입하기",기아,K9,2025,THE K9 3.8 GDI,플래티넘(AWD),id1,56,남
95,2026-08-31 18:31:27,14로6902,2026-09-11,본인,하나손해보험,"766,440","1,024,000","257,560","하나손해보험 | 하나 다이렉트 자동차보험 | 최종 보험료 | 766,440원 | 총 보험료 | 결제 1,024,000원 | 마일리지 환급 257,560원 | 마일리지 선할인 247,420원 | 바로 가입하기",Tesla,Model 3,2026,Model 3,Long Range(2022~),id1,56,남
4,2026-08-31 15:53:32,14로6902,2026-09-11,본인,한화손보,"413,070","514,700","101,630","한화손보 | 캐롯 자동차보험 | 최종 보험료 | 413,070원 | 총 보험료 | 결제 514,700원 | 마일리지 환급 101,630원 | 월 납입 시 62,570원 | 바로 가입하기",현대,쏘나타,2026,쏘나타 디 엣지 2.0,프리미엄,id1,56,남
11,2026-08-31 16:05:54,14로6902,2026-09-11,본인,한화손보,"369,580","400,000","30,420","한화손보 | 캐롯 자동차보험 | 최종 보험료 | 369,580원 | 총 보험료 | 결제 400,000원 | 마일리지 환급 30,420원 | 월 납입 시 72,600원 | 바로 가입하기",현대,캐스퍼,2023,캐스퍼 1.0,스마트,id1,56,남
18,2026-08-31 16:16:16,14로6902,2026-09-11,본인,한화손보,"427,260","462,270","35,010","한화손보 | 캐롯 자동차보험 | 최종 보험료 | 427,260원 | 총 보험료 | 결제 462,270원 | 마일리지 환급 35,010원 | 월 납입 시 85,530원 | 바로 가입하기",기아,모닝,2020,올뉴 모닝(2017),럭셔리,id1,56,남
25,2026-08-31 16:27:28,14로6902,2026-09-11,본인,한화손보,"494,770","536,440","41,670","한화손보 | 캐롯 자동차보험 | 최종 보험료 | 494,770원 | 총 보험료 | 결제 536,440원 | 마일리지 환급 41,670원 | 월 납입 시 88,070원 | 바로 가입하기",현대,아반떼,2017,아반떼AD 1.6GDI,밸류플러스,id1,56,남
32,2026-08-31 16:40:40,14로6902,2026-09-11,본인,한화손보,"524,420","568,840","44,420","한화손보 | 캐롯 자동차보험 | 최종 보험료 | 524,420원 | 총 보험료 | 결제 568,840원 | 마일리지 환급 44,420원 | 월 납입 시 90,760원 | 바로 가입하기",기아,K5,2014,K5 2.0,프레스티지,id1,56,남
39,2026-08-31 16:52:44,14로6902,2026-09-11,본인,한화손보,"362,810","451,890","89,080","한화손보 | 캐롯 자동차보험 | 최종 보험료 | 362,810원 | 총 보험료 | 결제 451,890원 | 마일리지 환급 89,080원 | 월 납입 시 55,580원 | 바로 가입하기",현대,제네시스,2026,제네시스 G80 2.5T(2024년형),2WD,id1,56,남
46,2026-08-31 17:05:29,14로6902,2026-09-11,본인,한화손보,"431,720","468,000","36,280","한화손보 | 캐롯 자동차보험 | 최종 보험료 | 431,720원 | 총 보험료 | 결제 468,000원 | 마일리지 환급 36,280원 | 월 납입 시 77,580원 | 바로 가입하기",현대,그랜져,2020,그랜져 IG(2019년형),IG240 프리미엄,id1,56,남
53,2026-08-31 17:17:45,14로6902,2026-09-11,본인,한화손보,"526,830","571,300","44,470","한화손보 | 캐롯 자동차보험 | 최종 보험료 | 526,830원 | 총 보험료 | 결제 571,300원 | 마일리지 환급 44,470원 | 월 납입 시 92,680원 | 바로 가입하기",기아,카니발,2017,"올뉴카니발2.2(디젤,9인승)",프레스티지,id1,56,남
60,2026-08-31 17:30:14,14로6902,2026-09-11,본인,한화손보,"525,980","570,540","44,560","한화손보 | 캐롯 자동차보험 | 최종 보험료 | 525,980원 | 총 보험료 | 결제 570,540원 | 마일리지 환급 44,560원 | 월 납입 시 91,020원 | 바로 가입하기",기아,스포티지,2014,스포티지R GDI(2WD),럭셔리,id1,56,남
67,2026-08-31 17:43:43,14로6902,2026-09-11,본인,한화손보,"521,140","565,830","44,690","한화손보 | 캐롯 자동차보험 | 최종 보험료 | 521,140원 | 총 보험료 | 결제 565,830원 | 마일리지 환급 44,690원 | 월 납입 시 84,660원 | 바로 가입하기",벤츠,Mercedes Benz E-Class,2023,New E 250,Avantgarde,id1,56,남
74,2026-08-31 17:55:34,14로6902,2026-09-11,본인,한화손보,"412,880","448,240","35,360","한화손보 | 캐롯 자동차보험 | 최종 보험료 | 412,880원 | 총 보험료 | 결제 448,240원 | 마일리지 환급 35,360원 | 월 납입 시 67,740원 | 바로 가입하기",기아,RAY,2025,THE NEW RAY 1.0,베스트 셀렉션,id1,56,남
81,2026-08-31 18:10:00,14로6902,2026-09-11,본인,한화손보,"522,540","566,670","44,130","한화손보 | 캐롯 자동차보험 | 최종 보험료 | 522,540원 | 총 보험료 | 결제 566,670원 | 마일리지 환급 44,130원 | 월 납입 시 91,660원 | 바로 가입하기",현대,아이오닉,2020,더 뉴 아이오닉 플러그인 하이브리드,큐,id1,56,남
88,2026-08-31 18:20:03,14로6902,2026-09-11,본인,한화손보,"406,390","441,620","35,230","한화손보 | 캐롯 자동차보험 | 최종 보험료 | 406,390원 | 총 보험료 | 결제 441,620원 | 마일리지 환급 35,230원 | 월 납입 시 62,330원 | 바로 가입하기",기아,K9,2025,THE K9 3.8 GDI,플래티넘(AWD),id1,56,남
95,2026-08-31 18:31:27,14로6902,2026-09-11,본인,한화손보,"920,050","1,148,720","228,670","한화손보 | 캐롯 자동차보험 | 최종 보험료 | 920,050원 | 총 보험료 | 결제 1,148,720원 | 마일리지 환급 228,670원 | 월 납입 시 131,010원 | 바로 가입하기",Tesla,Model 3,2026,Model 3,Long Range(2022~),id1,56,남
4,2026-08-31 15:53:32,14로6902,2026-09-11,본인,현대해상,"329,890","454,740","124,850","현대해상 | Hicar 다이렉트 개인용자동차보험(플랫폼) | 최종 보험료 | 329,890원 | 총 보험료 | 결제 454,740원 | 마일리지 환급 124,850원 | 바로 가입하기",현대,쏘나타,2026,쏘나타 디 엣지 2.0,프리미엄,id1,56,남
11,2026-08-31 16:05:54,14로6902,2026-09-11,본인,현대해상,"346,520","472,410","125,890","현대해상 | Hicar 다이렉트 개인용자동차보험(플랫폼) | 최종 보험료 | 346,520원 | 총 보험료 | 결제 472,410원 | 마일리지 환급 125,890원 | 바로 가입하기",현대,캐스퍼,2023,캐스퍼 1.0,스마트,id1,56,남
25,2026-08-31 16:27:28,14로6902,2026-09-11,본인,현대해상,"444,340","598,700","154,360","현대해상 | Hicar 다이렉트 개인용자동차보험(플랫폼) | 최종 보험료 | 444,340원 | 총 보험료 | 결제 598,700원 | 마일리지 환급 154,360원 | 바로 가입하기",현대,아반떼,2017,아반떼AD 1.6GDI,밸류플러스,id1,56,남
32,2026-08-31 16:40:40,14로6902,2026-09-11,본인,현대해상,"444,710","599,180","154,470","현대해상 | Hicar 다이렉트 개인용자동차보험(플랫폼) | 최종 보험료 | 444,710원 | 총 보험료 | 결제 599,180원 | 마일리지 환급 154,470원 | 바로 가입하기",기아,K5,2014,K5 2.0,프레스티지,id1,56,남
39,2026-08-31 16:52:44,14로6902,2026-09-11,본인,현대해상,"296,580","408,490","111,910","현대해상 | Hicar 다이렉트 개인용자동차보험(플랫폼) | 최종 보험료 | 296,580원 | 총 보험료 | 결제 408,490원 | 마일리지 환급 111,910원 | 바로 가입하기",현대,제네시스,2026,제네시스 G80 2.5T(2024년형),2WD,id1,56,남
46,2026-08-31 17:05:29,14로6902,2026-09-11,본인,현대해상,"325,260","437,640","112,380","현대해상 | Hicar 다이렉트 개인용자동차보험(플랫폼) | 최종 보험료 | 325,260원 | 총 보험료 | 결제 437,640원 | 마일리지 환급 112,380원 | 바로 가입하기",현대,그랜져,2020,그랜져 IG(2019년형),IG240 프리미엄,id1,56,남
53,2026-08-31 17:17:45,14로6902,2026-09-11,본인,현대해상,"381,310","510,830","129,520","현대해상 | Hicar 다이렉트 개인용자동차보험(플랫폼) | 최종 보험료 | 381,310원 | 총 보험료 | 결제 510,830원 | 마일리지 환급 129,520원 | 바로 가입하기",기아,카니발,2017,"올뉴카니발2.2(디젤,9인승)",프레스티지,id1,56,남
60,2026-08-31 17:30:14,14로6902,2026-09-11,본인,현대해상,"456,470","615,290","158,820","현대해상 | Hicar 다이렉트 개인용자동차보험(플랫폼) | 최종 보험료 | 456,470원 | 총 보험료 | 결제 615,290원 | 마일리지 환급 158,820원 | 바로 가입하기",기아,스포티지,2014,스포티지R GDI(2WD),럭셔리,id1,56,남
74,2026-08-31 17:55:34,14로6902,2026-09-11,본인,현대해상,"364,750","500,800","136,050","현대해상 | Hicar 다이렉트 개인용자동차보험(플랫폼) | 최종 보험료 | 364,750원 | 총 보험료 | 결제 500,800원 | 마일리지 환급 136,050원 | 바로 가입하기",기아,RAY,2025,THE NEW RAY 1.0,베스트 셀렉션,id1,56,남
81,2026-08-31 18:10:00,14로6902,2026-09-11,본인,현대해상,"432,640","584,900","152,260","현대해상 | Hicar 다이렉트 개인용자동차보험(플랫폼) | 최종 보험료 | 432,640원 | 총 보험료 | 결제 584,900원 | 마일리지 환급 152,260원 | 바로 가입하기",현대,아이오닉,2020,더 뉴 아이오닉 플러그인 하이브리드,큐,id1,56,남
88,2026-08-31 18:20:03,14로6902,2026-09-11,본인,현대해상,"308,310","424,780","116,470","현대해상 | Hicar 다이렉트 개인용자동차보험(플랫폼) | 최종 보험료 | 308,310원 | 총 보험료 | 결제 424,780원 | 마일리지 환급 116,470원 | 바로 가입하기",기아,K9,2025,THE K9 3.8 GDI,플래티넘(AWD),id1,56,남
95,2026-08-31 18:31:27,14로6902,2026-09-11,본인,현대해상,"703,360","959,820","256,460","현대해상 | Hicar 다이렉트 개인용자동차보험(플랫폼) | 최종 보험료 | 703,360원 | 총 보험료 | 결제 959,820원 | 마일리지 환급 256,460원 | 바로 가입하기",Tesla,Model 3,2026,Model 3,Long Range(2022~),id1,56,남
4,2026-08-31 15:53:32,14로6902,2026-09-11,본인,흥국화재,"344,130","456,710","112,580","흥국화재 | 흥국다이렉트개인용자동차보험(CM) | 최종 보험료 | 344,130원 | 총 보험료 | 결제 456,710원 | 마일리지 환급 112,580원 | 바로 가입하기",현대,쏘나타,2026,쏘나타 디 엣지 2.0,프리미엄,id1,56,남
18,2026-08-31 16:16:16,14로6902,2026-09-11,본인,흥국화재,"394,170","504,600","110,430","흥국화재 | 흥국다이렉트개인용자동차보험(CM) | 최종 보험료 | 394,170원 | 총 보험료 | 결제 504,600원 | 마일리지 환급 110,430원 | 바로 가입하기",기아,모닝,2020,올뉴 모닝(2017),럭셔리,id1,56,남
25,2026-08-31 16:27:28,14로6902,2026-09-11,본인,흥국화재,"483,180","620,580","137,400","흥국화재 | 흥국다이렉트개인용자동차보험(CM) | 최종 보험료 | 483,180원 | 총 보험료 | 결제 620,580원 | 마일리지 환급 137,400원 | 바로 가입하기",현대,아반떼,2017,아반떼AD 1.6GDI,밸류플러스,id1,56,남
39,2026-08-31 16:52:44,14로6902,2026-09-11,본인,흥국화재,"325,570","432,200","106,630","흥국화재 | 흥국다이렉트개인용자동차보험(CM) | 최종 보험료 | 325,570원 | 총 보험료 | 결제 432,200원 | 마일리지 환급 106,630원 | 바로 가입하기",현대,제네시스,2026,제네시스 G80 2.5T(2024년형),2WD,id1,56,남
46,2026-08-31 17:05:29,14로6902,2026-09-11,본인,흥국화재,"381,070","501,910","120,840","흥국화재 | 흥국다이렉트개인용자동차보험(CM) | 최종 보험료 | 381,070원 | 총 보험료 | 결제 501,910원 | 마일리지 환급 120,840원 | 바로 가입하기",현대,그랜져,2020,그랜져 IG(2019년형),IG240 프리미엄,id1,56,남
60,2026-08-31 17:30:14,14로6902,2026-09-11,본인,흥국화재,"466,780","614,710","147,930","흥국화재 | 흥국다이렉트개인용자동차보험(CM) | 최종 보험료 | 466,780원 | 총 보험료 | 결제 614,710원 | 마일리지 환급 147,930원 | 바로 가입하기",기아,스포티지,2014,스포티지R GDI(2WD),럭셔리,id1,56,남
67,2026-08-31 17:43:43,14로6902,2026-09-11,본인,흥국화재,"565,520","749,240","183,720","흥국화재 | 흥국다이렉트개인용자동차보험(CM) | 최종 보험료 | 565,520원 | 총 보험료 | 결제 749,240원 | 마일리지 환급 183,720원 | 바로 가입하기",벤츠,Mercedes Benz E-Class,2023,New E 250,Avantgarde,id1,56,남
88,2026-08-31 18:20:03,14로6902,2026-09-11,본인,흥국화재,"337,390","447,360","109,970","흥국화재 | 흥국다이렉트개인용자동차보험(CM) | 최종 보험료 | 337,390원 | 총 보험료 | 결제 447,360원 | 마일리지 환급 109,970원 | 바로 가입하기",기아,K9,2025,THE K9 3.8 GDI,플래티넘(AWD),id1,56,남
95,2026-08-31 18:31:27,14로6902,2026-09-11,본인,흥국화재,"926,430","1,232,610","306,180","흥국화재 | 흥국다이렉트개인용자동차보험(CM) | 최종 보험료 | 926,430원 | 총 보험료 | 결제 1,232,610원 | 마일리지 환급 306,180원 | 바로 가입하기",Tesla,Model 3,2026,Model 3,Long Range(2022~),id1,56,남
5,2026-08-31 15:54:47,14로6902,2026-09-16,본인,AXA,"326,400","468,610","142,210","AXA손해보험 | 다이렉트 자동차보험 | 최종 보험료 | 326,400원 | 총 보험료 | 결제 468,610원 | 마일리지 환급 142,210원 | 마일리지 선할인 139,740원 | 바로 가입하기",현대,쏘나타,2026,쏘나타 디 엣지 2.0,프리미엄,id1,56,남
12,2026-08-31 16:07:21,14로6902,2026-09-16,본인,AXA,"341,420","483,130","141,710","AXA손해보험 | 다이렉트 자동차보험 | 최종 보험료 | 341,420원 | 총 보험료 | 결제 483,130원 | 마일리지 환급 141,710원 | 마일리지 선할인 139,220원 | 바로 가입하기",현대,캐스퍼,2023,캐스퍼 1.0,스마트,id1,56,남
19,2026-08-31 16:17:29,14로6902,2026-09-16,본인,AXA,"433,380","556,840","123,460","AXA손해보험 | 다이렉트 자동차보험 | 최종 보험료 | 433,380원 | 총 보험료 | 결제 556,840원 | 마일리지 환급 123,460원 | 마일리지 선할인 120,290원 | 바로 가입하기",기아,모닝,2020,올뉴 모닝(2017),럭셔리,id1,56,남
26,2026-08-31 16:30:26,14로6902,2026-09-16,본인,AXA,"457,140","590,950","133,810","AXA손해보험 | 다이렉트 자동차보험 | 최종 보험료 | 457,140원 | 총 보험료 | 결제 590,950원 | 마일리지 환급 133,810원 | 마일리지 선할인 130,370원 | 바로 가입하기",현대,아반떼,2017,아반떼AD 1.6GDI,밸류플러스,id1,56,남
33,2026-08-31 16:42:16,14로6902,2026-09-16,본인,AXA,"471,870","607,690","135,820","AXA손해보험 | 다이렉트 자동차보험 | 최종 보험료 | 471,870원 | 총 보험료 | 결제 607,690원 | 마일리지 환급 135,820원 | 마일리지 선할인 132,350원 | 바로 가입하기",기아,K5,2014,K5 2.0,프레스티지,id1,56,남
40,2026-08-31 16:54:07,14로6902,2026-09-16,본인,AXA,"313,420","450,150","136,730","AXA손해보험 | 다이렉트 자동차보험 | 최종 보험료 | 313,420원 | 총 보험료 | 결제 450,150원 | 마일리지 환급 136,730원 | 마일리지 선할인 134,330원 | 바로 가입하기",현대,제네시스,2026,제네시스 G80 2.5T(2024년형),2WD,id1,56,남
47,2026-08-31 17:06:58,14로6902,2026-09-16,본인,AXA,"349,440","496,460","147,020","AXA손해보험 | 다이렉트 자동차보험 | 최종 보험료 | 349,440원 | 총 보험료 | 결제 496,460원 | 마일리지 환급 147,020원 | 마일리지 선할인 144,460원 | 바로 가입하기",현대,그랜져,2020,그랜져 IG(2019년형),IG240 프리미엄,id1,56,남
54,2026-08-31 17:19:23,14로6902,2026-09-16,본인,AXA,"484,280","624,500","140,220","AXA손해보험 | 다이렉트 자동차보험 | 최종 보험료 | 484,280원 | 총 보험료 | 결제 624,500원 | 마일리지 환급 140,220원 | 마일리지 선할인 136,610원 | 바로 가입하기",기아,카니발,2017,"올뉴카니발2.2(디젤,9인승)",프레스티지,id1,56,남
61,2026-08-31 17:33:12,14로6902,2026-09-16,본인,AXA,"466,810","601,090","134,280","AXA손해보험 | 다이렉트 자동차보험 | 최종 보험료 | 466,810원 | 총 보험료 | 결제 601,090원 | 마일리지 환급 134,280원 | 마일리지 선할인 130,850원 | 바로 가입하기",기아,스포티지,2014,스포티지R GDI(2WD),럭셔리,id1,56,남
68,2026-08-31 17:45:12,14로6902,2026-09-16,본인,AXA,"499,480","716,570","217,090","AXA손해보험 | 다이렉트 자동차보험 | 최종 보험료 | 499,480원 | 총 보험료 | 결제 716,570원 | 마일리지 환급 217,090원 | 마일리지 선할인 213,290원 | 바로 가입하기",벤츠,Mercedes Benz E-Class,2023,New E 250,Avantgarde,id1,56,남
75,2026-08-31 17:57:23,14로6902,2026-09-16,본인,AXA,"339,430","485,650","146,220","AXA손해보험 | 다이렉트 자동차보험 | 최종 보험료 | 339,430원 | 총 보험료 | 결제 485,650원 | 마일리지 환급 146,220원 | 마일리지 선할인 143,640원 | 바로 가입하기",기아,RAY,2025,THE NEW RAY 1.0,베스트 셀렉션,id1,56,남
96,2026-08-31 18:34:52,14로6902,2026-09-16,본인,AXA,"650,280","1,098,790","448,510","AXA손해보험 | 다이렉트 자동차보험 | 최종 보험료 | 650,280원 | 총 보험료 | 결제 1,098,790원 | 마일리지 환급 448,510원 | 마일리지 선할인 443,480원 | 바로 가입하기",Tesla,Model 3,2026,Model 3,Long Range(2022~),id1,56,남
103,2026-08-31 18:46:13,14로6902,2026-09-16,본인,AXA,"479,030","619,570","140,540","AXA손해보험 | 다이렉트 자동차보험 | 최종 보험료 | 479,030원 | 총 보험료 | 결제 619,570원 | 마일리지 환급 140,540원 | 마일리지 선할인 136,950원 | 바로 가입하기",현대,코나,2017,코나 1.6 터보(4WD),스마트,id1,56,남
110,2026-08-31 18:56:26,14로6902,2026-09-16,본인,AXA,"412,780","589,600","176,820","AXA손해보험 | 다이렉트 자동차보험 | 최종 보험료 | 412,780원 | 총 보험료 | 결제 589,600원 | 마일리지 환급 176,820원 | 마일리지 선할인 173,730원 | 바로 가입하기",현대,스타리아,2022,스타리아 라운지,리무진(2WD),id1,56,남
124,2026-08-31 19:15:56,14로6902,2026-09-16,본인,AXA,"342,100","491,390","149,290","AXA손해보험 | 다이렉트 자동차보험 | 최종 보험료 | 342,100원 | 총 보험료 | 결제 491,390원 | 마일리지 환급 149,290원 | 마일리지 선할인 146,690원 | 바로 가입하기",삼성,그랑 콜레오스,2026,그랑 콜레오스 2.0 터보,테크노,id1,56,남
5,2026-08-31 15:54:47,14로6902,2026-09-16,본인,DB손해보험,"427,160","532,810","105,650","DB손해보험 | 프로미카 다이렉트개인용자동차보험(플랫폼) | 최종 보험료 | 427,160원 | 총 보험료 | 결제 532,810원 | 마일리지 환급 105,650원 | 바로 가입하기",현대,쏘나타,2026,쏘나타 디 엣지 2.0,프리미엄,id1,56,남
12,2026-08-31 16:07:21,14로6902,2026-09-16,본인,DB손해보험,"384,520","476,360","91,840","DB손해보험 | 프로미카 다이렉트개인용자동차보험(플랫폼) | 최종 보험료 | 384,520원 | 총 보험료 | 결제 476,360원 | 마일리지 환급 91,840원 | 바로 가입하기",현대,캐스퍼,2023,캐스퍼 1.0,스마트,id1,56,남
19,2026-08-31 16:17:29,14로6902,2026-09-16,본인,DB손해보험,"448,890","556,710","107,820","DB손해보험 | 프로미카 다이렉트개인용자동차보험(플랫폼) | 최종 보험료 | 448,890원 | 총 보험료 | 결제 556,710원 | 마일리지 환급 107,820원 | 바로 가입하기",기아,모닝,2020,올뉴 모닝(2017),럭셔리,id1,56,남
26,2026-08-31 16:30:26,14로6902,2026-09-16,본인,DB손해보험,"525,250","652,450","127,200","DB손해보험 | 프로미카 다이렉트개인용자동차보험(플랫폼) | 최종 보험료 | 525,250원 | 총 보험료 | 결제 652,450원 | 마일리지 환급 127,200원 | 바로 가입하기",현대,아반떼,2017,아반떼AD 1.6GDI,밸류플러스,id1,56,남
33,2026-08-31 16:42:16,14로6902,2026-09-16,본인,DB손해보험,"512,710","635,550","122,840","DB손해보험 | 프로미카 다이렉트개인용자동차보험(플랫폼) | 최종 보험료 | 512,710원 | 총 보험료 | 결제 635,550원 | 마일리지 환급 122,840원 | 바로 가입하기",기아,K5,2014,K5 2.0,프레스티지,id1,56,남
40,2026-08-31 16:54:07,14로6902,2026-09-16,본인,DB손해보험,"375,720","468,640","92,920","DB손해보험 | 프로미카 다이렉트개인용자동차보험(플랫폼) | 최종 보험료 | 375,720원 | 총 보험료 | 결제 468,640원 | 마일리지 환급 92,920원 | 바로 가입하기",현대,제네시스,2026,제네시스 G80 2.5T(2024년형),2WD,id1,56,남
47,2026-08-31 17:06:58,14로6902,2026-09-16,본인,DB손해보험,"411,970","511,490","99,520","DB손해보험 | 프로미카 다이렉트개인용자동차보험(플랫폼) | 최종 보험료 | 411,970원 | 총 보험료 | 결제 511,490원 | 마일리지 환급 99,520원 | 바로 가입하기",현대,그랜져,2020,그랜져 IG(2019년형),IG240 프리미엄,id1,56,남
54,2026-08-31 17:19:23,14로6902,2026-09-16,본인,DB손해보험,"531,560","683,850","152,290","DB손해보험 | 프로미카 다이렉트개인용자동차보험(플랫폼) | 최종 보험료 | 531,560원 | 총 보험료 | 결제 683,850원 | 마일리지 환급 152,290원 | 바로 가입하기",기아,카니발,2017,"올뉴카니발2.2(디젤,9인승)",프레스티지,id1,56,남
61,2026-08-31 17:33:12,14로6902,2026-09-16,본인,DB손해보험,"529,270","656,240","126,970","DB손해보험 | 프로미카 다이렉트개인용자동차보험(플랫폼) | 최종 보험료 | 529,270원 | 총 보험료 | 결제 656,240원 | 마일리지 환급 126,970원 | 바로 가입하기",기아,스포티지,2014,스포티지R GDI(2WD),럭셔리,id1,56,남
68,2026-08-31 17:45:12,14로6902,2026-09-16,본인,DB손해보험,"543,850","676,880","133,030","DB손해보험 | 프로미카 다이렉트개인용자동차보험(플랫폼) | 최종 보험료 | 543,850원 | 총 보험료 | 결제 676,880원 | 마일리지 환급 133,030원 | 바로 가입하기",벤츠,Mercedes Benz E-Class,2023,New E 250,Avantgarde,id1,56,남
75,2026-08-31 17:57:23,14로6902,2026-09-16,본인,DB손해보험,"415,330","515,900","100,570","DB손해보험 | 프로미카 다이렉트개인용자동차보험(플랫폼) | 최종 보험료 | 415,330원 | 총 보험료 | 결제 515,900원 | 마일리지 환급 100,570원 | 바로 가입하기",기아,RAY,2025,THE NEW RAY 1.0,베스트 셀렉션,id1,56,남
96,2026-08-31 18:34:52,14로6902,2026-09-16,본인,DB손해보험,"799,480","985,940","186,460","DB손해보험 | 프로미카 다이렉트개인용자동차보험(플랫폼) | 최종 보험료 | 799,480원 | 총 보험료 | 결제 985,940원 | 마일리지 환급 186,460원 | 바로 가입하기",Tesla,Model 3,2026,Model 3,Long Range(2022~),id1,56,남
103,2026-08-31 18:46:13,14로6902,2026-09-16,본인,DB손해보험,"534,080","663,470","129,390","DB손해보험 | 프로미카 다이렉트개인용자동차보험(플랫폼) | 최종 보험료 | 534,080원 | 총 보험료 | 결제 663,470원 | 마일리지 환급 129,390원 | 바로 가입하기",현대,코나,2017,코나 1.6 터보(4WD),스마트,id1,56,남
110,2026-08-31 18:56:26,14로6902,2026-09-16,본인,DB손해보험,"532,160","686,580","154,420","DB손해보험 | 프로미카 다이렉트개인용자동차보험(플랫폼) | 최종 보험료 | 532,160원 | 총 보험료 | 결제 686,580원 | 마일리지 환급 154,420원 | 바로 가입하기",현대,스타리아,2022,스타리아 라운지,리무진(2WD),id1,56,남
124,2026-08-31 19:15:56,14로6902,2026-09-16,본인,DB손해보험,"418,450","521,930","103,480","DB손해보험 | 프로미카 다이렉트개인용자동차보험(플랫폼) | 최종 보험료 | 418,450원 | 총 보험료 | 결제 521,930원 | 마일리지 환급 103,480원 | 바로 가입하기",삼성,그랑 콜레오스,2026,그랑 콜레오스 2.0 터보,테크노,id1,56,남
5,2026-08-31 15:54:47,14로6902,2026-09-16,본인,KB손해보험,"338,290","455,510","117,220","KB손해보험 | KB다이렉트(플랫폼)개인용자동차보험 | 최종 보험료 | 338,290원 | 총 보험료 | 결제 455,510원 | 마일리지 환급 117,220원 | 바로 가입하기",현대,쏘나타,2026,쏘나타 디 엣지 2.0,프리미엄,id1,56,남
12,2026-08-31 16:07:21,14로6902,2026-09-16,본인,KB손해보험,"333,190","443,510","110,320","KB손해보험 | KB다이렉트(플랫폼)개인용자동차보험 | 최종 보험료 | 333,190원 | 총 보험료 | 결제 443,510원 | 마일리지 환급 110,320원 | 바로 가입하기",현대,캐스퍼,2023,캐스퍼 1.0,스마트,id1,56,남
19,2026-08-31 16:17:29,14로6902,2026-09-16,본인,KB손해보험,"385,140","491,110","105,970","KB손해보험 | KB다이렉트(플랫폼)개인용자동차보험 | 최종 보험료 | 385,140원 | 총 보험료 | 결제 491,110원 | 마일리지 환급 105,970원 | 바로 가입하기",기아,모닝,2020,올뉴 모닝(2017),럭셔리,id1,56,남
26,2026-08-31 16:30:26,14로6902,2026-09-16,본인,KB손해보험,"451,130","577,610","126,480","KB손해보험 | KB다이렉트(플랫폼)개인용자동차보험 | 최종 보험료 | 451,130원 | 총 보험료 | 결제 577,610원 | 마일리지 환급 126,480원 | 바로 가입하기",현대,아반떼,2017,아반떼AD 1.6GDI,밸류플러스,id1,56,남
33,2026-08-31 16:42:16,14로6902,2026-09-16,본인,KB손해보험,"465,100","593,770","128,670","KB손해보험 | KB다이렉트(플랫폼)개인용자동차보험 | 최종 보험료 | 465,100원 | 총 보험료 | 결제 593,770원 | 마일리지 환급 128,670원 | 바로 가입하기",기아,K5,2014,K5 2.0,프레스티지,id1,56,남
40,2026-08-31 16:54:07,14로6902,2026-09-16,본인,KB손해보험,"330,070","444,870","114,800","KB손해보험 | KB다이렉트(플랫폼)개인용자동차보험 | 최종 보험료 | 330,070원 | 총 보험료 | 결제 444,870원 | 마일리지 환급 114,800원 | 바로 가입하기",현대,제네시스,2026,제네시스 G80 2.5T(2024년형),2WD,id1,56,남
47,2026-08-31 17:06:58,14로6902,2026-09-16,본인,KB손해보험,"384,360","491,540","107,180","KB손해보험 | KB다이렉트(플랫폼)개인용자동차보험 | 최종 보험료 | 384,360원 | 총 보험료 | 결제 491,540원 | 마일리지 환급 107,180원 | 바로 가입하기",현대,그랜져,2020,그랜져 IG(2019년형),IG240 프리미엄,id1,56,남
54,2026-08-31 17:19:23,14로6902,2026-09-16,본인,KB손해보험,"484,880","617,380","132,500","KB손해보험 | KB다이렉트(플랫폼)개인용자동차보험 | 최종 보험료 | 484,880원 | 총 보험료 | 결제 617,380원 | 마일리지 환급 132,500원 | 바로 가입하기",기아,카니발,2017,"올뉴카니발2.2(디젤,9인승)",프레스티지,id1,56,남
61,2026-08-31 17:33:12,14로6902,2026-09-16,본인,KB손해보험,"450,030","574,310","124,280","KB손해보험 | KB다이렉트(플랫폼)개인용자동차보험 | 최종 보험료 | 450,030원 | 총 보험료 | 결제 574,310원 | 마일리지 환급 124,280원 | 바로 가입하기",기아,스포티지,2014,스포티지R GDI(2WD),럭셔리,id1,56,남
68,2026-08-31 17:45:12,14로6902,2026-09-16,본인,KB손해보험,"481,780","647,540","165,760","KB손해보험 | KB다이렉트(플랫폼)개인용자동차보험 | 최종 보험료 | 481,780원 | 총 보험료 | 결제 647,540원 | 마일리지 환급 165,760원 | 바로 가입하기",벤츠,Mercedes Benz E-Class,2023,New E 250,Avantgarde,id1,56,남
75,2026-08-31 17:57:23,14로6902,2026-09-16,본인,KB손해보험,"329,450","440,550","111,100","KB손해보험 | KB다이렉트(플랫폼)개인용자동차보험 | 최종 보험료 | 329,450원 | 총 보험료 | 결제 440,550원 | 마일리지 환급 111,100원 | 바로 가입하기",기아,RAY,2025,THE NEW RAY 1.0,베스트 셀렉션,id1,56,남
96,2026-08-31 18:34:52,14로6902,2026-09-16,본인,KB손해보험,"704,410","979,380","274,970","KB손해보험 | KB다이렉트(플랫폼)개인용자동차보험 | 최종 보험료 | 704,410원 | 총 보험료 | 결제 979,380원 | 마일리지 환급 274,970원 | 바로 가입하기",Tesla,Model 3,2026,Model 3,Long Range(2022~),id1,56,남
103,2026-08-31 18:46:13,14로6902,2026-09-16,본인,KB손해보험,"454,600","582,100","127,500","KB손해보험 | KB다이렉트(플랫폼)개인용자동차보험 | 최종 보험료 | 454,600원 | 총 보험료 | 결제 582,100원 | 마일리지 환급 127,500원 | 바로 가입하기",현대,코나,2017,코나 1.6 터보(4WD),스마트,id1,56,남
110,2026-08-31 18:56:26,14로6902,2026-09-16,본인,KB손해보험,"432,780","577,510","144,730","KB손해보험 | KB다이렉트(플랫폼)개인용자동차보험 | 최종 보험료 | 432,780원 | 총 보험료 | 결제 577,510원 | 마일리지 환급 144,730원 | 바로 가입하기",현대,스타리아,2022,스타리아 라운지,리무진(2WD),id1,56,남
124,2026-08-31 19:15:56,14로6902,2026-09-16,본인,KB손해보험,"343,850","463,020","119,170","KB손해보험 | KB다이렉트(플랫폼)개인용자동차보험 | 최종 보험료 | 343,850원 | 총 보험료 | 결제 463,020원 | 마일리지 환급 119,170원 | 바로 가입하기",삼성,그랑 콜레오스,2026,그랑 콜레오스 2.0 터보,테크노,id1,56,남
5,2026-08-31 15:54:47,14로6902,2026-09-16,본인,롯데손해보험,"355,900","425,050","69,150","롯데손해보험 | let:click 개인용자동차보험(인터넷) | 최종 보험료 | 355,900원 | 총 보험료 | 결제 425,050원 | 마일리지 환급 69,150원 | 바로 가입하기",현대,쏘나타,2026,쏘나타 디 엣지 2.0,프리미엄,id1,56,남
12,2026-08-31 16:07:21,14로6902,2026-09-16,본인,롯데손해보험,"329,610","391,940","62,330","롯데손해보험 | let:click 개인용자동차보험(인터넷) | 최종 보험료 | 329,610원 | 총 보험료 | 결제 391,940원 | 마일리지 환급 62,330원 | 바로 가입하기",현대,캐스퍼,2023,캐스퍼 1.0,스마트,id1,56,남
19,2026-08-31 16:17:29,14로6902,2026-09-16,본인,롯데손해보험,"386,920","459,190","72,270","롯데손해보험 | let:click 개인용자동차보험(인터넷) | 최종 보험료 | 386,920원 | 총 보험료 | 결제 459,190원 | 마일리지 환급 72,270원 | 바로 가입하기",기아,모닝,2020,올뉴 모닝(2017),럭셔리,id1,56,남
26,2026-08-31 16:30:26,14로6902,2026-09-16,본인,롯데손해보험,"506,060","602,030","95,970","롯데손해보험 | let:click 개인용자동차보험(인터넷) | 최종 보험료 | 506,060원 | 총 보험료 | 결제 602,030원 | 마일리지 환급 95,970원 | 바로 가입하기",현대,아반떼,2017,아반떼AD 1.6GDI,밸류플러스,id1,56,남
33,2026-08-31 16:42:16,14로6902,2026-09-16,본인,롯데손해보험,"429,250","509,470","80,220","롯데손해보험 | let:click 개인용자동차보험(인터넷) | 최종 보험료 | 429,250원 | 총 보험료 | 결제 509,470원 | 마일리지 환급 80,220원 | 바로 가입하기",기아,K5,2014,K5 2.0,프레스티지,id1,56,남
40,2026-08-31 16:54:07,14로6902,2026-09-16,본인,롯데손해보험,"351,390","419,570","68,180","롯데손해보험 | let:click 개인용자동차보험(인터넷) | 최종 보험료 | 351,390원 | 총 보험료 | 결제 419,570원 | 마일리지 환급 68,180원 | 바로 가입하기",현대,제네시스,2026,제네시스 G80 2.5T(2024년형),2WD,id1,56,남
47,2026-08-31 17:06:58,14로6902,2026-09-16,본인,롯데손해보험,"374,100","443,780","69,680","롯데손해보험 | let:click 개인용자동차보험(인터넷) | 최종 보험료 | 374,100원 | 총 보험료 | 결제 443,780원 | 마일리지 환급 69,680원 | 바로 가입하기",현대,그랜져,2020,그랜져 IG(2019년형),IG240 프리미엄,id1,56,남
54,2026-08-31 17:19:23,14로6902,2026-09-16,본인,롯데손해보험,"426,190","505,700","79,510","롯데손해보험 | let:click 개인용자동차보험(인터넷) | 최종 보험료 | 426,190원 | 총 보험료 | 결제 505,700원 | 마일리지 환급 79,510원 | 바로 가입하기",기아,카니발,2017,"올뉴카니발2.2(디젤,9인승)",프레스티지,id1,56,남
61,2026-08-31 17:33:12,14로6902,2026-09-16,본인,롯데손해보험,"405,410","480,740","75,330","롯데손해보험 | let:click 개인용자동차보험(인터넷) | 최종 보험료 | 405,410원 | 총 보험료 | 결제 480,740원 | 마일리지 환급 75,330원 | 바로 가입하기",기아,스포티지,2014,스포티지R GDI(2WD),럭셔리,id1,56,남
68,2026-08-31 17:45:12,14로6902,2026-09-16,본인,롯데손해보험,"483,880","577,780","93,900","롯데손해보험 | let:click 개인용자동차보험(인터넷) | 최종 보험료 | 483,880원 | 총 보험료 | 결제 577,780원 | 마일리지 환급 93,900원 | 바로 가입하기",벤츠,Mercedes Benz E-Class,2023,New E 250,Avantgarde,id1,56,남
75,2026-08-31 17:57:23,14로6902,2026-09-16,본인,롯데손해보험,"378,260","451,880","73,620","롯데손해보험 | let:click 개인용자동차보험(인터넷) | 최종 보험료 | 378,260원 | 총 보험료 | 결제 451,880원 | 마일리지 환급 73,620원 | 바로 가입하기",기아,RAY,2025,THE NEW RAY 1.0,베스트 셀렉션,id1,56,남
96,2026-08-31 18:34:52,14로6902,2026-09-16,본인,롯데손해보험,"863,040","1,034,870","171,830","롯데손해보험 | let:click 개인용자동차보험(인터넷) | 최종 보험료 | 863,040원 | 총 보험료 | 결제 1,034,870원 | 마일리지 환급 171,830원 | 바로 가입하기",Tesla,Model 3,2026,Model 3,Long Range(2022~),id1,56,남
103,2026-08-31 18:46:13,14로6902,2026-09-16,본인,롯데손해보험,"549,960","654,920","104,960","롯데손해보험 | let:click 개인용자동차보험(인터넷) | 최종 보험료 | 549,960원 | 총 보험료 | 결제 654,920원 | 마일리지 환급 104,960원 | 바로 가입하기",현대,코나,2017,코나 1.6 터보(4WD),스마트,id1,56,남
110,2026-08-31 18:56:26,14로6902,2026-09-16,본인,롯데손해보험,"392,540","467,650","75,110","롯데손해보험 | let:click 개인용자동차보험(인터넷) | 최종 보험료 | 392,540원 | 총 보험료 | 결제 467,650원 | 마일리지 환급 75,110원 | 바로 가입하기",현대,스타리아,2022,스타리아 라운지,리무진(2WD),id1,56,남
124,2026-08-31 19:15:56,14로6902,2026-09-16,본인,롯데손해보험,"359,240","429,070","69,830","롯데손해보험 | let:click 개인용자동차보험(인터넷) | 최종 보험료 | 359,240원 | 총 보험료 | 결제 429,070원 | 마일리지 환급 69,830원 | 바로 가입하기",삼성,그랑 콜레오스,2026,그랑 콜레오스 2.0 터보,테크노,id1,56,남
5,2026-08-31 15:54:47,14로6902,2026-09-16,본인,메리츠화재,"304,010","436,600","132,590","메리츠화재 | 메리츠화재 다이렉트 자동차보험(CM) | 최종 보험료 | 304,010원 | 총 보험료 | 결제 436,600원 | 마일리지 환급 132,590원 | 바로 가입하기",현대,쏘나타,2026,쏘나타 디 엣지 2.0,프리미엄,id1,56,남
12,2026-08-31 16:07:21,14로6902,2026-09-16,본인,메리츠화재,"286,860","406,220","119,360","메리츠화재 | 메리츠화재 다이렉트 자동차보험(CM) | 최종 보험료 | 286,860원 | 총 보험료 | 결제 406,220원 | 마일리지 환급 119,360원 | 바로 가입하기",현대,캐스퍼,2023,캐스퍼 1.0,스마트,id1,56,남
19,2026-08-31 16:17:29,14로6902,2026-09-16,본인,메리츠화재,"367,970","520,330","152,360","메리츠화재 | 메리츠화재 다이렉트 자동차보험(CM) | 최종 보험료 | 367,970원 | 총 보험료 | 결제 520,330원 | 마일리지 환급 152,360원 | 바로 가입하기",기아,모닝,2020,올뉴 모닝(2017),럭셔리,id1,56,남
26,2026-08-31 16:30:26,14로6902,2026-09-16,본인,메리츠화재,"392,140","558,220","166,080","메리츠화재 | 메리츠화재 다이렉트 자동차보험(CM) | 최종 보험료 | 392,140원 | 총 보험료 | 결제 558,220원 | 마일리지 환급 166,080원 | 바로 가입하기",현대,아반떼,2017,아반떼AD 1.6GDI,밸류플러스,id1,56,남
33,2026-08-31 16:42:16,14로6902,2026-09-16,본인,메리츠화재,"390,240","553,080","162,840","메리츠화재 | 메리츠화재 다이렉트 자동차보험(CM) | 최종 보험료 | 390,240원 | 총 보험료 | 결제 553,080원 | 마일리지 환급 162,840원 | 바로 가입하기",기아,K5,2014,K5 2.0,프레스티지,id1,56,남
40,2026-08-31 16:54:07,14로6902,2026-09-16,본인,메리츠화재,"287,670","413,700","126,030","메리츠화재 | 메리츠화재 다이렉트 자동차보험(CM) | 최종 보험료 | 287,670원 | 총 보험료 | 결제 413,700원 | 마일리지 환급 126,030원 | 바로 가입하기",현대,제네시스,2026,제네시스 G80 2.5T(2024년형),2WD,id1,56,남
47,2026-08-31 17:06:58,14로6902,2026-09-16,본인,메리츠화재,"332,760","473,380","140,620","메리츠화재 | 메리츠화재 다이렉트 자동차보험(CM) | 최종 보험료 | 332,760원 | 총 보험료 | 결제 473,380원 | 마일리지 환급 140,620원 | 바로 가입하기",현대,그랜져,2020,그랜져 IG(2019년형),IG240 프리미엄,id1,56,남
54,2026-08-31 17:19:23,14로6902,2026-09-16,본인,메리츠화재,"433,270","613,860","180,590","메리츠화재 | 메리츠화재 다이렉트 자동차보험(CM) | 최종 보험료 | 433,270원 | 총 보험료 | 결제 613,860원 | 마일리지 환급 180,590원 | 바로 가입하기",기아,카니발,2017,"올뉴카니발2.2(디젤,9인승)",프레스티지,id1,56,남
61,2026-08-31 17:33:12,14로6902,2026-09-16,본인,메리츠화재,"403,030","571,630","168,600","메리츠화재 | 메리츠화재 다이렉트 자동차보험(CM) | 최종 보험료 | 403,030원 | 총 보험료 | 결제 571,630원 | 마일리지 환급 168,600원 | 바로 가입하기",기아,스포티지,2014,스포티지R GDI(2WD),럭셔리,id1,56,남
68,2026-08-31 17:45:12,14로6902,2026-09-16,본인,메리츠화재,"457,370","657,030","199,660","메리츠화재 | 메리츠화재 다이렉트 자동차보험(CM) | 최종 보험료 | 457,370원 | 총 보험료 | 결제 657,030원 | 마일리지 환급 199,660원 | 바로 가입하기",벤츠,Mercedes Benz E-Class,2023,New E 250,Avantgarde,id1,56,남
75,2026-08-31 17:57:23,14로6902,2026-09-16,본인,메리츠화재,"316,000","452,160","136,160","메리츠화재 | 메리츠화재 다이렉트 자동차보험(CM) | 최종 보험료 | 316,000원 | 총 보험료 | 결제 452,160원 | 마일리지 환급 136,160원 | 바로 가입하기",기아,RAY,2025,THE NEW RAY 1.0,베스트 셀렉션,id1,56,남
96,2026-08-31 18:34:52,14로6902,2026-09-16,본인,메리츠화재,"734,960","1,062,740","327,780","메리츠화재 | 메리츠화재 다이렉트 자동차보험(CM) | 최종 보험료 | 734,960원 | 총 보험료 | 결제 1,062,740원 | 마일리지 환급 327,780원 | 바로 가입하기",Tesla,Model 3,2026,Model 3,Long Range(2022~),id1,56,남
103,2026-08-31 18:46:13,14로6902,2026-09-16,본인,메리츠화재,"419,200","597,440","178,240","메리츠화재 | 메리츠화재 다이렉트 자동차보험(CM) | 최종 보험료 | 419,200원 | 총 보험료 | 결제 597,440원 | 마일리지 환급 178,240원 | 바로 가입하기",현대,코나,2017,코나 1.6 터보(4WD),스마트,id1,56,남
110,2026-08-31 18:56:26,14로6902,2026-09-16,본인,메리츠화재,"353,730","502,990","149,260","메리츠화재 | 메리츠화재 다이렉트 자동차보험(CM) | 최종 보험료 | 353,730원 | 총 보험료 | 결제 502,990원 | 마일리지 환급 149,260원 | 바로 가입하기",현대,스타리아,2022,스타리아 라운지,리무진(2WD),id1,56,남
124,2026-08-31 19:15:56,14로6902,2026-09-16,본인,메리츠화재,"322,530","463,440","140,910","메리츠화재 | 메리츠화재 다이렉트 자동차보험(CM) | 최종 보험료 | 322,530원 | 총 보험료 | 결제 463,440원 | 마일리지 환급 140,910원 | 바로 가입하기",삼성,그랑 콜레오스,2026,그랑 콜레오스 2.0 터보,테크노,id1,56,남
5,2026-08-31 15:54:47,14로6902,2026-09-16,본인,삼성화재,"384,630","467,250","82,620","삼성화재 | 개인용애니카다이렉트자동차보험(플랫폼) | 최종 보험료 | 384,630원 | 총 보험료 | 결제 467,250원 | 마일리지 환급 82,620원 | 바로 가입하기",현대,쏘나타,2026,쏘나타 디 엣지 2.0,프리미엄,id1,56,남
12,2026-08-31 16:07:21,14로6902,2026-09-16,본인,삼성화재,"360,390","434,870","74,480","삼성화재 | 개인용애니카다이렉트자동차보험(플랫폼) | 최종 보험료 | 360,390원 | 총 보험료 | 결제 434,870원 | 마일리지 환급 74,480원 | 바로 가입하기",현대,캐스퍼,2023,캐스퍼 1.0,스마트,id1,56,남
19,2026-08-31 16:17:29,14로6902,2026-09-16,본인,삼성화재,"423,430","511,570","88,140","삼성화재 | 개인용애니카다이렉트자동차보험(플랫폼) | 최종 보험료 | 423,430원 | 총 보험료 | 결제 511,570원 | 마일리지 환급 88,140원 | 바로 가입하기",기아,모닝,2020,올뉴 모닝(2017),럭셔리,id1,56,남
26,2026-08-31 16:30:26,14로6902,2026-09-16,본인,삼성화재,"498,670","604,130","105,460","삼성화재 | 개인용애니카다이렉트자동차보험(플랫폼) | 최종 보험료 | 498,670원 | 총 보험료 | 결제 604,130원 | 마일리지 환급 105,460원 | 바로 가입하기",현대,아반떼,2017,아반떼AD 1.6GDI,밸류플러스,id1,56,남
33,2026-08-31 16:42:16,14로6902,2026-09-16,본인,삼성화재,"491,230","594,040","102,810","삼성화재 | 개인용애니카다이렉트자동차보험(플랫폼) | 최종 보험료 | 491,230원 | 총 보험료 | 결제 594,040원 | 마일리지 환급 102,810원 | 바로 가입하기",기아,K5,2014,K5 2.0,프레스티지,id1,56,남
40,2026-08-31 16:54:07,14로6902,2026-09-16,본인,삼성화재,"361,310","439,200","77,890","삼성화재 | 개인용애니카다이렉트자동차보험(플랫폼) | 최종 보험료 | 361,310원 | 총 보험료 | 결제 439,200원 | 마일리지 환급 77,890원 | 바로 가입하기",현대,제네시스,2026,제네시스 G80 2.5T(2024년형),2WD,id1,56,남
47,2026-08-31 17:06:58,14로6902,2026-09-16,본인,삼성화재,"382,250","463,110","80,860","삼성화재 | 개인용애니카다이렉트자동차보험(플랫폼) | 최종 보험료 | 382,250원 | 총 보험료 | 결제 463,110원 | 마일리지 환급 80,860원 | 바로 가입하기",현대,그랜져,2020,그랜져 IG(2019년형),IG240 프리미엄,id1,56,남
54,2026-08-31 17:19:23,14로6902,2026-09-16,본인,삼성화재,"523,370","632,450","109,080","삼성화재 | 개인용애니카다이렉트자동차보험(플랫폼) | 최종 보험료 | 523,370원 | 총 보험료 | 결제 632,450원 | 마일리지 환급 109,080원 | 바로 가입하기",기아,카니발,2017,"올뉴카니발2.2(디젤,9인승)",프레스티지,id1,56,남
61,2026-08-31 17:33:12,14로6902,2026-09-16,본인,삼성화재,"514,420","622,320","107,900","삼성화재 | 개인용애니카다이렉트자동차보험(플랫폼) | 최종 보험료 | 514,420원 | 총 보험료 | 결제 622,320원 | 마일리지 환급 107,900원 | 바로 가입하기",기아,스포티지,2014,스포티지R GDI(2WD),럭셔리,id1,56,남
68,2026-08-31 17:45:12,14로6902,2026-09-16,본인,삼성화재,"523,130","635,060","111,930","삼성화재 | 개인용애니카다이렉트자동차보험(플랫폼) | 최종 보험료 | 523,130원 | 총 보험료 | 결제 635,060원 | 마일리지 환급 111,930원 | 바로 가입하기",벤츠,Mercedes Benz E-Class,2023,New E 250,Avantgarde,id1,56,남
75,2026-08-31 17:57:23,14로6902,2026-09-16,본인,삼성화재,"390,340","472,760","82,420","삼성화재 | 개인용애니카다이렉트자동차보험(플랫폼) | 최종 보험료 | 390,340원 | 총 보험료 | 결제 472,760원 | 마일리지 환급 82,420원 | 바로 가입하기",기아,RAY,2025,THE NEW RAY 1.0,베스트 셀렉션,id1,56,남
96,2026-08-31 18:34:52,14로6902,2026-09-16,본인,삼성화재,"779,530","995,970","216,440","삼성화재 | 개인용애니카다이렉트자동차보험(플랫폼) | 최종 보험료 | 779,530원 | 총 보험료 | 결제 995,970원 | 마일리지 환급 216,440원 | 바로 가입하기",Tesla,Model 3,2026,Model 3,Long Range(2022~),id1,56,남
103,2026-08-31 18:46:13,14로6902,2026-09-16,본인,삼성화재,"497,300","602,470","105,170","삼성화재 | 개인용애니카다이렉트자동차보험(플랫폼) | 최종 보험료 | 497,300원 | 총 보험료 | 결제 602,470원 | 마일리지 환급 105,170원 | 바로 가입하기",현대,코나,2017,코나 1.6 터보(4WD),스마트,id1,56,남
110,2026-08-31 18:56:26,14로6902,2026-09-16,본인,삼성화재,"482,950","583,920","100,970","삼성화재 | 개인용애니카다이렉트자동차보험(플랫폼) | 최종 보험료 | 482,950원 | 총 보험료 | 결제 583,920원 | 마일리지 환급 100,970원 | 바로 가입하기",현대,스타리아,2022,스타리아 라운지,리무진(2WD),id1,56,남
124,2026-08-31 19:15:56,14로6902,2026-09-16,본인,삼성화재,"366,380","444,990","78,610","삼성화재 | 개인용애니카다이렉트자동차보험(플랫폼) | 최종 보험료 | 366,380원 | 총 보험료 | 결제 444,990원 | 마일리지 환급 78,610원 | 바로 가입하기",삼성,그랑 콜레오스,2026,그랑 콜레오스 2.0 터보,테크노,id1,56,남
5,2026-08-31 15:54:47,14로6902,2026-09-16,본인,하나손해보험,"358,280","466,460","108,180","하나손해보험 | 하나 다이렉트 자동차보험 | 최종 보험료 | 358,280원 | 총 보험료 | 결제 466,460원 | 마일리지 환급 108,180원 | 마일리지 선할인 103,620원 | 바로 가입하기",현대,쏘나타,2026,쏘나타 디 엣지 2.0,프리미엄,id1,56,남
12,2026-08-31 16:07:21,14로6902,2026-09-16,본인,하나손해보험,"334,450","432,110","97,660","하나손해보험 | 하나 다이렉트 자동차보험 | 최종 보험료 | 334,450원 | 총 보험료 | 결제 432,110원 | 마일리지 환급 97,660원 | 마일리지 선할인 93,540원 | 바로 가입하기",현대,캐스퍼,2023,캐스퍼 1.0,스마트,id1,56,남
19,2026-08-31 16:17:29,14로6902,2026-09-16,본인,하나손해보험,"394,520","508,130","113,610","하나손해보험 | 하나 다이렉트 자동차보험 | 최종 보험료 | 394,520원 | 총 보험료 | 결제 508,130원 | 마일리지 환급 113,610원 | 마일리지 선할인 108,820원 | 바로 가입하기",기아,모닝,2020,올뉴 모닝(2017),럭셔리,id1,56,남
26,2026-08-31 16:30:26,14로6902,2026-09-16,본인,하나손해보험,"437,390","564,320","126,930","하나손해보험 | 하나 다이렉트 자동차보험 | 최종 보험료 | 437,390원 | 총 보험료 | 결제 564,320원 | 마일리지 환급 126,930원 | 마일리지 선할인 121,570원 | 바로 가입하기",현대,아반떼,2017,아반떼AD 1.6GDI,밸류플러스,id1,56,남
33,2026-08-31 16:42:16,14로6902,2026-09-16,본인,하나손해보험,"454,430","587,530","133,100","하나손해보험 | 하나 다이렉트 자동차보험 | 최종 보험료 | 454,430원 | 총 보험료 | 결제 587,530원 | 마일리지 환급 133,100원 | 마일리지 선할인 127,480원 | 바로 가입하기",기아,K5,2014,K5 2.0,프레스티지,id1,56,남
40,2026-08-31 16:54:07,14로6902,2026-09-16,본인,하나손해보험,"337,510","439,240","101,730","하나손해보험 | 하나 다이렉트 자동차보험 | 최종 보험료 | 337,510원 | 총 보험료 | 결제 439,240원 | 마일리지 환급 101,730원 | 마일리지 선할인 97,440원 | 바로 가입하기",현대,제네시스,2026,제네시스 G80 2.5T(2024년형),2WD,id1,56,남
47,2026-08-31 17:06:58,14로6902,2026-09-16,본인,하나손해보험,"406,510","524,720","118,210","하나손해보험 | 하나 다이렉트 자동차보험 | 최종 보험료 | 406,510원 | 총 보험료 | 결제 524,720원 | 마일리지 환급 118,210원 | 마일리지 선할인 113,230원 | 바로 가입하기",현대,그랜져,2020,그랜져 IG(2019년형),IG240 프리미엄,id1,56,남
54,2026-08-31 17:19:23,14로6902,2026-09-16,본인,하나손해보험,"501,110","647,550","146,440","하나손해보험 | 하나 다이렉트 자동차보험 | 최종 보험료 | 501,110원 | 총 보험료 | 결제 647,550원 | 마일리지 환급 146,440원 | 마일리지 선할인 140,260원 | 바로 가입하기",기아,카니발,2017,"올뉴카니발2.2(디젤,9인승)",프레스티지,id1,56,남
61,2026-08-31 17:33:12,14로6902,2026-09-16,본인,하나손해보험,"468,300","605,710","137,410","하나손해보험 | 하나 다이렉트 자동차보험 | 최종 보험료 | 468,300원 | 총 보험료 | 결제 605,710원 | 마일리지 환급 137,410원 | 마일리지 선할인 131,610원 | 바로 가입하기",기아,스포티지,2014,스포티지R GDI(2WD),럭셔리,id1,56,남
68,2026-08-31 17:45:12,14로6902,2026-09-16,본인,하나손해보험,"514,520","669,180","154,660","하나손해보험 | 하나 다이렉트 자동차보험 | 최종 보험료 | 514,520원 | 총 보험료 | 결제 669,180원 | 마일리지 환급 154,660원 | 마일리지 선할인 148,140원 | 바로 가입하기",벤츠,Mercedes Benz E-Class,2023,New E 250,Avantgarde,id1,56,남
75,2026-08-31 17:57:23,14로6902,2026-09-16,본인,하나손해보험,"350,740","455,600","104,860","하나손해보험 | 하나 다이렉트 자동차보험 | 최종 보험료 | 350,740원 | 총 보험료 | 결제 455,600원 | 마일리지 환급 104,860원 | 마일리지 선할인 100,430원 | 바로 가입하기",기아,RAY,2025,THE NEW RAY 1.0,베스트 셀렉션,id1,56,남
96,2026-08-31 18:34:52,14로6902,2026-09-16,본인,하나손해보험,"802,180","1,071,910","269,730","하나손해보험 | 하나 다이렉트 자동차보험 | 최종 보험료 | 802,180원 | 총 보험료 | 결제 1,071,910원 | 마일리지 환급 269,730원 | 마일리지 선할인 259,110원 | 바로 가입하기",Tesla,Model 3,2026,Model 3,Long Range(2022~),id1,56,남
103,2026-08-31 18:46:13,14로6902,2026-09-16,본인,하나손해보험,"474,550","613,020","138,470","하나손해보험 | 하나 다이렉트 자동차보험 | 최종 보험료 | 474,550원 | 총 보험료 | 결제 613,020원 | 마일리지 환급 138,470원 | 마일리지 선할인 132,630원 | 바로 가입하기",현대,코나,2017,코나 1.6 터보(4WD),스마트,id1,56,남
110,2026-08-31 18:56:26,14로6902,2026-09-16,본인,하나손해보험,"444,790","576,820","132,030","하나손해보험 | 하나 다이렉트 자동차보험 | 최종 보험료 | 444,790원 | 총 보험료 | 결제 576,820원 | 마일리지 환급 132,030원 | 마일리지 선할인 126,460원 | 바로 가입하기",현대,스타리아,2022,스타리아 라운지,리무진(2WD),id1,56,남
124,2026-08-31 19:15:56,14로6902,2026-09-16,본인,하나손해보험,"391,740","510,310","118,570","하나손해보험 | 하나 다이렉트 자동차보험 | 최종 보험료 | 391,740원 | 총 보험료 | 결제 510,310원 | 마일리지 환급 118,570원 | 마일리지 선할인 113,570원 | 바로 가입하기",삼성,그랑 콜레오스,2026,그랑 콜레오스 2.0 터보,테크노,id1,56,남
5,2026-08-31 15:54:47,14로6902,2026-09-16,본인,한화손보,"414,870","516,950","102,080","한화손보 | 캐롯 자동차보험 | 최종 보험료 | 414,870원 | 총 보험료 | 결제 516,950원 | 마일리지 환급 102,080원 | 월 납입 시 62,810원 | 바로 가입하기",현대,쏘나타,2026,쏘나타 디 엣지 2.0,프리미엄,id1,56,남
12,2026-08-31 16:07:21,14로6902,2026-09-16,본인,한화손보,"369,580","400,000","30,420","한화손보 | 캐롯 자동차보험 | 최종 보험료 | 369,580원 | 총 보험료 | 결제 400,000원 | 마일리지 환급 30,420원 | 월 납입 시 72,600원 | 바로 가입하기",현대,캐스퍼,2023,캐스퍼 1.0,스마트,id1,56,남
19,2026-08-31 16:17:29,14로6902,2026-09-16,본인,한화손보,"427,260","462,270","35,010","한화손보 | 캐롯 자동차보험 | 최종 보험료 | 427,260원 | 총 보험료 | 결제 462,270원 | 마일리지 환급 35,010원 | 월 납입 시 85,530원 | 바로 가입하기",기아,모닝,2020,올뉴 모닝(2017),럭셔리,id1,56,남
26,2026-08-31 16:30:26,14로6902,2026-09-16,본인,한화손보,"494,770","536,440","41,670","한화손보 | 캐롯 자동차보험 | 최종 보험료 | 494,770원 | 총 보험료 | 결제 536,440원 | 마일리지 환급 41,670원 | 월 납입 시 88,070원 | 바로 가입하기",현대,아반떼,2017,아반떼AD 1.6GDI,밸류플러스,id1,56,남
33,2026-08-31 16:42:16,14로6902,2026-09-16,본인,한화손보,"524,420","568,840","44,420","한화손보 | 캐롯 자동차보험 | 최종 보험료 | 524,420원 | 총 보험료 | 결제 568,840원 | 마일리지 환급 44,420원 | 월 납입 시 90,760원 | 바로 가입하기",기아,K5,2014,K5 2.0,프레스티지,id1,56,남
40,2026-08-31 16:54:07,14로6902,2026-09-16,본인,한화손보,"364,330","453,790","89,460","한화손보 | 캐롯 자동차보험 | 최종 보험료 | 364,330원 | 총 보험료 | 결제 453,790원 | 마일리지 환급 89,460원 | 월 납입 시 55,760원 | 바로 가입하기",현대,제네시스,2026,제네시스 G80 2.5T(2024년형),2WD,id1,56,남
47,2026-08-31 17:06:58,14로6902,2026-09-16,본인,한화손보,"431,720","468,000","36,280","한화손보 | 캐롯 자동차보험 | 최종 보험료 | 431,720원 | 총 보험료 | 결제 468,000원 | 마일리지 환급 36,280원 | 월 납입 시 77,580원 | 바로 가입하기",현대,그랜져,2020,그랜져 IG(2019년형),IG240 프리미엄,id1,56,남
54,2026-08-31 17:19:23,14로6902,2026-09-16,본인,한화손보,"526,830","571,300","44,470","한화손보 | 캐롯 자동차보험 | 최종 보험료 | 526,830원 | 총 보험료 | 결제 571,300원 | 마일리지 환급 44,470원 | 월 납입 시 92,680원 | 바로 가입하기",기아,카니발,2017,"올뉴카니발2.2(디젤,9인승)",프레스티지,id1,56,남
61,2026-08-31 17:33:12,14로6902,2026-09-16,본인,한화손보,"525,980","570,540","44,560","한화손보 | 캐롯 자동차보험 | 최종 보험료 | 525,980원 | 총 보험료 | 결제 570,540원 | 마일리지 환급 44,560원 | 월 납입 시 91,020원 | 바로 가입하기",기아,스포티지,2014,스포티지R GDI(2WD),럭셔리,id1,56,남
68,2026-08-31 17:45:12,14로6902,2026-09-16,본인,한화손보,"521,140","565,830","44,690","한화손보 | 캐롯 자동차보험 | 최종 보험료 | 521,140원 | 총 보험료 | 결제 565,830원 | 마일리지 환급 44,690원 | 월 납입 시 84,660원 | 바로 가입하기",벤츠,Mercedes Benz E-Class,2023,New E 250,Avantgarde,id1,56,남
75,2026-08-31 17:57:23,14로6902,2026-09-16,본인,한화손보,"412,880","448,240","35,360","한화손보 | 캐롯 자동차보험 | 최종 보험료 | 412,880원 | 총 보험료 | 결제 448,240원 | 마일리지 환급 35,360원 | 월 납입 시 67,740원 | 바로 가입하기",기아,RAY,2025,THE NEW RAY 1.0,베스트 셀렉션,id1,56,남
96,2026-08-31 18:34:52,14로6902,2026-09-16,본인,한화손보,"920,050","1,148,720","228,670","한화손보 | 캐롯 자동차보험 | 최종 보험료 | 920,050원 | 총 보험료 | 결제 1,148,720원 | 마일리지 환급 228,670원 | 월 납입 시 131,010원 | 바로 가입하기",Tesla,Model 3,2026,Model 3,Long Range(2022~),id1,56,남
103,2026-08-31 18:46:13,14로6902,2026-09-16,본인,한화손보,"485,730","526,590","40,860","한화손보 | 캐롯 자동차보험 | 최종 보험료 | 485,730원 | 총 보험료 | 결제 526,590원 | 마일리지 환급 40,860원 | 월 납입 시 86,840원 | 바로 가입하기",현대,코나,2017,코나 1.6 터보(4WD),스마트,id1,56,남
110,2026-08-31 18:56:26,14로6902,2026-09-16,본인,한화손보,"509,330","552,870","43,540","한화손보 | 캐롯 자동차보험 | 최종 보험료 | 509,330원 | 총 보험료 | 결제 552,870원 | 마일리지 환급 43,540원 | 월 납입 시 84,150원 | 바로 가입하기",현대,스타리아,2022,스타리아 라운지,리무진(2WD),id1,56,남
124,2026-08-31 19:15:56,14로6902,2026-09-16,본인,한화손보,"409,430","510,140","100,710","한화손보 | 캐롯 자동차보험 | 최종 보험료 | 409,430원 | 총 보험료 | 결제 510,140원 | 마일리지 환급 100,710원 | 월 납입 시 62,100원 | 바로 가입하기",삼성,그랑 콜레오스,2026,그랑 콜레오스 2.0 터보,테크노,id1,56,남
5,2026-08-31 15:54:47,14로6902,2026-09-16,본인,현대해상,"330,600","455,730","125,130","현대해상 | Hicar 다이렉트 개인용자동차보험(플랫폼) | 최종 보험료 | 330,600원 | 총 보험료 | 결제 455,730원 | 마일리지 환급 125,130원 | 바로 가입하기",현대,쏘나타,2026,쏘나타 디 엣지 2.0,프리미엄,id1,56,남
12,2026-08-31 16:07:21,14로6902,2026-09-16,본인,현대해상,"346,520","472,410","125,890","현대해상 | Hicar 다이렉트 개인용자동차보험(플랫폼) | 최종 보험료 | 346,520원 | 총 보험료 | 결제 472,410원 | 마일리지 환급 125,890원 | 바로 가입하기",현대,캐스퍼,2023,캐스퍼 1.0,스마트,id1,56,남
19,2026-08-31 16:17:29,14로6902,2026-09-16,본인,현대해상,"392,480","526,590","134,110","현대해상 | Hicar 다이렉트 개인용자동차보험(플랫폼) | 최종 보험료 | 392,480원 | 총 보험료 | 결제 526,590원 | 마일리지 환급 134,110원 | 바로 가입하기",기아,모닝,2020,올뉴 모닝(2017),럭셔리,id1,56,남
26,2026-08-31 16:30:26,14로6902,2026-09-16,본인,현대해상,"444,340","598,700","154,360","현대해상 | Hicar 다이렉트 개인용자동차보험(플랫폼) | 최종 보험료 | 444,340원 | 총 보험료 | 결제 598,700원 | 마일리지 환급 154,360원 | 바로 가입하기",현대,아반떼,2017,아반떼AD 1.6GDI,밸류플러스,id1,56,남
33,2026-08-31 16:42:16,14로6902,2026-09-16,본인,현대해상,"444,710","599,180","154,470","현대해상 | Hicar 다이렉트 개인용자동차보험(플랫폼) | 최종 보험료 | 444,710원 | 총 보험료 | 결제 599,180원 | 마일리지 환급 154,470원 | 바로 가입하기",기아,K5,2014,K5 2.0,프레스티지,id1,56,남
40,2026-08-31 16:54:07,14로6902,2026-09-16,본인,현대해상,"297,490","409,750","112,260","현대해상 | Hicar 다이렉트 개인용자동차보험(플랫폼) | 최종 보험료 | 297,490원 | 총 보험료 | 결제 409,750원 | 마일리지 환급 112,260원 | 바로 가입하기",현대,제네시스,2026,제네시스 G80 2.5T(2024년형),2WD,id1,56,남
47,2026-08-31 17:06:58,14로6902,2026-09-16,본인,현대해상,"325,260","437,640","112,380","현대해상 | Hicar 다이렉트 개인용자동차보험(플랫폼) | 최종 보험료 | 325,260원 | 총 보험료 | 결제 437,640원 | 마일리지 환급 112,380원 | 바로 가입하기",현대,그랜져,2020,그랜져 IG(2019년형),IG240 프리미엄,id1,56,남
54,2026-08-31 17:19:23,14로6902,2026-09-16,본인,현대해상,"381,310","510,830","129,520","현대해상 | Hicar 다이렉트 개인용자동차보험(플랫폼) | 최종 보험료 | 381,310원 | 총 보험료 | 결제 510,830원 | 마일리지 환급 129,520원 | 바로 가입하기",기아,카니발,2017,"올뉴카니발2.2(디젤,9인승)",프레스티지,id1,56,남
61,2026-08-31 17:33:12,14로6902,2026-09-16,본인,현대해상,"456,470","615,290","158,820","현대해상 | Hicar 다이렉트 개인용자동차보험(플랫폼) | 최종 보험료 | 456,470원 | 총 보험료 | 결제 615,290원 | 마일리지 환급 158,820원 | 바로 가입하기",기아,스포티지,2014,스포티지R GDI(2WD),럭셔리,id1,56,남
75,2026-08-31 17:57:23,14로6902,2026-09-16,본인,현대해상,"364,750","500,800","136,050","현대해상 | Hicar 다이렉트 개인용자동차보험(플랫폼) | 최종 보험료 | 364,750원 | 총 보험료 | 결제 500,800원 | 마일리지 환급 136,050원 | 바로 가입하기",기아,RAY,2025,THE NEW RAY 1.0,베스트 셀렉션,id1,56,남
96,2026-08-31 18:34:52,14로6902,2026-09-16,본인,현대해상,"703,360","959,820","256,460","현대해상 | Hicar 다이렉트 개인용자동차보험(플랫폼) | 최종 보험료 | 703,360원 | 총 보험료 | 결제 959,820원 | 마일리지 환급 256,460원 | 바로 가입하기",Tesla,Model 3,2026,Model 3,Long Range(2022~),id1,56,남
103,2026-08-31 18:46:13,14로6902,2026-09-16,본인,현대해상,"432,960","581,770","148,810","현대해상 | Hicar 다이렉트 개인용자동차보험(플랫폼) | 최종 보험료 | 432,960원 | 총 보험료 | 결제 581,770원 | 마일리지 환급 148,810원 | 바로 가입하기",현대,코나,2017,코나 1.6 터보(4WD),스마트,id1,56,남
110,2026-08-31 18:56:26,14로6902,2026-09-16,본인,현대해상,"308,990","425,100","116,110","현대해상 | Hicar 다이렉트 개인용자동차보험(플랫폼) | 최종 보험료 | 308,990원 | 총 보험료 | 결제 425,100원 | 마일리지 환급 116,110원 | 바로 가입하기",현대,스타리아,2022,스타리아 라운지,리무진(2WD),id1,56,남
124,2026-08-31 19:15:56,14로6902,2026-09-16,본인,현대해상,"347,860","473,260","125,400","현대해상 | Hicar 다이렉트 개인용자동차보험(플랫폼) | 최종 보험료 | 347,860원 | 총 보험료 | 결제 473,260원 | 마일리지 환급 125,400원 | 바로 가입하기",삼성,그랑 콜레오스,2026,그랑 콜레오스 2.0 터보,테크노,id1,56,남
5,2026-08-31 15:54:47,14로6902,2026-09-16,본인,흥국화재,"344,130","456,710","112,580","흥국화재 | 흥국다이렉트개인용자동차보험(CM) | 최종 보험료 | 344,130원 | 총 보험료 | 결제 456,710원 | 마일리지 환급 112,580원 | 바로 가입하기",현대,쏘나타,2026,쏘나타 디 엣지 2.0,프리미엄,id1,56,남
12,2026-08-31 16:07:21,14로6902,2026-09-16,본인,흥국화재,"320,610","410,090","89,480","흥국화재 | 흥국다이렉트개인용자동차보험(CM) | 최종 보험료 | 320,610원 | 총 보험료 | 결제 410,090원 | 마일리지 환급 89,480원 | 바로 가입하기",현대,캐스퍼,2023,캐스퍼 1.0,스마트,id1,56,남
19,2026-08-31 16:17:29,14로6902,2026-09-16,본인,흥국화재,"394,170","504,600","110,430","흥국화재 | 흥국다이렉트개인용자동차보험(CM) | 최종 보험료 | 394,170원 | 총 보험료 | 결제 504,600원 | 마일리지 환급 110,430원 | 바로 가입하기",기아,모닝,2020,올뉴 모닝(2017),럭셔리,id1,56,남
26,2026-08-31 16:30:26,14로6902,2026-09-16,본인,흥국화재,"483,180","620,580","137,400","흥국화재 | 흥국다이렉트개인용자동차보험(CM) | 최종 보험료 | 483,180원 | 총 보험료 | 결제 620,580원 | 마일리지 환급 137,400원 | 바로 가입하기",현대,아반떼,2017,아반떼AD 1.6GDI,밸류플러스,id1,56,남
40,2026-08-31 16:54:07,14로6902,2026-09-16,본인,흥국화재,"325,570","432,200","106,630","흥국화재 | 흥국다이렉트개인용자동차보험(CM) | 최종 보험료 | 325,570원 | 총 보험료 | 결제 432,200원 | 마일리지 환급 106,630원 | 바로 가입하기",현대,제네시스,2026,제네시스 G80 2.5T(2024년형),2WD,id1,56,남
54,2026-08-31 17:19:23,14로6902,2026-09-16,본인,흥국화재,"451,500","593,040","141,540","흥국화재 | 흥국다이렉트개인용자동차보험(CM) | 최종 보험료 | 451,500원 | 총 보험료 | 결제 593,040원 | 마일리지 환급 141,540원 | 바로 가입하기",기아,카니발,2017,"올뉴카니발2.2(디젤,9인승)",프레스티지,id1,56,남
61,2026-08-31 17:33:12,14로6902,2026-09-16,본인,흥국화재,"466,780","614,710","147,930","흥국화재 | 흥국다이렉트개인용자동차보험(CM) | 최종 보험료 | 466,780원 | 총 보험료 | 결제 614,710원 | 마일리지 환급 147,930원 | 바로 가입하기",기아,스포티지,2014,스포티지R GDI(2WD),럭셔리,id1,56,남
68,2026-08-31 17:45:12,14로6902,2026-09-16,본인,흥국화재,"565,520","749,240","183,720","흥국화재 | 흥국다이렉트개인용자동차보험(CM) | 최종 보험료 | 565,520원 | 총 보험료 | 결제 749,240원 | 마일리지 환급 183,720원 | 바로 가입하기",벤츠,Mercedes Benz E-Class,2023,New E 250,Avantgarde,id1,56,남
75,2026-08-31 17:57:23,14로6902,2026-09-16,본인,흥국화재,"338,310","435,730","97,420","흥국화재 | 흥국다이렉트개인용자동차보험(CM) | 최종 보험료 | 338,310원 | 총 보험료 | 결제 435,730원 | 마일리지 환급 97,420원 | 바로 가입하기",기아,RAY,2025,THE NEW RAY 1.0,베스트 셀렉션,id1,56,남
96,2026-08-31 18:34:52,14로6902,2026-09-16,본인,흥국화재,"926,430","1,232,610","306,180","흥국화재 | 흥국다이렉트개인용자동차보험(CM) | 최종 보험료 | 926,430원 | 총 보험료 | 결제 1,232,610원 | 마일리지 환급 306,180원 | 바로 가입하기",Tesla,Model 3,2026,Model 3,Long Range(2022~),id1,56,남
103,2026-08-31 18:46:13,14로6902,2026-09-16,본인,흥국화재,"489,300","628,530","139,230","흥국화재 | 흥국다이렉트개인용자동차보험(CM) | 최종 보험료 | 489,300원 | 총 보험료 | 결제 628,530원 | 마일리지 환급 139,230원 | 바로 가입하기",현대,코나,2017,코나 1.6 터보(4WD),스마트,id1,56,남
110,2026-08-31 18:56:26,14로6902,2026-09-16,본인,흥국화재,"373,210","491,570","118,360","흥국화재 | 흥국다이렉트개인용자동차보험(CM) | 최종 보험료 | 373,210원 | 총 보험료 | 결제 491,570원 | 마일리지 환급 118,360원 | 바로 가입하기",현대,스타리아,2022,스타리아 라운지,리무진(2WD),id1,56,남
124,2026-08-31 19:15:56,14로6902,2026-09-16,본인,흥국화재,"342,230","454,180","111,950","흥국화재 | 흥국다이렉트개인용자동차보험(CM) | 최종 보험료 | 342,230원 | 총 보험료 | 결제 454,180원 | 마일리지 환급 111,950원 | 바로 가입하기",삼성,그랑 콜레오스,2026,그랑 콜레오스 2.0 터보,테크노,id1,56,남
6,2026-08-31 15:57:36,14로6902,2026-09-21,본인,AXA,"326,400","468,610","142,210","AXA손해보험 | 다이렉트 자동차보험 | 최종 보험료 | 326,400원 | 총 보험료 | 결제 468,610원 | 마일리지 환급 142,210원 | 마일리지 선할인 139,740원 | 바로 가입하기",현대,쏘나타,2026,쏘나타 디 엣지 2.0,프리미엄,id1,56,남
13,2026-08-31 16:08:53,14로6902,2026-09-21,본인,AXA,"341,420","483,130","141,710","AXA손해보험 | 다이렉트 자동차보험 | 최종 보험료 | 341,420원 | 총 보험료 | 결제 483,130원 | 마일리지 환급 141,710원 | 마일리지 선할인 139,220원 | 바로 가입하기",현대,캐스퍼,2023,캐스퍼 1.0,스마트,id1,56,남
20,2026-08-31 16:18:49,14로6902,2026-09-21,본인,AXA,"433,380","556,840","123,460","AXA손해보험 | 다이렉트 자동차보험 | 최종 보험료 | 433,380원 | 총 보험료 | 결제 556,840원 | 마일리지 환급 123,460원 | 마일리지 선할인 120,290원 | 바로 가입하기",기아,모닝,2020,올뉴 모닝(2017),럭셔리,id1,56,남
27,2026-08-31 16:32:05,14로6902,2026-09-21,본인,AXA,"457,140","590,950","133,810","AXA손해보험 | 다이렉트 자동차보험 | 최종 보험료 | 457,140원 | 총 보험료 | 결제 590,950원 | 마일리지 환급 133,810원 | 마일리지 선할인 130,370원 | 바로 가입하기",현대,아반떼,2017,아반떼AD 1.6GDI,밸류플러스,id1,56,남
34,2026-08-31 16:43:49,14로6902,2026-09-21,본인,AXA,"471,870","607,690","135,820","AXA손해보험 | 다이렉트 자동차보험 | 최종 보험료 | 471,870원 | 총 보험료 | 결제 607,690원 | 마일리지 환급 135,820원 | 마일리지 선할인 132,350원 | 바로 가입하기",기아,K5,2014,K5 2.0,프레스티지,id1,56,남
41,2026-08-31 16:56:56,14로6902,2026-09-21,본인,AXA,"313,420","450,150","136,730","AXA손해보험 | 다이렉트 자동차보험 | 최종 보험료 | 313,420원 | 총 보험료 | 결제 450,150원 | 마일리지 환급 136,730원 | 마일리지 선할인 134,330원 | 바로 가입하기",현대,제네시스,2026,제네시스 G80 2.5T(2024년형),2WD,id1,56,남
48,2026-08-31 17:08:27,14로6902,2026-09-21,본인,AXA,"349,440","496,460","147,020","AXA손해보험 | 다이렉트 자동차보험 | 최종 보험료 | 349,440원 | 총 보험료 | 결제 496,460원 | 마일리지 환급 147,020원 | 마일리지 선할인 144,460원 | 바로 가입하기",현대,그랜져,2020,그랜져 IG(2019년형),IG240 프리미엄,id1,56,남
55,2026-08-31 17:21:06,14로6902,2026-09-21,본인,AXA,"484,280","624,500","140,220","AXA손해보험 | 다이렉트 자동차보험 | 최종 보험료 | 484,280원 | 총 보험료 | 결제 624,500원 | 마일리지 환급 140,220원 | 마일리지 선할인 136,610원 | 바로 가입하기",기아,카니발,2017,"올뉴카니발2.2(디젤,9인승)",프레스티지,id1,56,남
62,2026-08-31 17:34:41,14로6902,2026-09-21,본인,AXA,"466,810","601,090","134,280","AXA손해보험 | 다이렉트 자동차보험 | 최종 보험료 | 466,810원 | 총 보험료 | 결제 601,090원 | 마일리지 환급 134,280원 | 마일리지 선할인 130,850원 | 바로 가입하기",기아,스포티지,2014,스포티지R GDI(2WD),럭셔리,id1,56,남
76,2026-08-31 18:00:42,14로6902,2026-09-21,본인,AXA,"339,430","485,650","146,220","AXA손해보험 | 다이렉트 자동차보험 | 최종 보험료 | 339,430원 | 총 보험료 | 결제 485,650원 | 마일리지 환급 146,220원 | 마일리지 선할인 143,640원 | 바로 가입하기",기아,RAY,2025,THE NEW RAY 1.0,베스트 셀렉션,id1,56,남
83,2026-08-31 18:12:38,14로6902,2026-09-21,본인,AXA,"398,650","665,010","266,360","AXA손해보험 | 다이렉트 자동차보험 | 최종 보험료 | 398,650원 | 총 보험료 | 결제 665,010원 | 마일리지 환급 266,360원 | 마일리지 선할인 263,380원 | 바로 가입하기",현대,아이오닉,2020,더 뉴 아이오닉 플러그인 하이브리드,큐,id1,56,남
90,2026-08-31 18:22:52,14로6902,2026-09-21,본인,AXA,"355,120","510,670","155,550","AXA손해보험 | 다이렉트 자동차보험 | 최종 보험료 | 355,120원 | 총 보험료 | 결제 510,670원 | 마일리지 환급 155,550원 | 마일리지 선할인 152,840원 | 바로 가입하기",기아,K9,2025,THE K9 3.8 GDI,플래티넘(AWD),id1,56,남
104,2026-08-31 18:48:07,14로6902,2026-09-21,본인,AXA,"479,030","619,570","140,540","AXA손해보험 | 다이렉트 자동차보험 | 최종 보험료 | 479,030원 | 총 보험료 | 결제 619,570원 | 마일리지 환급 140,540원 | 마일리지 선할인 136,950원 | 바로 가입하기",현대,코나,2017,코나 1.6 터보(4WD),스마트,id1,56,남
6,2026-08-31 15:57:36,14로6902,2026-09-21,본인,DB손해보험,"427,160","532,810","105,650","DB손해보험 | 프로미카 다이렉트개인용자동차보험(플랫폼) | 최종 보험료 | 427,160원 | 총 보험료 | 결제 532,810원 | 마일리지 환급 105,650원 | 바로 가입하기",현대,쏘나타,2026,쏘나타 디 엣지 2.0,프리미엄,id1,56,남
13,2026-08-31 16:08:53,14로6902,2026-09-21,본인,DB손해보험,"384,520","476,360","91,840","DB손해보험 | 프로미카 다이렉트개인용자동차보험(플랫폼) | 최종 보험료 | 384,520원 | 총 보험료 | 결제 476,360원 | 마일리지 환급 91,840원 | 바로 가입하기",현대,캐스퍼,2023,캐스퍼 1.0,스마트,id1,56,남
20,2026-08-31 16:18:49,14로6902,2026-09-21,본인,DB손해보험,"448,890","556,710","107,820","DB손해보험 | 프로미카 다이렉트개인용자동차보험(플랫폼) | 최종 보험료 | 448,890원 | 총 보험료 | 결제 556,710원 | 마일리지 환급 107,820원 | 바로 가입하기",기아,모닝,2020,올뉴 모닝(2017),럭셔리,id1,56,남
27,2026-08-31 16:32:05,14로6902,2026-09-21,본인,DB손해보험,"525,250","652,450","127,200","DB손해보험 | 프로미카 다이렉트개인용자동차보험(플랫폼) | 최종 보험료 | 525,250원 | 총 보험료 | 결제 652,450원 | 마일리지 환급 127,200원 | 바로 가입하기",현대,아반떼,2017,아반떼AD 1.6GDI,밸류플러스,id1,56,남
34,2026-08-31 16:43:49,14로6902,2026-09-21,본인,DB손해보험,"512,710","635,550","122,840","DB손해보험 | 프로미카 다이렉트개인용자동차보험(플랫폼) | 최종 보험료 | 512,710원 | 총 보험료 | 결제 635,550원 | 마일리지 환급 122,840원 | 바로 가입하기",기아,K5,2014,K5 2.0,프레스티지,id1,56,남
41,2026-08-31 16:56:56,14로6902,2026-09-21,본인,DB손해보험,"375,720","468,640","92,920","DB손해보험 | 프로미카 다이렉트개인용자동차보험(플랫폼) | 최종 보험료 | 375,720원 | 총 보험료 | 결제 468,640원 | 마일리지 환급 92,920원 | 바로 가입하기",현대,제네시스,2026,제네시스 G80 2.5T(2024년형),2WD,id1,56,남
48,2026-08-31 17:08:27,14로6902,2026-09-21,본인,DB손해보험,"411,970","511,490","99,520","DB손해보험 | 프로미카 다이렉트개인용자동차보험(플랫폼) | 최종 보험료 | 411,970원 | 총 보험료 | 결제 511,490원 | 마일리지 환급 99,520원 | 바로 가입하기",현대,그랜져,2020,그랜져 IG(2019년형),IG240 프리미엄,id1,56,남
55,2026-08-31 17:21:06,14로6902,2026-09-21,본인,DB손해보험,"531,560","683,850","152,290","DB손해보험 | 프로미카 다이렉트개인용자동차보험(플랫폼) | 최종 보험료 | 531,560원 | 총 보험료 | 결제 683,850원 | 마일리지 환급 152,290원 | 바로 가입하기",기아,카니발,2017,"올뉴카니발2.2(디젤,9인승)",프레스티지,id1,56,남
62,2026-08-31 17:34:41,14로6902,2026-09-21,본인,DB손해보험,"529,270","656,240","126,970","DB손해보험 | 프로미카 다이렉트개인용자동차보험(플랫폼) | 최종 보험료 | 529,270원 | 총 보험료 | 결제 656,240원 | 마일리지 환급 126,970원 | 바로 가입하기",기아,스포티지,2014,스포티지R GDI(2WD),럭셔리,id1,56,남
69,2026-08-31 17:46:38,14로6902,2026-09-21,본인,DB손해보험,"543,850","676,880","133,030","DB손해보험 | 프로미카 다이렉트개인용자동차보험(플랫폼) | 최종 보험료 | 543,850원 | 총 보험료 | 결제 676,880원 | 마일리지 환급 133,030원 | 바로 가입하기",벤츠,Mercedes Benz E-Class,2023,New E 250,Avantgarde,id1,56,남
76,2026-08-31 18:00:42,14로6902,2026-09-21,본인,DB손해보험,"415,330","515,900","100,570","DB손해보험 | 프로미카 다이렉트개인용자동차보험(플랫폼) | 최종 보험료 | 415,330원 | 총 보험료 | 결제 515,900원 | 마일리지 환급 100,570원 | 바로 가입하기",기아,RAY,2025,THE NEW RAY 1.0,베스트 셀렉션,id1,56,남
83,2026-08-31 18:12:38,14로6902,2026-09-21,본인,DB손해보험,"555,020","690,010","134,990","DB손해보험 | 프로미카 다이렉트개인용자동차보험(플랫폼) | 최종 보험료 | 555,020원 | 총 보험료 | 결제 690,010원 | 마일리지 환급 134,990원 | 바로 가입하기",현대,아이오닉,2020,더 뉴 아이오닉 플러그인 하이브리드,큐,id1,56,남
90,2026-08-31 18:22:52,14로6902,2026-09-21,본인,DB손해보험,"421,950","526,060","104,110","DB손해보험 | 프로미카 다이렉트개인용자동차보험(플랫폼) | 최종 보험료 | 421,950원 | 총 보험료 | 결제 526,060원 | 마일리지 환급 104,110원 | 바로 가입하기",기아,K9,2025,THE K9 3.8 GDI,플래티넘(AWD),id1,56,남
104,2026-08-31 18:48:07,14로6902,2026-09-21,본인,DB손해보험,"534,080","663,470","129,390","DB손해보험 | 프로미카 다이렉트개인용자동차보험(플랫폼) | 최종 보험료 | 534,080원 | 총 보험료 | 결제 663,470원 | 마일리지 환급 129,390원 | 바로 가입하기",현대,코나,2017,코나 1.6 터보(4WD),스마트,id1,56,남
6,2026-08-31 15:57:36,14로6902,2026-09-21,본인,KB손해보험,"338,290","455,510","117,220","KB손해보험 | KB다이렉트(플랫폼)개인용자동차보험 | 최종 보험료 | 338,290원 | 총 보험료 | 결제 455,510원 | 마일리지 환급 117,220원 | 바로 가입하기",현대,쏘나타,2026,쏘나타 디 엣지 2.0,프리미엄,id1,56,남
13,2026-08-31 16:08:53,14로6902,2026-09-21,본인,KB손해보험,"333,190","443,510","110,320","KB손해보험 | KB다이렉트(플랫폼)개인용자동차보험 | 최종 보험료 | 333,190원 | 총 보험료 | 결제 443,510원 | 마일리지 환급 110,320원 | 바로 가입하기",현대,캐스퍼,2023,캐스퍼 1.0,스마트,id1,56,남
20,2026-08-31 16:18:49,14로6902,2026-09-21,본인,KB손해보험,"385,140","491,110","105,970","KB손해보험 | KB다이렉트(플랫폼)개인용자동차보험 | 최종 보험료 | 385,140원 | 총 보험료 | 결제 491,110원 | 마일리지 환급 105,970원 | 바로 가입하기",기아,모닝,2020,올뉴 모닝(2017),럭셔리,id1,56,남
27,2026-08-31 16:32:05,14로6902,2026-09-21,본인,KB손해보험,"451,130","577,610","126,480","KB손해보험 | KB다이렉트(플랫폼)개인용자동차보험 | 최종 보험료 | 451,130원 | 총 보험료 | 결제 577,610원 | 마일리지 환급 126,480원 | 바로 가입하기",현대,아반떼,2017,아반떼AD 1.6GDI,밸류플러스,id1,56,남
34,2026-08-31 16:43:49,14로6902,2026-09-21,본인,KB손해보험,"465,100","593,770","128,670","KB손해보험 | KB다이렉트(플랫폼)개인용자동차보험 | 최종 보험료 | 465,100원 | 총 보험료 | 결제 593,770원 | 마일리지 환급 128,670원 | 바로 가입하기",기아,K5,2014,K5 2.0,프레스티지,id1,56,남
41,2026-08-31 16:56:56,14로6902,2026-09-21,본인,KB손해보험,"330,070","444,870","114,800","KB손해보험 | KB다이렉트(플랫폼)개인용자동차보험 | 최종 보험료 | 330,070원 | 총 보험료 | 결제 444,870원 | 마일리지 환급 114,800원 | 바로 가입하기",현대,제네시스,2026,제네시스 G80 2.5T(2024년형),2WD,id1,56,남
48,2026-08-31 17:08:27,14로6902,2026-09-21,본인,KB손해보험,"384,360","491,540","107,180","KB손해보험 | KB다이렉트(플랫폼)개인용자동차보험 | 최종 보험료 | 384,360원 | 총 보험료 | 결제 491,540원 | 마일리지 환급 107,180원 | 바로 가입하기",현대,그랜져,2020,그랜져 IG(2019년형),IG240 프리미엄,id1,56,남
55,2026-08-31 17:21:06,14로6902,2026-09-21,본인,KB손해보험,"484,880","617,380","132,500","KB손해보험 | KB다이렉트(플랫폼)개인용자동차보험 | 최종 보험료 | 484,880원 | 총 보험료 | 결제 617,380원 | 마일리지 환급 132,500원 | 바로 가입하기",기아,카니발,2017,"올뉴카니발2.2(디젤,9인승)",프레스티지,id1,56,남
62,2026-08-31 17:34:41,14로6902,2026-09-21,본인,KB손해보험,"450,030","574,310","124,280","KB손해보험 | KB다이렉트(플랫폼)개인용자동차보험 | 최종 보험료 | 450,030원 | 총 보험료 | 결제 574,310원 | 마일리지 환급 124,280원 | 바로 가입하기",기아,스포티지,2014,스포티지R GDI(2WD),럭셔리,id1,56,남
69,2026-08-31 17:46:38,14로6902,2026-09-21,본인,KB손해보험,"481,780","647,540","165,760","KB손해보험 | KB다이렉트(플랫폼)개인용자동차보험 | 최종 보험료 | 481,780원 | 총 보험료 | 결제 647,540원 | 마일리지 환급 165,760원 | 바로 가입하기",벤츠,Mercedes Benz E-Class,2023,New E 250,Avantgarde,id1,56,남
76,2026-08-31 18:00:42,14로6902,2026-09-21,본인,KB손해보험,"329,450","440,550","111,100","KB손해보험 | KB다이렉트(플랫폼)개인용자동차보험 | 최종 보험료 | 329,450원 | 총 보험료 | 결제 440,550원 | 마일리지 환급 111,100원 | 바로 가입하기",기아,RAY,2025,THE NEW RAY 1.0,베스트 셀렉션,id1,56,남
83,2026-08-31 18:12:38,14로6902,2026-09-21,본인,KB손해보험,"525,740","674,330","148,590","KB손해보험 | KB다이렉트(플랫폼)개인용자동차보험 | 최종 보험료 | 525,740원 | 총 보험료 | 결제 674,330원 | 마일리지 환급 148,590원 | 바로 가입하기",현대,아이오닉,2020,더 뉴 아이오닉 플러그인 하이브리드,큐,id1,56,남
90,2026-08-31 18:22:52,14로6902,2026-09-21,본인,KB손해보험,"350,070","471,330","121,260","KB손해보험 | KB다이렉트(플랫폼)개인용자동차보험 | 최종 보험료 | 350,070원 | 총 보험료 | 결제 471,330원 | 마일리지 환급 121,260원 | 바로 가입하기",기아,K9,2025,THE K9 3.8 GDI,플래티넘(AWD),id1,56,남
104,2026-08-31 18:48:07,14로6902,2026-09-21,본인,KB손해보험,"454,600","582,100","127,500","KB손해보험 | KB다이렉트(플랫폼)개인용자동차보험 | 최종 보험료 | 454,600원 | 총 보험료 | 결제 582,100원 | 마일리지 환급 127,500원 | 바로 가입하기",현대,코나,2017,코나 1.6 터보(4WD),스마트,id1,56,남
6,2026-08-31 15:57:36,14로6902,2026-09-21,본인,롯데손해보험,"355,900","425,050","69,150","롯데손해보험 | let:click 개인용자동차보험(인터넷) | 최종 보험료 | 355,900원 | 총 보험료 | 결제 425,050원 | 마일리지 환급 69,150원 | 바로 가입하기",현대,쏘나타,2026,쏘나타 디 엣지 2.0,프리미엄,id1,56,남
13,2026-08-31 16:08:53,14로6902,2026-09-21,본인,롯데손해보험,"329,610","391,940","62,330","롯데손해보험 | let:click 개인용자동차보험(인터넷) | 최종 보험료 | 329,610원 | 총 보험료 | 결제 391,940원 | 마일리지 환급 62,330원 | 바로 가입하기",현대,캐스퍼,2023,캐스퍼 1.0,스마트,id1,56,남
20,2026-08-31 16:18:49,14로6902,2026-09-21,본인,롯데손해보험,"386,920","459,190","72,270","롯데손해보험 | let:click 개인용자동차보험(인터넷) | 최종 보험료 | 386,920원 | 총 보험료 | 결제 459,190원 | 마일리지 환급 72,270원 | 바로 가입하기",기아,모닝,2020,올뉴 모닝(2017),럭셔리,id1,56,남
27,2026-08-31 16:32:05,14로6902,2026-09-21,본인,롯데손해보험,"506,060","602,030","95,970","롯데손해보험 | let:click 개인용자동차보험(인터넷) | 최종 보험료 | 506,060원 | 총 보험료 | 결제 602,030원 | 마일리지 환급 95,970원 | 바로 가입하기",현대,아반떼,2017,아반떼AD 1.6GDI,밸류플러스,id1,56,남
34,2026-08-31 16:43:49,14로6902,2026-09-21,본인,롯데손해보험,"429,250","509,470","80,220","롯데손해보험 | let:click 개인용자동차보험(인터넷) | 최종 보험료 | 429,250원 | 총 보험료 | 결제 509,470원 | 마일리지 환급 80,220원 | 바로 가입하기",기아,K5,2014,K5 2.0,프레스티지,id1,56,남
41,2026-08-31 16:56:56,14로6902,2026-09-21,본인,롯데손해보험,"351,390","419,570","68,180","롯데손해보험 | let:click 개인용자동차보험(인터넷) | 최종 보험료 | 351,390원 | 총 보험료 | 결제 419,570원 | 마일리지 환급 68,180원 | 바로 가입하기",현대,제네시스,2026,제네시스 G80 2.5T(2024년형),2WD,id1,56,남
48,2026-08-31 17:08:27,14로6902,2026-09-21,본인,롯데손해보험,"374,100","443,780","69,680","롯데손해보험 | let:click 개인용자동차보험(인터넷) | 최종 보험료 | 374,100원 | 총 보험료 | 결제 443,780원 | 마일리지 환급 69,680원 | 바로 가입하기",현대,그랜져,2020,그랜져 IG(2019년형),IG240 프리미엄,id1,56,남
55,2026-08-31 17:21:06,14로6902,2026-09-21,본인,롯데손해보험,"426,190","505,700","79,510","롯데손해보험 | let:click 개인용자동차보험(인터넷) | 최종 보험료 | 426,190원 | 총 보험료 | 결제 505,700원 | 마일리지 환급 79,510원 | 바로 가입하기",기아,카니발,2017,"올뉴카니발2.2(디젤,9인승)",프레스티지,id1,56,남
62,2026-08-31 17:34:41,14로6902,2026-09-21,본인,롯데손해보험,"405,410","480,740","75,330","롯데손해보험 | let:click 개인용자동차보험(인터넷) | 최종 보험료 | 405,410원 | 총 보험료 | 결제 480,740원 | 마일리지 환급 75,330원 | 바로 가입하기",기아,스포티지,2014,스포티지R GDI(2WD),럭셔리,id1,56,남
69,2026-08-31 17:46:38,14로6902,2026-09-21,본인,롯데손해보험,"483,880","577,780","93,900","롯데손해보험 | let:click 개인용자동차보험(인터넷) | 최종 보험료 | 483,880원 | 총 보험료 | 결제 577,780원 | 마일리지 환급 93,900원 | 바로 가입하기",벤츠,Mercedes Benz E-Class,2023,New E 250,Avantgarde,id1,56,남
76,2026-08-31 18:00:42,14로6902,2026-09-21,본인,롯데손해보험,"378,260","451,880","73,620","롯데손해보험 | let:click 개인용자동차보험(인터넷) | 최종 보험료 | 378,260원 | 총 보험료 | 결제 451,880원 | 마일리지 환급 73,620원 | 바로 가입하기",기아,RAY,2025,THE NEW RAY 1.0,베스트 셀렉션,id1,56,남
83,2026-08-31 18:12:38,14로6902,2026-09-21,본인,롯데손해보험,"481,370","573,040","91,670","롯데손해보험 | let:click 개인용자동차보험(인터넷) | 최종 보험료 | 481,370원 | 총 보험료 | 결제 573,040원 | 마일리지 환급 91,670원 | 바로 가입하기",현대,아이오닉,2020,더 뉴 아이오닉 플러그인 하이브리드,큐,id1,56,남
90,2026-08-31 18:22:52,14로6902,2026-09-21,본인,롯데손해보험,"349,550","417,360","67,810","롯데손해보험 | let:click 개인용자동차보험(인터넷) | 최종 보험료 | 349,550원 | 총 보험료 | 결제 417,360원 | 마일리지 환급 67,810원 | 바로 가입하기",기아,K9,2025,THE K9 3.8 GDI,플래티넘(AWD),id1,56,남
104,2026-08-31 18:48:07,14로6902,2026-09-21,본인,롯데손해보험,"549,960","654,920","104,960","롯데손해보험 | let:click 개인용자동차보험(인터넷) | 최종 보험료 | 549,960원 | 총 보험료 | 결제 654,920원 | 마일리지 환급 104,960원 | 바로 가입하기",현대,코나,2017,코나 1.6 터보(4WD),스마트,id1,56,남
6,2026-08-31 15:57:36,14로6902,2026-09-21,본인,메리츠화재,"304,010","436,600","132,590","메리츠화재 | 메리츠화재 다이렉트 자동차보험(CM) | 최종 보험료 | 304,010원 | 총 보험료 | 결제 436,600원 | 마일리지 환급 132,590원 | 바로 가입하기",현대,쏘나타,2026,쏘나타 디 엣지 2.0,프리미엄,id1,56,남
13,2026-08-31 16:08:53,14로6902,2026-09-21,본인,메리츠화재,"286,860","406,220","119,360","메리츠화재 | 메리츠화재 다이렉트 자동차보험(CM) | 최종 보험료 | 286,860원 | 총 보험료 | 결제 406,220원 | 마일리지 환급 119,360원 | 바로 가입하기",현대,캐스퍼,2023,캐스퍼 1.0,스마트,id1,56,남
20,2026-08-31 16:18:49,14로6902,2026-09-21,본인,메리츠화재,"367,970","520,330","152,360","메리츠화재 | 메리츠화재 다이렉트 자동차보험(CM) | 최종 보험료 | 367,970원 | 총 보험료 | 결제 520,330원 | 마일리지 환급 152,360원 | 바로 가입하기",기아,모닝,2020,올뉴 모닝(2017),럭셔리,id1,56,남
27,2026-08-31 16:32:05,14로6902,2026-09-21,본인,메리츠화재,"392,140","558,220","166,080","메리츠화재 | 메리츠화재 다이렉트 자동차보험(CM) | 최종 보험료 | 392,140원 | 총 보험료 | 결제 558,220원 | 마일리지 환급 166,080원 | 바로 가입하기",현대,아반떼,2017,아반떼AD 1.6GDI,밸류플러스,id1,56,남
34,2026-08-31 16:43:49,14로6902,2026-09-21,본인,메리츠화재,"390,240","553,080","162,840","메리츠화재 | 메리츠화재 다이렉트 자동차보험(CM) | 최종 보험료 | 390,240원 | 총 보험료 | 결제 553,080원 | 마일리지 환급 162,840원 | 바로 가입하기",기아,K5,2014,K5 2.0,프레스티지,id1,56,남
41,2026-08-31 16:56:56,14로6902,2026-09-21,본인,메리츠화재,"287,670","413,700","126,030","메리츠화재 | 메리츠화재 다이렉트 자동차보험(CM) | 최종 보험료 | 287,670원 | 총 보험료 | 결제 413,700원 | 마일리지 환급 126,030원 | 바로 가입하기",현대,제네시스,2026,제네시스 G80 2.5T(2024년형),2WD,id1,56,남
48,2026-08-31 17:08:27,14로6902,2026-09-21,본인,메리츠화재,"332,760","473,380","140,620","메리츠화재 | 메리츠화재 다이렉트 자동차보험(CM) | 최종 보험료 | 332,760원 | 총 보험료 | 결제 473,380원 | 마일리지 환급 140,620원 | 바로 가입하기",현대,그랜져,2020,그랜져 IG(2019년형),IG240 프리미엄,id1,56,남
55,2026-08-31 17:21:06,14로6902,2026-09-21,본인,메리츠화재,"433,270","613,860","180,590","메리츠화재 | 메리츠화재 다이렉트 자동차보험(CM) | 최종 보험료 | 433,270원 | 총 보험료 | 결제 613,860원 | 마일리지 환급 180,590원 | 바로 가입하기",기아,카니발,2017,"올뉴카니발2.2(디젤,9인승)",프레스티지,id1,56,남
62,2026-08-31 17:34:41,14로6902,2026-09-21,본인,메리츠화재,"403,030","571,630","168,600","메리츠화재 | 메리츠화재 다이렉트 자동차보험(CM) | 최종 보험료 | 403,030원 | 총 보험료 | 결제 571,630원 | 마일리지 환급 168,600원 | 바로 가입하기",기아,스포티지,2014,스포티지R GDI(2WD),럭셔리,id1,56,남
69,2026-08-31 17:46:38,14로6902,2026-09-21,본인,메리츠화재,"457,370","657,030","199,660","메리츠화재 | 메리츠화재 다이렉트 자동차보험(CM) | 최종 보험료 | 457,370원 | 총 보험료 | 결제 657,030원 | 마일리지 환급 199,660원 | 바로 가입하기",벤츠,Mercedes Benz E-Class,2023,New E 250,Avantgarde,id1,56,남
76,2026-08-31 18:00:42,14로6902,2026-09-21,본인,메리츠화재,"316,000","452,160","136,160","메리츠화재 | 메리츠화재 다이렉트 자동차보험(CM) | 최종 보험료 | 316,000원 | 총 보험료 | 결제 452,160원 | 마일리지 환급 136,160원 | 바로 가입하기",기아,RAY,2025,THE NEW RAY 1.0,베스트 셀렉션,id1,56,남
83,2026-08-31 18:12:38,14로6902,2026-09-21,본인,메리츠화재,"444,340","636,280","191,940","메리츠화재 | 메리츠화재 다이렉트 자동차보험(CM) | 최종 보험료 | 444,340원 | 총 보험료 | 결제 636,280원 | 마일리지 환급 191,940원 | 바로 가입하기",현대,아이오닉,2020,더 뉴 아이오닉 플러그인 하이브리드,큐,id1,56,남
90,2026-08-31 18:22:52,14로6902,2026-09-21,본인,메리츠화재,"327,500","470,790","143,290","메리츠화재 | 메리츠화재 다이렉트 자동차보험(CM) | 최종 보험료 | 327,500원 | 총 보험료 | 결제 470,790원 | 마일리지 환급 143,290원 | 바로 가입하기",기아,K9,2025,THE K9 3.8 GDI,플래티넘(AWD),id1,56,남
104,2026-08-31 18:48:07,14로6902,2026-09-21,본인,메리츠화재,"419,200","597,440","178,240","메리츠화재 | 메리츠화재 다이렉트 자동차보험(CM) | 최종 보험료 | 419,200원 | 총 보험료 | 결제 597,440원 | 마일리지 환급 178,240원 | 바로 가입하기",현대,코나,2017,코나 1.6 터보(4WD),스마트,id1,56,남
6,2026-08-31 15:57:36,14로6902,2026-09-21,본인,삼성화재,"384,630","467,250","82,620","삼성화재 | 개인용애니카다이렉트자동차보험(플랫폼) | 최종 보험료 | 384,630원 | 총 보험료 | 결제 467,250원 | 마일리지 환급 82,620원 | 바로 가입하기",현대,쏘나타,2026,쏘나타 디 엣지 2.0,프리미엄,id1,56,남
13,2026-08-31 16:08:53,14로6902,2026-09-21,본인,삼성화재,"360,390","434,870","74,480","삼성화재 | 개인용애니카다이렉트자동차보험(플랫폼) | 최종 보험료 | 360,390원 | 총 보험료 | 결제 434,870원 | 마일리지 환급 74,480원 | 바로 가입하기",현대,캐스퍼,2023,캐스퍼 1.0,스마트,id1,56,남
20,2026-08-31 16:18:49,14로6902,2026-09-21,본인,삼성화재,"423,430","511,570","88,140","삼성화재 | 개인용애니카다이렉트자동차보험(플랫폼) | 최종 보험료 | 423,430원 | 총 보험료 | 결제 511,570원 | 마일리지 환급 88,140원 | 바로 가입하기",기아,모닝,2020,올뉴 모닝(2017),럭셔리,id1,56,남
27,2026-08-31 16:32:05,14로6902,2026-09-21,본인,삼성화재,"498,670","604,130","105,460","삼성화재 | 개인용애니카다이렉트자동차보험(플랫폼) | 최종 보험료 | 498,670원 | 총 보험료 | 결제 604,130원 | 마일리지 환급 105,460원 | 바로 가입하기",현대,아반떼,2017,아반떼AD 1.6GDI,밸류플러스,id1,56,남
34,2026-08-31 16:43:49,14로6902,2026-09-21,본인,삼성화재,"491,230","594,040","102,810","삼성화재 | 개인용애니카다이렉트자동차보험(플랫폼) | 최종 보험료 | 491,230원 | 총 보험료 | 결제 594,040원 | 마일리지 환급 102,810원 | 바로 가입하기",기아,K5,2014,K5 2.0,프레스티지,id1,56,남
41,2026-08-31 16:56:56,14로6902,2026-09-21,본인,삼성화재,"361,310","439,200","77,890","삼성화재 | 개인용애니카다이렉트자동차보험(플랫폼) | 최종 보험료 | 361,310원 | 총 보험료 | 결제 439,200원 | 마일리지 환급 77,890원 | 바로 가입하기",현대,제네시스,2026,제네시스 G80 2.5T(2024년형),2WD,id1,56,남
55,2026-08-31 17:21:06,14로6902,2026-09-21,본인,삼성화재,"523,370","632,450","109,080","삼성화재 | 개인용애니카다이렉트자동차보험(플랫폼) | 최종 보험료 | 523,370원 | 총 보험료 | 결제 632,450원 | 마일리지 환급 109,080원 | 바로 가입하기",기아,카니발,2017,"올뉴카니발2.2(디젤,9인승)",프레스티지,id1,56,남
62,2026-08-31 17:34:41,14로6902,2026-09-21,본인,삼성화재,"514,420","622,320","107,900","삼성화재 | 개인용애니카다이렉트자동차보험(플랫폼) | 최종 보험료 | 514,420원 | 총 보험료 | 결제 622,320원 | 마일리지 환급 107,900원 | 바로 가입하기",기아,스포티지,2014,스포티지R GDI(2WD),럭셔리,id1,56,남
69,2026-08-31 17:46:38,14로6902,2026-09-21,본인,삼성화재,"523,130","635,060","111,930","삼성화재 | 개인용애니카다이렉트자동차보험(플랫폼) | 최종 보험료 | 523,130원 | 총 보험료 | 결제 635,060원 | 마일리지 환급 111,930원 | 바로 가입하기",벤츠,Mercedes Benz E-Class,2023,New E 250,Avantgarde,id1,56,남
76,2026-08-31 18:00:42,14로6902,2026-09-21,본인,삼성화재,"390,340","472,760","82,420","삼성화재 | 개인용애니카다이렉트자동차보험(플랫폼) | 최종 보험료 | 390,340원 | 총 보험료 | 결제 472,760원 | 마일리지 환급 82,420원 | 바로 가입하기",기아,RAY,2025,THE NEW RAY 1.0,베스트 셀렉션,id1,56,남
83,2026-08-31 18:12:38,14로6902,2026-09-21,본인,삼성화재,"599,180","727,080","127,900","삼성화재 | 개인용애니카다이렉트자동차보험(플랫폼) | 최종 보험료 | 599,180원 | 총 보험료 | 결제 727,080원 | 마일리지 환급 127,900원 | 바로 가입하기",현대,아이오닉,2020,더 뉴 아이오닉 플러그인 하이브리드,큐,id1,56,남
90,2026-08-31 18:22:52,14로6902,2026-09-21,본인,삼성화재,"375,030","455,270","80,240","삼성화재 | 개인용애니카다이렉트자동차보험(플랫폼) | 최종 보험료 | 375,030원 | 총 보험료 | 결제 455,270원 | 마일리지 환급 80,240원 | 바로 가입하기",기아,K9,2025,THE K9 3.8 GDI,플래티넘(AWD),id1,56,남
104,2026-08-31 18:48:07,14로6902,2026-09-21,본인,삼성화재,"497,300","602,470","105,170","삼성화재 | 개인용애니카다이렉트자동차보험(플랫폼) | 최종 보험료 | 497,300원 | 총 보험료 | 결제 602,470원 | 마일리지 환급 105,170원 | 바로 가입하기",현대,코나,2017,코나 1.6 터보(4WD),스마트,id1,56,남
6,2026-08-31 15:57:36,14로6902,2026-09-21,본인,하나손해보험,"358,280","466,460","108,180","하나손해보험 | 하나 다이렉트 자동차보험 | 최종 보험료 | 358,280원 | 총 보험료 | 결제 466,460원 | 마일리지 환급 108,180원 | 마일리지 선할인 103,620원 | 바로 가입하기",현대,쏘나타,2026,쏘나타 디 엣지 2.0,프리미엄,id1,56,남
13,2026-08-31 16:08:53,14로6902,2026-09-21,본인,하나손해보험,"334,450","432,110","97,660","하나손해보험 | 하나 다이렉트 자동차보험 | 최종 보험료 | 334,450원 | 총 보험료 | 결제 432,110원 | 마일리지 환급 97,660원 | 마일리지 선할인 93,540원 | 바로 가입하기",현대,캐스퍼,2023,캐스퍼 1.0,스마트,id1,56,남
20,2026-08-31 16:18:49,14로6902,2026-09-21,본인,하나손해보험,"394,520","508,130","113,610","하나손해보험 | 하나 다이렉트 자동차보험 | 최종 보험료 | 394,520원 | 총 보험료 | 결제 508,130원 | 마일리지 환급 113,610원 | 마일리지 선할인 108,820원 | 바로 가입하기",기아,모닝,2020,올뉴 모닝(2017),럭셔리,id1,56,남
27,2026-08-31 16:32:05,14로6902,2026-09-21,본인,하나손해보험,"437,390","564,320","126,930","하나손해보험 | 하나 다이렉트 자동차보험 | 최종 보험료 | 437,390원 | 총 보험료 | 결제 564,320원 | 마일리지 환급 126,930원 | 마일리지 선할인 121,570원 | 바로 가입하기",현대,아반떼,2017,아반떼AD 1.6GDI,밸류플러스,id1,56,남
34,2026-08-31 16:43:49,14로6902,2026-09-21,본인,하나손해보험,"454,430","587,530","133,100","하나손해보험 | 하나 다이렉트 자동차보험 | 최종 보험료 | 454,430원 | 총 보험료 | 결제 587,530원 | 마일리지 환급 133,100원 | 마일리지 선할인 127,480원 | 바로 가입하기",기아,K5,2014,K5 2.0,프레스티지,id1,56,남
41,2026-08-31 16:56:56,14로6902,2026-09-21,본인,하나손해보험,"337,510","439,240","101,730","하나손해보험 | 하나 다이렉트 자동차보험 | 최종 보험료 | 337,510원 | 총 보험료 | 결제 439,240원 | 마일리지 환급 101,730원 | 마일리지 선할인 97,440원 | 바로 가입하기",현대,제네시스,2026,제네시스 G80 2.5T(2024년형),2WD,id1,56,남
48,2026-08-31 17:08:27,14로6902,2026-09-21,본인,하나손해보험,"406,510","524,720","118,210","하나손해보험 | 하나 다이렉트 자동차보험 | 최종 보험료 | 406,510원 | 총 보험료 | 결제 524,720원 | 마일리지 환급 118,210원 | 마일리지 선할인 113,230원 | 바로 가입하기",현대,그랜져,2020,그랜져 IG(2019년형),IG240 프리미엄,id1,56,남
55,2026-08-31 17:21:06,14로6902,2026-09-21,본인,하나손해보험,"501,110","647,550","146,440","하나손해보험 | 하나 다이렉트 자동차보험 | 최종 보험료 | 501,110원 | 총 보험료 | 결제 647,550원 | 마일리지 환급 146,440원 | 마일리지 선할인 140,260원 | 바로 가입하기",기아,카니발,2017,"올뉴카니발2.2(디젤,9인승)",프레스티지,id1,56,남
62,2026-08-31 17:34:41,14로6902,2026-09-21,본인,하나손해보험,"468,300","605,710","137,410","하나손해보험 | 하나 다이렉트 자동차보험 | 최종 보험료 | 468,300원 | 총 보험료 | 결제 605,710원 | 마일리지 환급 137,410원 | 마일리지 선할인 131,610원 | 바로 가입하기",기아,스포티지,2014,스포티지R GDI(2WD),럭셔리,id1,56,남
69,2026-08-31 17:46:38,14로6902,2026-09-21,본인,하나손해보험,"514,520","669,180","154,660","하나손해보험 | 하나 다이렉트 자동차보험 | 최종 보험료 | 514,520원 | 총 보험료 | 결제 669,180원 | 마일리지 환급 154,660원 | 마일리지 선할인 148,140원 | 바로 가입하기",벤츠,Mercedes Benz E-Class,2023,New E 250,Avantgarde,id1,56,남
76,2026-08-31 18:00:42,14로6902,2026-09-21,본인,하나손해보험,"350,740","455,600","104,860","하나손해보험 | 하나 다이렉트 자동차보험 | 최종 보험료 | 350,740원 | 총 보험료 | 결제 455,600원 | 마일리지 환급 104,860원 | 마일리지 선할인 100,430원 | 바로 가입하기",기아,RAY,2025,THE NEW RAY 1.0,베스트 셀렉션,id1,56,남
83,2026-08-31 18:12:38,14로6902,2026-09-21,본인,하나손해보험,"495,330","654,190","158,860","하나손해보험 | 하나 다이렉트 자동차보험 | 최종 보험료 | 495,330원 | 총 보험료 | 결제 654,190원 | 마일리지 환급 158,860원 | 마일리지 선할인 152,600원 | 바로 가입하기",현대,아이오닉,2020,더 뉴 아이오닉 플러그인 하이브리드,큐,id1,56,남
90,2026-08-31 18:22:52,14로6902,2026-09-21,본인,하나손해보험,"424,600","553,380","128,780","하나손해보험 | 하나 다이렉트 자동차보험 | 최종 보험료 | 424,600원 | 총 보험료 | 결제 553,380원 | 마일리지 환급 128,780원 | 마일리지 선할인 123,350원 | 바로 가입하기",기아,K9,2025,THE K9 3.8 GDI,플래티넘(AWD),id1,56,남
104,2026-08-31 18:48:07,14로6902,2026-09-21,본인,하나손해보험,"474,550","613,020","138,470","하나손해보험 | 하나 다이렉트 자동차보험 | 최종 보험료 | 474,550원 | 총 보험료 | 결제 613,020원 | 마일리지 환급 138,470원 | 마일리지 선할인 132,630원 | 바로 가입하기",현대,코나,2017,코나 1.6 터보(4WD),스마트,id1,56,남
6,2026-08-31 15:57:36,14로6902,2026-09-21,본인,한화손보,"414,870","516,950","102,080","한화손보 | 캐롯 자동차보험 | 최종 보험료 | 414,870원 | 총 보험료 | 결제 516,950원 | 마일리지 환급 102,080원 | 월 납입 시 62,810원 | 바로 가입하기",현대,쏘나타,2026,쏘나타 디 엣지 2.0,프리미엄,id1,56,남
13,2026-08-31 16:08:53,14로6902,2026-09-21,본인,한화손보,"369,580","400,000","30,420","한화손보 | 캐롯 자동차보험 | 최종 보험료 | 369,580원 | 총 보험료 | 결제 400,000원 | 마일리지 환급 30,420원 | 월 납입 시 72,600원 | 바로 가입하기",현대,캐스퍼,2023,캐스퍼 1.0,스마트,id1,56,남
20,2026-08-31 16:18:49,14로6902,2026-09-21,본인,한화손보,"427,260","462,270","35,010","한화손보 | 캐롯 자동차보험 | 최종 보험료 | 427,260원 | 총 보험료 | 결제 462,270원 | 마일리지 환급 35,010원 | 월 납입 시 85,530원 | 바로 가입하기",기아,모닝,2020,올뉴 모닝(2017),럭셔리,id1,56,남
27,2026-08-31 16:32:05,14로6902,2026-09-21,본인,한화손보,"494,770","536,440","41,670","한화손보 | 캐롯 자동차보험 | 최종 보험료 | 494,770원 | 총 보험료 | 결제 536,440원 | 마일리지 환급 41,670원 | 월 납입 시 88,070원 | 바로 가입하기",현대,아반떼,2017,아반떼AD 1.6GDI,밸류플러스,id1,56,남
34,2026-08-31 16:43:49,14로6902,2026-09-21,본인,한화손보,"524,420","568,840","44,420","한화손보 | 캐롯 자동차보험 | 최종 보험료 | 524,420원 | 총 보험료 | 결제 568,840원 | 마일리지 환급 44,420원 | 월 납입 시 90,760원 | 바로 가입하기",기아,K5,2014,K5 2.0,프레스티지,id1,56,남
41,2026-08-31 16:56:56,14로6902,2026-09-21,본인,한화손보,"364,330","453,790","89,460","한화손보 | 캐롯 자동차보험 | 최종 보험료 | 364,330원 | 총 보험료 | 결제 453,790원 | 마일리지 환급 89,460원 | 월 납입 시 55,760원 | 바로 가입하기",현대,제네시스,2026,제네시스 G80 2.5T(2024년형),2WD,id1,56,남
48,2026-08-31 17:08:27,14로6902,2026-09-21,본인,한화손보,"431,720","468,000","36,280","한화손보 | 캐롯 자동차보험 | 최종 보험료 | 431,720원 | 총 보험료 | 결제 468,000원 | 마일리지 환급 36,280원 | 월 납입 시 77,580원 | 바로 가입하기",현대,그랜져,2020,그랜져 IG(2019년형),IG240 프리미엄,id1,56,남
55,2026-08-31 17:21:06,14로6902,2026-09-21,본인,한화손보,"526,830","571,300","44,470","한화손보 | 캐롯 자동차보험 | 최종 보험료 | 526,830원 | 총 보험료 | 결제 571,300원 | 마일리지 환급 44,470원 | 월 납입 시 92,680원 | 바로 가입하기",기아,카니발,2017,"올뉴카니발2.2(디젤,9인승)",프레스티지,id1,56,남
62,2026-08-31 17:34:41,14로6902,2026-09-21,본인,한화손보,"525,980","570,540","44,560","한화손보 | 캐롯 자동차보험 | 최종 보험료 | 525,980원 | 총 보험료 | 결제 570,540원 | 마일리지 환급 44,560원 | 월 납입 시 91,020원 | 바로 가입하기",기아,스포티지,2014,스포티지R GDI(2WD),럭셔리,id1,56,남
69,2026-08-31 17:46:38,14로6902,2026-09-21,본인,한화손보,"521,140","565,830","44,690","한화손보 | 캐롯 자동차보험 | 최종 보험료 | 521,140원 | 총 보험료 | 결제 565,830원 | 마일리지 환급 44,690원 | 월 납입 시 84,660원 | 바로 가입하기",벤츠,Mercedes Benz E-Class,2023,New E 250,Avantgarde,id1,56,남
76,2026-08-31 18:00:42,14로6902,2026-09-21,본인,한화손보,"412,880","448,240","35,360","한화손보 | 캐롯 자동차보험 | 최종 보험료 | 412,880원 | 총 보험료 | 결제 448,240원 | 마일리지 환급 35,360원 | 월 납입 시 67,740원 | 바로 가입하기",기아,RAY,2025,THE NEW RAY 1.0,베스트 셀렉션,id1,56,남
83,2026-08-31 18:12:38,14로6902,2026-09-21,본인,한화손보,"522,540","566,670","44,130","한화손보 | 캐롯 자동차보험 | 최종 보험료 | 522,540원 | 총 보험료 | 결제 566,670원 | 마일리지 환급 44,130원 | 월 납입 시 91,660원 | 바로 가입하기",현대,아이오닉,2020,더 뉴 아이오닉 플러그인 하이브리드,큐,id1,56,남
90,2026-08-31 18:22:52,14로6902,2026-09-21,본인,한화손보,"406,390","441,620","35,230","한화손보 | 캐롯 자동차보험 | 최종 보험료 | 406,390원 | 총 보험료 | 결제 441,620원 | 마일리지 환급 35,230원 | 월 납입 시 62,330원 | 바로 가입하기",기아,K9,2025,THE K9 3.8 GDI,플래티넘(AWD),id1,56,남
104,2026-08-31 18:48:07,14로6902,2026-09-21,본인,한화손보,"485,730","526,590","40,860","한화손보 | 캐롯 자동차보험 | 최종 보험료 | 485,730원 | 총 보험료 | 결제 526,590원 | 마일리지 환급 40,860원 | 월 납입 시 86,840원 | 바로 가입하기",현대,코나,2017,코나 1.6 터보(4WD),스마트,id1,56,남
6,2026-08-31 15:57:36,14로6902,2026-09-21,본인,현대해상,"330,600","455,730","125,130","현대해상 | Hicar 다이렉트 개인용자동차보험(플랫폼) | 최종 보험료 | 330,600원 | 총 보험료 | 결제 455,730원 | 마일리지 환급 125,130원 | 바로 가입하기",현대,쏘나타,2026,쏘나타 디 엣지 2.0,프리미엄,id1,56,남
13,2026-08-31 16:08:53,14로6902,2026-09-21,본인,현대해상,"346,520","472,410","125,890","현대해상 | Hicar 다이렉트 개인용자동차보험(플랫폼) | 최종 보험료 | 346,520원 | 총 보험료 | 결제 472,410원 | 마일리지 환급 125,890원 | 바로 가입하기",현대,캐스퍼,2023,캐스퍼 1.0,스마트,id1,56,남
20,2026-08-31 16:18:49,14로6902,2026-09-21,본인,현대해상,"392,480","526,590","134,110","현대해상 | Hicar 다이렉트 개인용자동차보험(플랫폼) | 최종 보험료 | 392,480원 | 총 보험료 | 결제 526,590원 | 마일리지 환급 134,110원 | 바로 가입하기",기아,모닝,2020,올뉴 모닝(2017),럭셔리,id1,56,남
27,2026-08-31 16:32:05,14로6902,2026-09-21,본인,현대해상,"444,340","598,700","154,360","현대해상 | Hicar 다이렉트 개인용자동차보험(플랫폼) | 최종 보험료 | 444,340원 | 총 보험료 | 결제 598,700원 | 마일리지 환급 154,360원 | 바로 가입하기",현대,아반떼,2017,아반떼AD 1.6GDI,밸류플러스,id1,56,남
34,2026-08-31 16:43:49,14로6902,2026-09-21,본인,현대해상,"444,710","599,180","154,470","현대해상 | Hicar 다이렉트 개인용자동차보험(플랫폼) | 최종 보험료 | 444,710원 | 총 보험료 | 결제 599,180원 | 마일리지 환급 154,470원 | 바로 가입하기",기아,K5,2014,K5 2.0,프레스티지,id1,56,남
41,2026-08-31 16:56:56,14로6902,2026-09-21,본인,현대해상,"297,490","409,750","112,260","현대해상 | Hicar 다이렉트 개인용자동차보험(플랫폼) | 최종 보험료 | 297,490원 | 총 보험료 | 결제 409,750원 | 마일리지 환급 112,260원 | 바로 가입하기",현대,제네시스,2026,제네시스 G80 2.5T(2024년형),2WD,id1,56,남
48,2026-08-31 17:08:27,14로6902,2026-09-21,본인,현대해상,"325,260","437,640","112,380","현대해상 | Hicar 다이렉트 개인용자동차보험(플랫폼) | 최종 보험료 | 325,260원 | 총 보험료 | 결제 437,640원 | 마일리지 환급 112,380원 | 바로 가입하기",현대,그랜져,2020,그랜져 IG(2019년형),IG240 프리미엄,id1,56,남
55,2026-08-31 17:21:06,14로6902,2026-09-21,본인,현대해상,"381,310","510,830","129,520","현대해상 | Hicar 다이렉트 개인용자동차보험(플랫폼) | 최종 보험료 | 381,310원 | 총 보험료 | 결제 510,830원 | 마일리지 환급 129,520원 | 바로 가입하기",기아,카니발,2017,"올뉴카니발2.2(디젤,9인승)",프레스티지,id1,56,남
62,2026-08-31 17:34:41,14로6902,2026-09-21,본인,현대해상,"456,470","615,290","158,820","현대해상 | Hicar 다이렉트 개인용자동차보험(플랫폼) | 최종 보험료 | 456,470원 | 총 보험료 | 결제 615,290원 | 마일리지 환급 158,820원 | 바로 가입하기",기아,스포티지,2014,스포티지R GDI(2WD),럭셔리,id1,56,남
76,2026-08-31 18:00:42,14로6902,2026-09-21,본인,현대해상,"364,750","500,800","136,050","현대해상 | Hicar 다이렉트 개인용자동차보험(플랫폼) | 최종 보험료 | 364,750원 | 총 보험료 | 결제 500,800원 | 마일리지 환급 136,050원 | 바로 가입하기",기아,RAY,2025,THE NEW RAY 1.0,베스트 셀렉션,id1,56,남
83,2026-08-31 18:12:38,14로6902,2026-09-21,본인,현대해상,"432,640","584,900","152,260","현대해상 | Hicar 다이렉트 개인용자동차보험(플랫폼) | 최종 보험료 | 432,640원 | 총 보험료 | 결제 584,900원 | 마일리지 환급 152,260원 | 바로 가입하기",현대,아이오닉,2020,더 뉴 아이오닉 플러그인 하이브리드,큐,id1,56,남
90,2026-08-31 18:22:52,14로6902,2026-09-21,본인,현대해상,"309,230","426,060","116,830","현대해상 | Hicar 다이렉트 개인용자동차보험(플랫폼) | 최종 보험료 | 309,230원 | 총 보험료 | 결제 426,060원 | 마일리지 환급 116,830원 | 바로 가입하기",기아,K9,2025,THE K9 3.8 GDI,플래티넘(AWD),id1,56,남
104,2026-08-31 18:48:07,14로6902,2026-09-21,본인,현대해상,"432,960","581,770","148,810","현대해상 | Hicar 다이렉트 개인용자동차보험(플랫폼) | 최종 보험료 | 432,960원 | 총 보험료 | 결제 581,770원 | 마일리지 환급 148,810원 | 바로 가입하기",현대,코나,2017,코나 1.6 터보(4WD),스마트,id1,56,남
6,2026-08-31 15:57:36,14로6902,2026-09-21,본인,흥국화재,"344,130","456,710","112,580","흥국화재 | 흥국다이렉트개인용자동차보험(CM) | 최종 보험료 | 344,130원 | 총 보험료 | 결제 456,710원 | 마일리지 환급 112,580원 | 바로 가입하기",현대,쏘나타,2026,쏘나타 디 엣지 2.0,프리미엄,id1,56,남
13,2026-08-31 16:08:53,14로6902,2026-09-21,본인,흥국화재,"320,610","410,090","89,480","흥국화재 | 흥국다이렉트개인용자동차보험(CM) | 최종 보험료 | 320,610원 | 총 보험료 | 결제 410,090원 | 마일리지 환급 89,480원 | 바로 가입하기",현대,캐스퍼,2023,캐스퍼 1.0,스마트,id1,56,남
27,2026-08-31 16:32:05,14로6902,2026-09-21,본인,흥국화재,"483,180","620,580","137,400","흥국화재 | 흥국다이렉트개인용자동차보험(CM) | 최종 보험료 | 483,180원 | 총 보험료 | 결제 620,580원 | 마일리지 환급 137,400원 | 바로 가입하기",현대,아반떼,2017,아반떼AD 1.6GDI,밸류플러스,id1,56,남
34,2026-08-31 16:43:49,14로6902,2026-09-21,본인,흥국화재,"460,660","606,540","145,880","흥국화재 | 흥국다이렉트개인용자동차보험(CM) | 최종 보험료 | 460,660원 | 총 보험료 | 결제 606,540원 | 마일리지 환급 145,880원 | 바로 가입하기",기아,K5,2014,K5 2.0,프레스티지,id1,56,남
48,2026-08-31 17:08:27,14로6902,2026-09-21,본인,흥국화재,"381,070","501,910","120,840","흥국화재 | 흥국다이렉트개인용자동차보험(CM) | 최종 보험료 | 381,070원 | 총 보험료 | 결제 501,910원 | 마일리지 환급 120,840원 | 바로 가입하기",현대,그랜져,2020,그랜져 IG(2019년형),IG240 프리미엄,id1,56,남
55,2026-08-31 17:21:06,14로6902,2026-09-21,본인,흥국화재,"451,500","593,040","141,540","흥국화재 | 흥국다이렉트개인용자동차보험(CM) | 최종 보험료 | 451,500원 | 총 보험료 | 결제 593,040원 | 마일리지 환급 141,540원 | 바로 가입하기",기아,카니발,2017,"올뉴카니발2.2(디젤,9인승)",프레스티지,id1,56,남
62,2026-08-31 17:34:41,14로6902,2026-09-21,본인,흥국화재,"466,780","614,710","147,930","흥국화재 | 흥국다이렉트개인용자동차보험(CM) | 최종 보험료 | 466,780원 | 총 보험료 | 결제 614,710원 | 마일리지 환급 147,930원 | 바로 가입하기",기아,스포티지,2014,스포티지R GDI(2WD),럭셔리,id1,56,남
69,2026-08-31 17:46:38,14로6902,2026-09-21,본인,흥국화재,"565,520","749,240","183,720","흥국화재 | 흥국다이렉트개인용자동차보험(CM) | 최종 보험료 | 565,520원 | 총 보험료 | 결제 749,240원 | 마일리지 환급 183,720원 | 바로 가입하기",벤츠,Mercedes Benz E-Class,2023,New E 250,Avantgarde,id1,56,남
76,2026-08-31 18:00:42,14로6902,2026-09-21,본인,흥국화재,"338,310","435,730","97,420","흥국화재 | 흥국다이렉트개인용자동차보험(CM) | 최종 보험료 | 338,310원 | 총 보험료 | 결제 435,730원 | 마일리지 환급 97,420원 | 바로 가입하기",기아,RAY,2025,THE NEW RAY 1.0,베스트 셀렉션,id1,56,남
83,2026-08-31 18:12:38,14로6902,2026-09-21,본인,흥국화재,"571,840","737,130","165,290","흥국화재 | 흥국다이렉트개인용자동차보험(CM) | 최종 보험료 | 571,840원 | 총 보험료 | 결제 737,130원 | 마일리지 환급 165,290원 | 바로 가입하기",현대,아이오닉,2020,더 뉴 아이오닉 플러그인 하이브리드,큐,id1,56,남
90,2026-08-31 18:22:52,14로6902,2026-09-21,본인,흥국화재,"337,390","447,360","109,970","흥국화재 | 흥국다이렉트개인용자동차보험(CM) | 최종 보험료 | 337,390원 | 총 보험료 | 결제 447,360원 | 마일리지 환급 109,970원 | 바로 가입하기",기아,K9,2025,THE K9 3.8 GDI,플래티넘(AWD),id1,56,남
104,2026-08-31 18:48:07,14로6902,2026-09-21,본인,흥국화재,"489,300","628,530","139,230","흥국화재 | 흥국다이렉트개인용자동차보험(CM) | 최종 보험료 | 489,300원 | 총 보험료 | 결제 628,530원 | 마일리지 환급 139,230원 | 바로 가입하기",현대,코나,2017,코나 1.6 터보(4WD),스마트,id1,56,남
7,2026-08-31 15:58:49,14로6902,2026-09-26,본인,AXA,"337,840","485,200","147,360","AXA손해보험 | 다이렉트 자동차보험 | 최종 보험료 | 337,840원 | 총 보험료 | 결제 485,200원 | 마일리지 환급 147,360원 | 마일리지 선할인 144,780원 | 바로 가입하기",현대,쏘나타,2026,쏘나타 디 엣지 2.0,프리미엄,id1,56,남
14,2026-08-31 16:10:25,14로6902,2026-09-26,본인,AXA,"352,810","499,670","146,860","AXA손해보험 | 다이렉트 자동차보험 | 최종 보험료 | 352,810원 | 총 보험료 | 결제 499,670원 | 마일리지 환급 146,860원 | 마일리지 선할인 144,310원 | 바로 가입하기",현대,캐스퍼,2023,캐스퍼 1.0,스마트,id1,56,남
21,2026-08-31 16:21:38,14로6902,2026-09-26,본인,AXA,"447,950","575,880","127,930","AXA손해보험 | 다이렉트 자동차보험 | 최종 보험료 | 447,950원 | 총 보험료 | 결제 575,880원 | 마일리지 환급 127,930원 | 마일리지 선할인 124,650원 | 바로 가입하기",기아,모닝,2020,올뉴 모닝(2017),럭셔리,id1,56,남
28,2026-08-31 16:33:39,14로6902,2026-09-26,본인,AXA,"472,940","611,610","138,670","AXA손해보험 | 다이렉트 자동차보험 | 최종 보험료 | 472,940원 | 총 보험료 | 결제 611,610원 | 마일리지 환급 138,670원 | 마일리지 선할인 135,140원 | 바로 가입하기",현대,아반떼,2017,아반떼AD 1.6GDI,밸류플러스,id1,56,남
35,2026-08-31 16:45:21,14로6902,2026-09-26,본인,AXA,"487,890","628,650","140,760","AXA손해보험 | 다이렉트 자동차보험 | 최종 보험료 | 487,890원 | 총 보험료 | 결제 628,650원 | 마일리지 환급 140,760원 | 마일리지 선할인 137,140원 | 바로 가입하기",기아,K5,2014,K5 2.0,프레스티지,id1,56,남
42,2026-08-31 16:58:39,14로6902,2026-09-26,본인,AXA,"324,410","466,100","141,690","AXA손해보험 | 다이렉트 자동차보험 | 최종 보험료 | 324,410원 | 총 보험료 | 결제 466,100원 | 마일리지 환급 141,690원 | 마일리지 선할인 139,210원 | 바로 가입하기",현대,제네시스,2026,제네시스 G80 2.5T(2024년형),2WD,id1,56,남
49,2026-08-31 17:09:44,14로6902,2026-09-26,본인,AXA,"361,250","513,590","152,340","AXA손해보험 | 다이렉트 자동차보험 | 최종 보험료 | 361,250원 | 총 보험료 | 결제 513,590원 | 마일리지 환급 152,340원 | 마일리지 선할인 149,680원 | 바로 가입하기",현대,그랜져,2020,그랜져 IG(2019년형),IG240 프리미엄,id1,56,남
56,2026-08-31 17:23:45,14로6902,2026-09-26,본인,AXA,"500,810","646,120","145,310","AXA손해보험 | 다이렉트 자동차보험 | 최종 보험료 | 500,810원 | 총 보험료 | 결제 646,120원 | 마일리지 환급 145,310원 | 마일리지 선할인 141,580원 | 바로 가입하기",기아,카니발,2017,"올뉴카니발2.2(디젤,9인승)",프레스티지,id1,56,남
63,2026-08-31 17:36:24,14로6902,2026-09-26,본인,AXA,"482,650","621,790","139,140","AXA손해보험 | 다이렉트 자동차보험 | 최종 보험료 | 482,650원 | 총 보험료 | 결제 621,790원 | 마일리지 환급 139,140원 | 마일리지 선할인 135,580원 | 바로 가입하기",기아,스포티지,2014,스포티지R GDI(2WD),럭셔리,id1,56,남
70,2026-08-31 17:48:10,14로6902,2026-09-26,본인,AXA,"516,930","741,900","224,970","AXA손해보험 | 다이렉트 자동차보험 | 최종 보험료 | 516,930원 | 총 보험료 | 결제 741,900원 | 마일리지 환급 224,970원 | 마일리지 선할인 221,040원 | 바로 가입하기",벤츠,Mercedes Benz E-Class,2023,New E 250,Avantgarde,id1,56,남
84,2026-08-31 18:14:14,14로6902,2026-09-26,본인,AXA,"412,420","688,410","275,990","AXA손해보험 | 다이렉트 자동차보험 | 최종 보험료 | 412,420원 | 총 보험료 | 결제 688,410원 | 마일리지 환급 275,990원 | 마일리지 선할인 272,900원 | 바로 가입하기",현대,아이오닉,2020,더 뉴 아이오닉 플러그인 하이브리드,큐,id1,56,남
91,2026-08-31 18:26:13,14로6902,2026-09-26,본인,AXA,"367,640","528,830","161,190","AXA손해보험 | 다이렉트 자동차보험 | 최종 보험료 | 367,640원 | 총 보험료 | 결제 528,830원 | 마일리지 환급 161,190원 | 마일리지 선할인 158,400원 | 바로 가입하기",기아,K9,2025,THE K9 3.8 GDI,플래티넘(AWD),id1,56,남
98,2026-08-31 18:37:40,14로6902,2026-09-26,본인,AXA,"673,460","1,138,240","464,780","AXA손해보험 | 다이렉트 자동차보험 | 최종 보험료 | 673,460원 | 총 보험료 | 결제 1,138,240원 | 마일리지 환급 464,780원 | 마일리지 선할인 459,560원 | 바로 가입하기",Tesla,Model 3,2026,Model 3,Long Range(2022~),id1,56,남
112,2026-08-31 19:00:46,14로6902,2026-09-26,본인,AXA,"426,990","610,220","183,230","AXA손해보험 | 다이렉트 자동차보험 | 최종 보험료 | 426,990원 | 총 보험료 | 결제 610,220원 | 마일리지 환급 183,230원 | 마일리지 선할인 180,030원 | 바로 가입하기",현대,스타리아,2022,스타리아 라운지,리무진(2WD),id1,56,남
7,2026-08-31 15:58:49,14로6902,2026-09-26,본인,DB손해보험,"427,160","532,810","105,650","DB손해보험 | 프로미카 다이렉트개인용자동차보험(플랫폼) | 최종 보험료 | 427,160원 | 총 보험료 | 결제 532,810원 | 마일리지 환급 105,650원 | 바로 가입하기",현대,쏘나타,2026,쏘나타 디 엣지 2.0,프리미엄,id1,56,남
14,2026-08-31 16:10:25,14로6902,2026-09-26,본인,DB손해보험,"384,520","476,360","91,840","DB손해보험 | 프로미카 다이렉트개인용자동차보험(플랫폼) | 최종 보험료 | 384,520원 | 총 보험료 | 결제 476,360원 | 마일리지 환급 91,840원 | 바로 가입하기",현대,캐스퍼,2023,캐스퍼 1.0,스마트,id1,56,남
21,2026-08-31 16:21:38,14로6902,2026-09-26,본인,DB손해보험,"448,890","556,710","107,820","DB손해보험 | 프로미카 다이렉트개인용자동차보험(플랫폼) | 최종 보험료 | 448,890원 | 총 보험료 | 결제 556,710원 | 마일리지 환급 107,820원 | 바로 가입하기",기아,모닝,2020,올뉴 모닝(2017),럭셔리,id1,56,남
28,2026-08-31 16:33:39,14로6902,2026-09-26,본인,DB손해보험,"525,250","652,450","127,200","DB손해보험 | 프로미카 다이렉트개인용자동차보험(플랫폼) | 최종 보험료 | 525,250원 | 총 보험료 | 결제 652,450원 | 마일리지 환급 127,200원 | 바로 가입하기",현대,아반떼,2017,아반떼AD 1.6GDI,밸류플러스,id1,56,남
35,2026-08-31 16:45:21,14로6902,2026-09-26,본인,DB손해보험,"512,710","635,550","122,840","DB손해보험 | 프로미카 다이렉트개인용자동차보험(플랫폼) | 최종 보험료 | 512,710원 | 총 보험료 | 결제 635,550원 | 마일리지 환급 122,840원 | 바로 가입하기",기아,K5,2014,K5 2.0,프레스티지,id1,56,남
42,2026-08-31 16:58:39,14로6902,2026-09-26,본인,DB손해보험,"375,720","468,640","92,920","DB손해보험 | 프로미카 다이렉트개인용자동차보험(플랫폼) | 최종 보험료 | 375,720원 | 총 보험료 | 결제 468,640원 | 마일리지 환급 92,920원 | 바로 가입하기",현대,제네시스,2026,제네시스 G80 2.5T(2024년형),2WD,id1,56,남
49,2026-08-31 17:09:44,14로6902,2026-09-26,본인,DB손해보험,"411,970","511,490","99,520","DB손해보험 | 프로미카 다이렉트개인용자동차보험(플랫폼) | 최종 보험료 | 411,970원 | 총 보험료 | 결제 511,490원 | 마일리지 환급 99,520원 | 바로 가입하기",현대,그랜져,2020,그랜져 IG(2019년형),IG240 프리미엄,id1,56,남
56,2026-08-31 17:23:45,14로6902,2026-09-26,본인,DB손해보험,"531,560","683,850","152,290","DB손해보험 | 프로미카 다이렉트개인용자동차보험(플랫폼) | 최종 보험료 | 531,560원 | 총 보험료 | 결제 683,850원 | 마일리지 환급 152,290원 | 바로 가입하기",기아,카니발,2017,"올뉴카니발2.2(디젤,9인승)",프레스티지,id1,56,남
63,2026-08-31 17:36:24,14로6902,2026-09-26,본인,DB손해보험,"529,270","656,240","126,970","DB손해보험 | 프로미카 다이렉트개인용자동차보험(플랫폼) | 최종 보험료 | 529,270원 | 총 보험료 | 결제 656,240원 | 마일리지 환급 126,970원 | 바로 가입하기",기아,스포티지,2014,스포티지R GDI(2WD),럭셔리,id1,56,남
70,2026-08-31 17:48:10,14로6902,2026-09-26,본인,DB손해보험,"543,850","676,880","133,030","DB손해보험 | 프로미카 다이렉트개인용자동차보험(플랫폼) | 최종 보험료 | 543,850원 | 총 보험료 | 결제 676,880원 | 마일리지 환급 133,030원 | 바로 가입하기",벤츠,Mercedes Benz E-Class,2023,New E 250,Avantgarde,id1,56,남
84,2026-08-31 18:14:14,14로6902,2026-09-26,본인,DB손해보험,"555,020","690,010","134,990","DB손해보험 | 프로미카 다이렉트개인용자동차보험(플랫폼) | 최종 보험료 | 555,020원 | 총 보험료 | 결제 690,010원 | 마일리지 환급 134,990원 | 바로 가입하기",현대,아이오닉,2020,더 뉴 아이오닉 플러그인 하이브리드,큐,id1,56,남
91,2026-08-31 18:26:13,14로6902,2026-09-26,본인,DB손해보험,"421,950","526,060","104,110","DB손해보험 | 프로미카 다이렉트개인용자동차보험(플랫폼) | 최종 보험료 | 421,950원 | 총 보험료 | 결제 526,060원 | 마일리지 환급 104,110원 | 바로 가입하기",기아,K9,2025,THE K9 3.8 GDI,플래티넘(AWD),id1,56,남
98,2026-08-31 18:37:40,14로6902,2026-09-26,본인,DB손해보험,"799,480","985,940","186,460","DB손해보험 | 프로미카 다이렉트개인용자동차보험(플랫폼) | 최종 보험료 | 799,480원 | 총 보험료 | 결제 985,940원 | 마일리지 환급 186,460원 | 바로 가입하기",Tesla,Model 3,2026,Model 3,Long Range(2022~),id1,56,남
112,2026-08-31 19:00:46,14로6902,2026-09-26,본인,DB손해보험,"532,160","686,580","154,420","DB손해보험 | 프로미카 다이렉트개인용자동차보험(플랫폼) | 최종 보험료 | 532,160원 | 총 보험료 | 결제 686,580원 | 마일리지 환급 154,420원 | 바로 가입하기",현대,스타리아,2022,스타리아 라운지,리무진(2WD),id1,56,남
7,2026-08-31 15:58:49,14로6902,2026-09-26,본인,KB손해보험,"338,290","455,510","117,220","KB손해보험 | KB다이렉트(플랫폼)개인용자동차보험 | 최종 보험료 | 338,290원 | 총 보험료 | 결제 455,510원 | 마일리지 환급 117,220원 | 바로 가입하기",현대,쏘나타,2026,쏘나타 디 엣지 2.0,프리미엄,id1,56,남
14,2026-08-31 16:10:25,14로6902,2026-09-26,본인,KB손해보험,"333,190","443,510","110,320","KB손해보험 | KB다이렉트(플랫폼)개인용자동차보험 | 최종 보험료 | 333,190원 | 총 보험료 | 결제 443,510원 | 마일리지 환급 110,320원 | 바로 가입하기",현대,캐스퍼,2023,캐스퍼 1.0,스마트,id1,56,남
21,2026-08-31 16:21:38,14로6902,2026-09-26,본인,KB손해보험,"385,140","491,110","105,970","KB손해보험 | KB다이렉트(플랫폼)개인용자동차보험 | 최종 보험료 | 385,140원 | 총 보험료 | 결제 491,110원 | 마일리지 환급 105,970원 | 바로 가입하기",기아,모닝,2020,올뉴 모닝(2017),럭셔리,id1,56,남
28,2026-08-31 16:33:39,14로6902,2026-09-26,본인,KB손해보험,"451,130","577,610","126,480","KB손해보험 | KB다이렉트(플랫폼)개인용자동차보험 | 최종 보험료 | 451,130원 | 총 보험료 | 결제 577,610원 | 마일리지 환급 126,480원 | 바로 가입하기",현대,아반떼,2017,아반떼AD 1.6GDI,밸류플러스,id1,56,남
35,2026-08-31 16:45:21,14로6902,2026-09-26,본인,KB손해보험,"465,100","593,770","128,670","KB손해보험 | KB다이렉트(플랫폼)개인용자동차보험 | 최종 보험료 | 465,100원 | 총 보험료 | 결제 593,770원 | 마일리지 환급 128,670원 | 바로 가입하기",기아,K5,2014,K5 2.0,프레스티지,id1,56,남
42,2026-08-31 16:58:39,14로6902,2026-09-26,본인,KB손해보험,"330,070","444,870","114,800","KB손해보험 | KB다이렉트(플랫폼)개인용자동차보험 | 최종 보험료 | 330,070원 | 총 보험료 | 결제 444,870원 | 마일리지 환급 114,800원 | 바로 가입하기",현대,제네시스,2026,제네시스 G80 2.5T(2024년형),2WD,id1,56,남
49,2026-08-31 17:09:44,14로6902,2026-09-26,본인,KB손해보험,"384,360","491,540","107,180","KB손해보험 | KB다이렉트(플랫폼)개인용자동차보험 | 최종 보험료 | 384,360원 | 총 보험료 | 결제 491,540원 | 마일리지 환급 107,180원 | 바로 가입하기",현대,그랜져,2020,그랜져 IG(2019년형),IG240 프리미엄,id1,56,남
56,2026-08-31 17:23:45,14로6902,2026-09-26,본인,KB손해보험,"484,880","617,380","132,500","KB손해보험 | KB다이렉트(플랫폼)개인용자동차보험 | 최종 보험료 | 484,880원 | 총 보험료 | 결제 617,380원 | 마일리지 환급 132,500원 | 바로 가입하기",기아,카니발,2017,"올뉴카니발2.2(디젤,9인승)",프레스티지,id1,56,남
63,2026-08-31 17:36:24,14로6902,2026-09-26,본인,KB손해보험,"450,030","574,310","124,280","KB손해보험 | KB다이렉트(플랫폼)개인용자동차보험 | 최종 보험료 | 450,030원 | 총 보험료 | 결제 574,310원 | 마일리지 환급 124,280원 | 바로 가입하기",기아,스포티지,2014,스포티지R GDI(2WD),럭셔리,id1,56,남
70,2026-08-31 17:48:10,14로6902,2026-09-26,본인,KB손해보험,"481,780","647,540","165,760","KB손해보험 | KB다이렉트(플랫폼)개인용자동차보험 | 최종 보험료 | 481,780원 | 총 보험료 | 결제 647,540원 | 마일리지 환급 165,760원 | 바로 가입하기",벤츠,Mercedes Benz E-Class,2023,New E 250,Avantgarde,id1,56,남
84,2026-08-31 18:14:14,14로6902,2026-09-26,본인,KB손해보험,"525,740","674,330","148,590","KB손해보험 | KB다이렉트(플랫폼)개인용자동차보험 | 최종 보험료 | 525,740원 | 총 보험료 | 결제 674,330원 | 마일리지 환급 148,590원 | 바로 가입하기",현대,아이오닉,2020,더 뉴 아이오닉 플러그인 하이브리드,큐,id1,56,남
91,2026-08-31 18:26:13,14로6902,2026-09-26,본인,KB손해보험,"350,070","471,330","121,260","KB손해보험 | KB다이렉트(플랫폼)개인용자동차보험 | 최종 보험료 | 350,070원 | 총 보험료 | 결제 471,330원 | 마일리지 환급 121,260원 | 바로 가입하기",기아,K9,2025,THE K9 3.8 GDI,플래티넘(AWD),id1,56,남
98,2026-08-31 18:37:40,14로6902,2026-09-26,본인,KB손해보험,"704,410","979,380","274,970","KB손해보험 | KB다이렉트(플랫폼)개인용자동차보험 | 최종 보험료 | 704,410원 | 총 보험료 | 결제 979,380원 | 마일리지 환급 274,970원 | 바로 가입하기",Tesla,Model 3,2026,Model 3,Long Range(2022~),id1,56,남
112,2026-08-31 19:00:46,14로6902,2026-09-26,본인,KB손해보험,"432,780","577,510","144,730","KB손해보험 | KB다이렉트(플랫폼)개인용자동차보험 | 최종 보험료 | 432,780원 | 총 보험료 | 결제 577,510원 | 마일리지 환급 144,730원 | 바로 가입하기",현대,스타리아,2022,스타리아 라운지,리무진(2WD),id1,56,남
7,2026-08-31 15:58:49,14로6902,2026-09-26,본인,롯데손해보험,"355,900","425,050","69,150","롯데손해보험 | let:click 개인용자동차보험(인터넷) | 최종 보험료 | 355,900원 | 총 보험료 | 결제 425,050원 | 마일리지 환급 69,150원 | 바로 가입하기",현대,쏘나타,2026,쏘나타 디 엣지 2.0,프리미엄,id1,56,남
14,2026-08-31 16:10:25,14로6902,2026-09-26,본인,롯데손해보험,"329,610","391,940","62,330","롯데손해보험 | let:click 개인용자동차보험(인터넷) | 최종 보험료 | 329,610원 | 총 보험료 | 결제 391,940원 | 마일리지 환급 62,330원 | 바로 가입하기",현대,캐스퍼,2023,캐스퍼 1.0,스마트,id1,56,남
21,2026-08-31 16:21:38,14로6902,2026-09-26,본인,롯데손해보험,"386,920","459,190","72,270","롯데손해보험 | let:click 개인용자동차보험(인터넷) | 최종 보험료 | 386,920원 | 총 보험료 | 결제 459,190원 | 마일리지 환급 72,270원 | 바로 가입하기",기아,모닝,2020,올뉴 모닝(2017),럭셔리,id1,56,남
28,2026-08-31 16:33:39,14로6902,2026-09-26,본인,롯데손해보험,"506,060","602,030","95,970","롯데손해보험 | let:click 개인용자동차보험(인터넷) | 최종 보험료 | 506,060원 | 총 보험료 | 결제 602,030원 | 마일리지 환급 95,970원 | 바로 가입하기",현대,아반떼,2017,아반떼AD 1.6GDI,밸류플러스,id1,56,남
35,2026-08-31 16:45:21,14로6902,2026-09-26,본인,롯데손해보험,"429,250","509,470","80,220","롯데손해보험 | let:click 개인용자동차보험(인터넷) | 최종 보험료 | 429,250원 | 총 보험료 | 결제 509,470원 | 마일리지 환급 80,220원 | 바로 가입하기",기아,K5,2014,K5 2.0,프레스티지,id1,56,남
42,2026-08-31 16:58:39,14로6902,2026-09-26,본인,롯데손해보험,"351,390","419,570","68,180","롯데손해보험 | let:click 개인용자동차보험(인터넷) | 최종 보험료 | 351,390원 | 총 보험료 | 결제 419,570원 | 마일리지 환급 68,180원 | 바로 가입하기",현대,제네시스,2026,제네시스 G80 2.5T(2024년형),2WD,id1,56,남
49,2026-08-31 17:09:44,14로6902,2026-09-26,본인,롯데손해보험,"374,100","443,780","69,680","롯데손해보험 | let:click 개인용자동차보험(인터넷) | 최종 보험료 | 374,100원 | 총 보험료 | 결제 443,780원 | 마일리지 환급 69,680원 | 바로 가입하기",현대,그랜져,2020,그랜져 IG(2019년형),IG240 프리미엄,id1,56,남
56,2026-08-31 17:23:45,14로6902,2026-09-26,본인,롯데손해보험,"426,190","505,700","79,510","롯데손해보험 | let:click 개인용자동차보험(인터넷) | 최종 보험료 | 426,190원 | 총 보험료 | 결제 505,700원 | 마일리지 환급 79,510원 | 바로 가입하기",기아,카니발,2017,"올뉴카니발2.2(디젤,9인승)",프레스티지,id1,56,남
63,2026-08-31 17:36:24,14로6902,2026-09-26,본인,롯데손해보험,"405,410","480,740","75,330","롯데손해보험 | let:click 개인용자동차보험(인터넷) | 최종 보험료 | 405,410원 | 총 보험료 | 결제 480,740원 | 마일리지 환급 75,330원 | 바로 가입하기",기아,스포티지,2014,스포티지R GDI(2WD),럭셔리,id1,56,남
70,2026-08-31 17:48:10,14로6902,2026-09-26,본인,롯데손해보험,"483,880","577,780","93,900","롯데손해보험 | let:click 개인용자동차보험(인터넷) | 최종 보험료 | 483,880원 | 총 보험료 | 결제 577,780원 | 마일리지 환급 93,900원 | 바로 가입하기",벤츠,Mercedes Benz E-Class,2023,New E 250,Avantgarde,id1,56,남
84,2026-08-31 18:14:14,14로6902,2026-09-26,본인,롯데손해보험,"481,370","573,040","91,670","롯데손해보험 | let:click 개인용자동차보험(인터넷) | 최종 보험료 | 481,370원 | 총 보험료 | 결제 573,040원 | 마일리지 환급 91,670원 | 바로 가입하기",현대,아이오닉,2020,더 뉴 아이오닉 플러그인 하이브리드,큐,id1,56,남
91,2026-08-31 18:26:13,14로6902,2026-09-26,본인,롯데손해보험,"349,550","417,360","67,810","롯데손해보험 | let:click 개인용자동차보험(인터넷) | 최종 보험료 | 349,550원 | 총 보험료 | 결제 417,360원 | 마일리지 환급 67,810원 | 바로 가입하기",기아,K9,2025,THE K9 3.8 GDI,플래티넘(AWD),id1,56,남
112,2026-08-31 19:00:46,14로6902,2026-09-26,본인,롯데손해보험,"392,540","467,650","75,110","롯데손해보험 | let:click 개인용자동차보험(인터넷) | 최종 보험료 | 392,540원 | 총 보험료 | 결제 467,650원 | 마일리지 환급 75,110원 | 바로 가입하기",현대,스타리아,2022,스타리아 라운지,리무진(2WD),id1,56,남
14,2026-08-31 16:10:25,14로6902,2026-09-26,본인,메리츠화재,"286,830","406,180","119,350","메리츠화재 | 메리츠화재 다이렉트 자동차보험(CM) | 최종 보험료 | 286,830원 | 총 보험료 | 결제 406,180원 | 마일리지 환급 119,350원 | 바로 가입하기",현대,캐스퍼,2023,캐스퍼 1.0,스마트,id1,56,남
21,2026-08-31 16:21:38,14로6902,2026-09-26,본인,메리츠화재,"339,960","479,730","139,770","메리츠화재 | 메리츠화재 다이렉트 자동차보험(CM) | 최종 보험료 | 339,960원 | 총 보험료 | 결제 479,730원 | 마일리지 환급 139,770원 | 바로 가입하기",기아,모닝,2020,올뉴 모닝(2017),럭셔리,id1,56,남
28,2026-08-31 16:33:39,14로6902,2026-09-26,본인,메리츠화재,"358,180","509,010","150,830","메리츠화재 | 메리츠화재 다이렉트 자동차보험(CM) | 최종 보험료 | 358,180원 | 총 보험료 | 결제 509,010원 | 마일리지 환급 150,830원 | 바로 가입하기",현대,아반떼,2017,아반떼AD 1.6GDI,밸류플러스,id1,56,남
35,2026-08-31 16:45:21,14로6902,2026-09-26,본인,메리츠화재,"358,120","506,540","148,420","메리츠화재 | 메리츠화재 다이렉트 자동차보험(CM) | 최종 보험료 | 358,120원 | 총 보험료 | 결제 506,540원 | 마일리지 환급 148,420원 | 바로 가입하기",기아,K5,2014,K5 2.0,프레스티지,id1,56,남
42,2026-08-31 16:58:39,14로6902,2026-09-26,본인,메리츠화재,"280,470","403,260","122,790","메리츠화재 | 메리츠화재 다이렉트 자동차보험(CM) | 최종 보험료 | 280,470원 | 총 보험료 | 결제 403,260원 | 마일리지 환급 122,790원 | 바로 가입하기",현대,제네시스,2026,제네시스 G80 2.5T(2024년형),2WD,id1,56,남
49,2026-08-31 17:09:44,14로6902,2026-09-26,본인,메리츠화재,"326,980","465,010","138,030","메리츠화재 | 메리츠화재 다이렉트 자동차보험(CM) | 최종 보험료 | 326,980원 | 총 보험료 | 결제 465,010원 | 마일리지 환급 138,030원 | 바로 가입하기",현대,그랜져,2020,그랜져 IG(2019년형),IG240 프리미엄,id1,56,남
56,2026-08-31 17:23:45,14로6902,2026-09-26,본인,메리츠화재,"396,810","561,030","164,220","메리츠화재 | 메리츠화재 다이렉트 자동차보험(CM) | 최종 보험료 | 396,810원 | 총 보험료 | 결제 561,030원 | 마일리지 환급 164,220원 | 바로 가입하기",기아,카니발,2017,"올뉴카니발2.2(디젤,9인승)",프레스티지,id1,56,남
63,2026-08-31 17:36:24,14로6902,2026-09-26,본인,메리츠화재,"369,470","522,990","153,520","메리츠화재 | 메리츠화재 다이렉트 자동차보험(CM) | 최종 보험료 | 369,470원 | 총 보험료 | 결제 522,990원 | 마일리지 환급 153,520원 | 바로 가입하기",기아,스포티지,2014,스포티지R GDI(2WD),럭셔리,id1,56,남
70,2026-08-31 17:48:10,14로6902,2026-09-26,본인,메리츠화재,"449,710","645,920","196,210","메리츠화재 | 메리츠화재 다이렉트 자동차보험(CM) | 최종 보험료 | 449,710원 | 총 보험료 | 결제 645,920원 | 마일리지 환급 196,210원 | 바로 가입하기",벤츠,Mercedes Benz E-Class,2023,New E 250,Avantgarde,id1,56,남
84,2026-08-31 18:14:14,14로6902,2026-09-26,본인,메리츠화재,"437,610","626,520","188,910","메리츠화재 | 메리츠화재 다이렉트 자동차보험(CM) | 최종 보험료 | 437,610원 | 총 보험료 | 결제 626,520원 | 마일리지 환급 188,910원 | 바로 가입하기",현대,아이오닉,2020,더 뉴 아이오닉 플러그인 하이브리드,큐,id1,56,남
91,2026-08-31 18:26:13,14로6902,2026-09-26,본인,메리츠화재,"318,770","458,140","139,370","메리츠화재 | 메리츠화재 다이렉트 자동차보험(CM) | 최종 보험료 | 318,770원 | 총 보험료 | 결제 458,140원 | 마일리지 환급 139,370원 | 바로 가입하기",기아,K9,2025,THE K9 3.8 GDI,플래티넘(AWD),id1,56,남
98,2026-08-31 18:37:40,14로6902,2026-09-26,본인,메리츠화재,"720,050","1,041,140","321,090","메리츠화재 | 메리츠화재 다이렉트 자동차보험(CM) | 최종 보험료 | 720,050원 | 총 보험료 | 결제 1,041,140원 | 마일리지 환급 321,090원 | 바로 가입하기",Tesla,Model 3,2026,Model 3,Long Range(2022~),id1,56,남
112,2026-08-31 19:00:46,14로6902,2026-09-26,본인,메리츠화재,"348,660","495,640","146,980","메리츠화재 | 메리츠화재 다이렉트 자동차보험(CM) | 최종 보험료 | 348,660원 | 총 보험료 | 결제 495,640원 | 마일리지 환급 146,980원 | 바로 가입하기",현대,스타리아,2022,스타리아 라운지,리무진(2WD),id1,56,남
7,2026-08-31 15:58:49,14로6902,2026-09-26,본인,삼성화재,"384,570","467,180","82,610","삼성화재 | 개인용애니카다이렉트자동차보험(플랫폼) | 최종 보험료 | 384,570원 | 총 보험료 | 결제 467,180원 | 마일리지 환급 82,610원 | 바로 가입하기",현대,쏘나타,2026,쏘나타 디 엣지 2.0,프리미엄,id1,56,남
14,2026-08-31 16:10:25,14로6902,2026-09-26,본인,삼성화재,"360,430","434,910","74,480","삼성화재 | 개인용애니카다이렉트자동차보험(플랫폼) | 최종 보험료 | 360,430원 | 총 보험료 | 결제 434,910원 | 마일리지 환급 74,480원 | 바로 가입하기",현대,캐스퍼,2023,캐스퍼 1.0,스마트,id1,56,남
21,2026-08-31 16:21:38,14로6902,2026-09-26,본인,삼성화재,"423,450","511,590","88,140","삼성화재 | 개인용애니카다이렉트자동차보험(플랫폼) | 최종 보험료 | 423,450원 | 총 보험료 | 결제 511,590원 | 마일리지 환급 88,140원 | 바로 가입하기",기아,모닝,2020,올뉴 모닝(2017),럭셔리,id1,56,남
28,2026-08-31 16:33:39,14로6902,2026-09-26,본인,삼성화재,"498,280","603,650","105,370","삼성화재 | 개인용애니카다이렉트자동차보험(플랫폼) | 최종 보험료 | 498,280원 | 총 보험료 | 결제 603,650원 | 마일리지 환급 105,370원 | 바로 가입하기",현대,아반떼,2017,아반떼AD 1.6GDI,밸류플러스,id1,56,남
35,2026-08-31 16:45:21,14로6902,2026-09-26,본인,삼성화재,"491,160","593,960","102,800","삼성화재 | 개인용애니카다이렉트자동차보험(플랫폼) | 최종 보험료 | 491,160원 | 총 보험료 | 결제 593,960원 | 마일리지 환급 102,800원 | 바로 가입하기",기아,K5,2014,K5 2.0,프레스티지,id1,56,남
42,2026-08-31 16:58:39,14로6902,2026-09-26,본인,삼성화재,"361,510","439,440","77,930","삼성화재 | 개인용애니카다이렉트자동차보험(플랫폼) | 최종 보험료 | 361,510원 | 총 보험료 | 결제 439,440원 | 마일리지 환급 77,930원 | 바로 가입하기",현대,제네시스,2026,제네시스 G80 2.5T(2024년형),2WD,id1,56,남
49,2026-08-31 17:09:44,14로6902,2026-09-26,본인,삼성화재,"382,200","463,060","80,860","삼성화재 | 개인용애니카다이렉트자동차보험(플랫폼) | 최종 보험료 | 382,200원 | 총 보험료 | 결제 463,060원 | 마일리지 환급 80,860원 | 바로 가입하기",현대,그랜져,2020,그랜져 IG(2019년형),IG240 프리미엄,id1,56,남
56,2026-08-31 17:23:45,14로6902,2026-09-26,본인,삼성화재,"523,780","632,960","109,180","삼성화재 | 개인용애니카다이렉트자동차보험(플랫폼) | 최종 보험료 | 523,780원 | 총 보험료 | 결제 632,960원 | 마일리지 환급 109,180원 | 바로 가입하기",기아,카니발,2017,"올뉴카니발2.2(디젤,9인승)",프레스티지,id1,56,남
63,2026-08-31 17:36:24,14로6902,2026-09-26,본인,삼성화재,"514,350","622,240","107,890","삼성화재 | 개인용애니카다이렉트자동차보험(플랫폼) | 최종 보험료 | 514,350원 | 총 보험료 | 결제 622,240원 | 마일리지 환급 107,890원 | 바로 가입하기",기아,스포티지,2014,스포티지R GDI(2WD),럭셔리,id1,56,남
70,2026-08-31 17:48:10,14로6902,2026-09-26,본인,삼성화재,"523,050","634,970","111,920","삼성화재 | 개인용애니카다이렉트자동차보험(플랫폼) | 최종 보험료 | 523,050원 | 총 보험료 | 결제 634,970원 | 마일리지 환급 111,920원 | 바로 가입하기",벤츠,Mercedes Benz E-Class,2023,New E 250,Avantgarde,id1,56,남
84,2026-08-31 18:14:14,14로6902,2026-09-26,본인,삼성화재,"597,830","725,430","127,600","삼성화재 | 개인용애니카다이렉트자동차보험(플랫폼) | 최종 보험료 | 597,830원 | 총 보험료 | 결제 725,430원 | 마일리지 환급 127,600원 | 바로 가입하기",현대,아이오닉,2020,더 뉴 아이오닉 플러그인 하이브리드,큐,id1,56,남
91,2026-08-31 18:26:13,14로6902,2026-09-26,본인,삼성화재,"374,620","454,760","80,140","삼성화재 | 개인용애니카다이렉트자동차보험(플랫폼) | 최종 보험료 | 374,620원 | 총 보험료 | 결제 454,760원 | 마일리지 환급 80,140원 | 바로 가입하기",기아,K9,2025,THE K9 3.8 GDI,플래티넘(AWD),id1,56,남
98,2026-08-31 18:37:40,14로6902,2026-09-26,본인,삼성화재,"815,130","1,041,590","226,460","삼성화재 | 개인용애니카다이렉트자동차보험(플랫폼) | 최종 보험료 | 815,130원 | 총 보험료 | 결제 1,041,590원 | 마일리지 환급 226,460원 | 바로 가입하기",Tesla,Model 3,2026,Model 3,Long Range(2022~),id1,56,남
112,2026-08-31 19:00:46,14로6902,2026-09-26,본인,삼성화재,"483,350","584,430","101,080","삼성화재 | 개인용애니카다이렉트자동차보험(플랫폼) | 최종 보험료 | 483,350원 | 총 보험료 | 결제 584,430원 | 마일리지 환급 101,080원 | 바로 가입하기",현대,스타리아,2022,스타리아 라운지,리무진(2WD),id1,56,남
7,2026-08-31 15:58:49,14로6902,2026-09-26,본인,하나손해보험,"358,280","466,460","108,180","하나손해보험 | 하나 다이렉트 자동차보험 | 최종 보험료 | 358,280원 | 총 보험료 | 결제 466,460원 | 마일리지 환급 108,180원 | 마일리지 선할인 103,620원 | 바로 가입하기",현대,쏘나타,2026,쏘나타 디 엣지 2.0,프리미엄,id1,56,남
14,2026-08-31 16:10:25,14로6902,2026-09-26,본인,하나손해보험,"334,450","432,110","97,660","하나손해보험 | 하나 다이렉트 자동차보험 | 최종 보험료 | 334,450원 | 총 보험료 | 결제 432,110원 | 마일리지 환급 97,660원 | 마일리지 선할인 93,540원 | 바로 가입하기",현대,캐스퍼,2023,캐스퍼 1.0,스마트,id1,56,남
21,2026-08-31 16:21:38,14로6902,2026-09-26,본인,하나손해보험,"394,520","508,130","113,610","하나손해보험 | 하나 다이렉트 자동차보험 | 최종 보험료 | 394,520원 | 총 보험료 | 결제 508,130원 | 마일리지 환급 113,610원 | 마일리지 선할인 108,820원 | 바로 가입하기",기아,모닝,2020,올뉴 모닝(2017),럭셔리,id1,56,남
28,2026-08-31 16:33:39,14로6902,2026-09-26,본인,하나손해보험,"437,390","564,320","126,930","하나손해보험 | 하나 다이렉트 자동차보험 | 최종 보험료 | 437,390원 | 총 보험료 | 결제 564,320원 | 마일리지 환급 126,930원 | 마일리지 선할인 121,570원 | 바로 가입하기",현대,아반떼,2017,아반떼AD 1.6GDI,밸류플러스,id1,56,남
35,2026-08-31 16:45:21,14로6902,2026-09-26,본인,하나손해보험,"454,430","587,530","133,100","하나손해보험 | 하나 다이렉트 자동차보험 | 최종 보험료 | 454,430원 | 총 보험료 | 결제 587,530원 | 마일리지 환급 133,100원 | 마일리지 선할인 127,480원 | 바로 가입하기",기아,K5,2014,K5 2.0,프레스티지,id1,56,남
42,2026-08-31 16:58:39,14로6902,2026-09-26,본인,하나손해보험,"337,510","439,240","101,730","하나손해보험 | 하나 다이렉트 자동차보험 | 최종 보험료 | 337,510원 | 총 보험료 | 결제 439,240원 | 마일리지 환급 101,730원 | 마일리지 선할인 97,440원 | 바로 가입하기",현대,제네시스,2026,제네시스 G80 2.5T(2024년형),2WD,id1,56,남
49,2026-08-31 17:09:44,14로6902,2026-09-26,본인,하나손해보험,"406,510","524,720","118,210","하나손해보험 | 하나 다이렉트 자동차보험 | 최종 보험료 | 406,510원 | 총 보험료 | 결제 524,720원 | 마일리지 환급 118,210원 | 마일리지 선할인 113,230원 | 바로 가입하기",현대,그랜져,2020,그랜져 IG(2019년형),IG240 프리미엄,id1,56,남
56,2026-08-31 17:23:45,14로6902,2026-09-26,본인,하나손해보험,"501,110","647,550","146,440","하나손해보험 | 하나 다이렉트 자동차보험 | 최종 보험료 | 501,110원 | 총 보험료 | 결제 647,550원 | 마일리지 환급 146,440원 | 마일리지 선할인 140,260원 | 바로 가입하기",기아,카니발,2017,"올뉴카니발2.2(디젤,9인승)",프레스티지,id1,56,남
63,2026-08-31 17:36:24,14로6902,2026-09-26,본인,하나손해보험,"468,300","605,710","137,410","하나손해보험 | 하나 다이렉트 자동차보험 | 최종 보험료 | 468,300원 | 총 보험료 | 결제 605,710원 | 마일리지 환급 137,410원 | 마일리지 선할인 131,610원 | 바로 가입하기",기아,스포티지,2014,스포티지R GDI(2WD),럭셔리,id1,56,남
70,2026-08-31 17:48:10,14로6902,2026-09-26,본인,하나손해보험,"514,520","669,180","154,660","하나손해보험 | 하나 다이렉트 자동차보험 | 최종 보험료 | 514,520원 | 총 보험료 | 결제 669,180원 | 마일리지 환급 154,660원 | 마일리지 선할인 148,140원 | 바로 가입하기",벤츠,Mercedes Benz E-Class,2023,New E 250,Avantgarde,id1,56,남
84,2026-08-31 18:14:14,14로6902,2026-09-26,본인,하나손해보험,"495,330","654,190","158,860","하나손해보험 | 하나 다이렉트 자동차보험 | 최종 보험료 | 495,330원 | 총 보험료 | 결제 654,190원 | 마일리지 환급 158,860원 | 마일리지 선할인 152,600원 | 바로 가입하기",현대,아이오닉,2020,더 뉴 아이오닉 플러그인 하이브리드,큐,id1,56,남
91,2026-08-31 18:26:13,14로6902,2026-09-26,본인,하나손해보험,"424,600","553,380","128,780","하나손해보험 | 하나 다이렉트 자동차보험 | 최종 보험료 | 424,600원 | 총 보험료 | 결제 553,380원 | 마일리지 환급 128,780원 | 마일리지 선할인 123,350원 | 바로 가입하기",기아,K9,2025,THE K9 3.8 GDI,플래티넘(AWD),id1,56,남
98,2026-08-31 18:37:40,14로6902,2026-09-26,본인,하나손해보험,"802,180","1,071,910","269,730","하나손해보험 | 하나 다이렉트 자동차보험 | 최종 보험료 | 802,180원 | 총 보험료 | 결제 1,071,910원 | 마일리지 환급 269,730원 | 마일리지 선할인 259,110원 | 바로 가입하기",Tesla,Model 3,2026,Model 3,Long Range(2022~),id1,56,남
112,2026-08-31 19:00:46,14로6902,2026-09-26,본인,하나손해보험,"444,790","576,820","132,030","하나손해보험 | 하나 다이렉트 자동차보험 | 최종 보험료 | 444,790원 | 총 보험료 | 결제 576,820원 | 마일리지 환급 132,030원 | 마일리지 선할인 126,460원 | 바로 가입하기",현대,스타리아,2022,스타리아 라운지,리무진(2WD),id1,56,남
7,2026-08-31 15:58:49,14로6902,2026-09-26,본인,한화손보,"414,870","516,950","102,080","한화손보 | 캐롯 자동차보험 | 최종 보험료 | 414,870원 | 총 보험료 | 결제 516,950원 | 마일리지 환급 102,080원 | 월 납입 시 62,810원 | 바로 가입하기",현대,쏘나타,2026,쏘나타 디 엣지 2.0,프리미엄,id1,56,남
14,2026-08-31 16:10:25,14로6902,2026-09-26,본인,한화손보,"369,580","400,000","30,420","한화손보 | 캐롯 자동차보험 | 최종 보험료 | 369,580원 | 총 보험료 | 결제 400,000원 | 마일리지 환급 30,420원 | 월 납입 시 72,600원 | 바로 가입하기",현대,캐스퍼,2023,캐스퍼 1.0,스마트,id1,56,남
21,2026-08-31 16:21:38,14로6902,2026-09-26,본인,한화손보,"427,260","462,270","35,010","한화손보 | 캐롯 자동차보험 | 최종 보험료 | 427,260원 | 총 보험료 | 결제 462,270원 | 마일리지 환급 35,010원 | 월 납입 시 85,530원 | 바로 가입하기",기아,모닝,2020,올뉴 모닝(2017),럭셔리,id1,56,남
28,2026-08-31 16:33:39,14로6902,2026-09-26,본인,한화손보,"494,770","536,440","41,670","한화손보 | 캐롯 자동차보험 | 최종 보험료 | 494,770원 | 총 보험료 | 결제 536,440원 | 마일리지 환급 41,670원 | 월 납입 시 88,070원 | 바로 가입하기",현대,아반떼,2017,아반떼AD 1.6GDI,밸류플러스,id1,56,남
35,2026-08-31 16:45:21,14로6902,2026-09-26,본인,한화손보,"524,420","568,840","44,420","한화손보 | 캐롯 자동차보험 | 최종 보험료 | 524,420원 | 총 보험료 | 결제 568,840원 | 마일리지 환급 44,420원 | 월 납입 시 90,760원 | 바로 가입하기",기아,K5,2014,K5 2.0,프레스티지,id1,56,남
42,2026-08-31 16:58:39,14로6902,2026-09-26,본인,한화손보,"364,330","453,790","89,460","한화손보 | 캐롯 자동차보험 | 최종 보험료 | 364,330원 | 총 보험료 | 결제 453,790원 | 마일리지 환급 89,460원 | 월 납입 시 55,760원 | 바로 가입하기",현대,제네시스,2026,제네시스 G80 2.5T(2024년형),2WD,id1,56,남
49,2026-08-31 17:09:44,14로6902,2026-09-26,본인,한화손보,"431,720","468,000","36,280","한화손보 | 캐롯 자동차보험 | 최종 보험료 | 431,720원 | 총 보험료 | 결제 468,000원 | 마일리지 환급 36,280원 | 월 납입 시 77,580원 | 바로 가입하기",현대,그랜져,2020,그랜져 IG(2019년형),IG240 프리미엄,id1,56,남
56,2026-08-31 17:23:45,14로6902,2026-09-26,본인,한화손보,"526,830","571,300","44,470","한화손보 | 캐롯 자동차보험 | 최종 보험료 | 526,830원 | 총 보험료 | 결제 571,300원 | 마일리지 환급 44,470원 | 월 납입 시 92,680원 | 바로 가입하기",기아,카니발,2017,"올뉴카니발2.2(디젤,9인승)",프레스티지,id1,56,남
63,2026-08-31 17:36:24,14로6902,2026-09-26,본인,한화손보,"525,980","570,540","44,560","한화손보 | 캐롯 자동차보험 | 최종 보험료 | 525,980원 | 총 보험료 | 결제 570,540원 | 마일리지 환급 44,560원 | 월 납입 시 91,020원 | 바로 가입하기",기아,스포티지,2014,스포티지R GDI(2WD),럭셔리,id1,56,남
70,2026-08-31 17:48:10,14로6902,2026-09-26,본인,한화손보,"521,140","565,830","44,690","한화손보 | 캐롯 자동차보험 | 최종 보험료 | 521,140원 | 총 보험료 | 결제 565,830원 | 마일리지 환급 44,690원 | 월 납입 시 84,660원 | 바로 가입하기",벤츠,Mercedes Benz E-Class,2023,New E 250,Avantgarde,id1,56,남
84,2026-08-31 18:14:14,14로6902,2026-09-26,본인,한화손보,"522,540","566,670","44,130","한화손보 | 캐롯 자동차보험 | 최종 보험료 | 522,540원 | 총 보험료 | 결제 566,670원 | 마일리지 환급 44,130원 | 월 납입 시 91,660원 | 바로 가입하기",현대,아이오닉,2020,더 뉴 아이오닉 플러그인 하이브리드,큐,id1,56,남
91,2026-08-31 18:26:13,14로6902,2026-09-26,본인,한화손보,"406,390","441,620","35,230","한화손보 | 캐롯 자동차보험 | 최종 보험료 | 406,390원 | 총 보험료 | 결제 441,620원 | 마일리지 환급 35,230원 | 월 납입 시 62,330원 | 바로 가입하기",기아,K9,2025,THE K9 3.8 GDI,플래티넘(AWD),id1,56,남
98,2026-08-31 18:37:40,14로6902,2026-09-26,본인,한화손보,"920,050","1,148,720","228,670","한화손보 | 캐롯 자동차보험 | 최종 보험료 | 920,050원 | 총 보험료 | 결제 1,148,720원 | 마일리지 환급 228,670원 | 월 납입 시 131,010원 | 바로 가입하기",Tesla,Model 3,2026,Model 3,Long Range(2022~),id1,56,남
112,2026-08-31 19:00:46,14로6902,2026-09-26,본인,한화손보,"509,330","552,870","43,540","한화손보 | 캐롯 자동차보험 | 최종 보험료 | 509,330원 | 총 보험료 | 결제 552,870원 | 마일리지 환급 43,540원 | 월 납입 시 84,150원 | 바로 가입하기",현대,스타리아,2022,스타리아 라운지,리무진(2WD),id1,56,남
7,2026-08-31 15:58:49,14로6902,2026-09-26,본인,현대해상,"330,600","455,730","125,130","현대해상 | Hicar 다이렉트 개인용자동차보험(플랫폼) | 최종 보험료 | 330,600원 | 총 보험료 | 결제 455,730원 | 마일리지 환급 125,130원 | 바로 가입하기",현대,쏘나타,2026,쏘나타 디 엣지 2.0,프리미엄,id1,56,남
14,2026-08-31 16:10:25,14로6902,2026-09-26,본인,현대해상,"346,520","472,410","125,890","현대해상 | Hicar 다이렉트 개인용자동차보험(플랫폼) | 최종 보험료 | 346,520원 | 총 보험료 | 결제 472,410원 | 마일리지 환급 125,890원 | 바로 가입하기",현대,캐스퍼,2023,캐스퍼 1.0,스마트,id1,56,남
21,2026-08-31 16:21:38,14로6902,2026-09-26,본인,현대해상,"392,480","526,590","134,110","현대해상 | Hicar 다이렉트 개인용자동차보험(플랫폼) | 최종 보험료 | 392,480원 | 총 보험료 | 결제 526,590원 | 마일리지 환급 134,110원 | 바로 가입하기",기아,모닝,2020,올뉴 모닝(2017),럭셔리,id1,56,남
28,2026-08-31 16:33:39,14로6902,2026-09-26,본인,현대해상,"444,340","598,700","154,360","현대해상 | Hicar 다이렉트 개인용자동차보험(플랫폼) | 최종 보험료 | 444,340원 | 총 보험료 | 결제 598,700원 | 마일리지 환급 154,360원 | 바로 가입하기",현대,아반떼,2017,아반떼AD 1.6GDI,밸류플러스,id1,56,남
35,2026-08-31 16:45:21,14로6902,2026-09-26,본인,현대해상,"444,710","599,180","154,470","현대해상 | Hicar 다이렉트 개인용자동차보험(플랫폼) | 최종 보험료 | 444,710원 | 총 보험료 | 결제 599,180원 | 마일리지 환급 154,470원 | 바로 가입하기",기아,K5,2014,K5 2.0,프레스티지,id1,56,남
42,2026-08-31 16:58:39,14로6902,2026-09-26,본인,현대해상,"297,490","409,750","112,260","현대해상 | Hicar 다이렉트 개인용자동차보험(플랫폼) | 최종 보험료 | 297,490원 | 총 보험료 | 결제 409,750원 | 마일리지 환급 112,260원 | 바로 가입하기",현대,제네시스,2026,제네시스 G80 2.5T(2024년형),2WD,id1,56,남
49,2026-08-31 17:09:44,14로6902,2026-09-26,본인,현대해상,"325,260","437,640","112,380","현대해상 | Hicar 다이렉트 개인용자동차보험(플랫폼) | 최종 보험료 | 325,260원 | 총 보험료 | 결제 437,640원 | 마일리지 환급 112,380원 | 바로 가입하기",현대,그랜져,2020,그랜져 IG(2019년형),IG240 프리미엄,id1,56,남
56,2026-08-31 17:23:45,14로6902,2026-09-26,본인,현대해상,"381,310","510,830","129,520","현대해상 | Hicar 다이렉트 개인용자동차보험(플랫폼) | 최종 보험료 | 381,310원 | 총 보험료 | 결제 510,830원 | 마일리지 환급 129,520원 | 바로 가입하기",기아,카니발,2017,"올뉴카니발2.2(디젤,9인승)",프레스티지,id1,56,남
63,2026-08-31 17:36:24,14로6902,2026-09-26,본인,현대해상,"456,470","615,290","158,820","현대해상 | Hicar 다이렉트 개인용자동차보험(플랫폼) | 최종 보험료 | 456,470원 | 총 보험료 | 결제 615,290원 | 마일리지 환급 158,820원 | 바로 가입하기",기아,스포티지,2014,스포티지R GDI(2WD),럭셔리,id1,56,남
84,2026-08-31 18:14:14,14로6902,2026-09-26,본인,현대해상,"432,640","584,900","152,260","현대해상 | Hicar 다이렉트 개인용자동차보험(플랫폼) | 최종 보험료 | 432,640원 | 총 보험료 | 결제 584,900원 | 마일리지 환급 152,260원 | 바로 가입하기",현대,아이오닉,2020,더 뉴 아이오닉 플러그인 하이브리드,큐,id1,56,남
91,2026-08-31 18:26:13,14로6902,2026-09-26,본인,현대해상,"309,230","426,060","116,830","현대해상 | Hicar 다이렉트 개인용자동차보험(플랫폼) | 최종 보험료 | 309,230원 | 총 보험료 | 결제 426,060원 | 마일리지 환급 116,830원 | 바로 가입하기",기아,K9,2025,THE K9 3.8 GDI,플래티넘(AWD),id1,56,남
98,2026-08-31 18:37:40,14로6902,2026-09-26,본인,현대해상,"703,360","959,820","256,460","현대해상 | Hicar 다이렉트 개인용자동차보험(플랫폼) | 최종 보험료 | 703,360원 | 총 보험료 | 결제 959,820원 | 마일리지 환급 256,460원 | 바로 가입하기",Tesla,Model 3,2026,Model 3,Long Range(2022~),id1,56,남
112,2026-08-31 19:00:46,14로6902,2026-09-26,본인,현대해상,"308,990","425,100","116,110","현대해상 | Hicar 다이렉트 개인용자동차보험(플랫폼) | 최종 보험료 | 308,990원 | 총 보험료 | 결제 425,100원 | 마일리지 환급 116,110원 | 바로 가입하기",현대,스타리아,2022,스타리아 라운지,리무진(2WD),id1,56,남
7,2026-08-31 15:58:49,14로6902,2026-09-26,본인,흥국화재,"344,130","456,710","112,580","흥국화재 | 흥국다이렉트개인용자동차보험(CM) | 최종 보험료 | 344,130원 | 총 보험료 | 결제 456,710원 | 마일리지 환급 112,580원 | 바로 가입하기",현대,쏘나타,2026,쏘나타 디 엣지 2.0,프리미엄,id1,56,남
14,2026-08-31 16:10:25,14로6902,2026-09-26,본인,흥국화재,"320,610","410,090","89,480","흥국화재 | 흥국다이렉트개인용자동차보험(CM) | 최종 보험료 | 320,610원 | 총 보험료 | 결제 410,090원 | 마일리지 환급 89,480원 | 바로 가입하기",현대,캐스퍼,2023,캐스퍼 1.0,스마트,id1,56,남
21,2026-08-31 16:21:38,14로6902,2026-09-26,본인,흥국화재,"394,170","504,600","110,430","흥국화재 | 흥국다이렉트개인용자동차보험(CM) | 최종 보험료 | 394,170원 | 총 보험료 | 결제 504,600원 | 마일리지 환급 110,430원 | 바로 가입하기",기아,모닝,2020,올뉴 모닝(2017),럭셔리,id1,56,남
28,2026-08-31 16:33:39,14로6902,2026-09-26,본인,흥국화재,"483,180","620,580","137,400","흥국화재 | 흥국다이렉트개인용자동차보험(CM) | 최종 보험료 | 483,180원 | 총 보험료 | 결제 620,580원 | 마일리지 환급 137,400원 | 바로 가입하기",현대,아반떼,2017,아반떼AD 1.6GDI,밸류플러스,id1,56,남
35,2026-08-31 16:45:21,14로6902,2026-09-26,본인,흥국화재,"460,660","606,540","145,880","흥국화재 | 흥국다이렉트개인용자동차보험(CM) | 최종 보험료 | 460,660원 | 총 보험료 | 결제 606,540원 | 마일리지 환급 145,880원 | 바로 가입하기",기아,K5,2014,K5 2.0,프레스티지,id1,56,남
42,2026-08-31 16:58:39,14로6902,2026-09-26,본인,흥국화재,"325,570","432,200","106,630","흥국화재 | 흥국다이렉트개인용자동차보험(CM) | 최종 보험료 | 325,570원 | 총 보험료 | 결제 432,200원 | 마일리지 환급 106,630원 | 바로 가입하기",현대,제네시스,2026,제네시스 G80 2.5T(2024년형),2WD,id1,56,남
49,2026-08-31 17:09:44,14로6902,2026-09-26,본인,흥국화재,"381,070","501,910","120,840","흥국화재 | 흥국다이렉트개인용자동차보험(CM) | 최종 보험료 | 381,070원 | 총 보험료 | 결제 501,910원 | 마일리지 환급 120,840원 | 바로 가입하기",현대,그랜져,2020,그랜져 IG(2019년형),IG240 프리미엄,id1,56,남
56,2026-08-31 17:23:45,14로6902,2026-09-26,본인,흥국화재,"451,500","593,040","141,540","흥국화재 | 흥국다이렉트개인용자동차보험(CM) | 최종 보험료 | 451,500원 | 총 보험료 | 결제 593,040원 | 마일리지 환급 141,540원 | 바로 가입하기",기아,카니발,2017,"올뉴카니발2.2(디젤,9인승)",프레스티지,id1,56,남
63,2026-08-31 17:36:24,14로6902,2026-09-26,본인,흥국화재,"466,780","614,710","147,930","흥국화재 | 흥국다이렉트개인용자동차보험(CM) | 최종 보험료 | 466,780원 | 총 보험료 | 결제 614,710원 | 마일리지 환급 147,930원 | 바로 가입하기",기아,스포티지,2014,스포티지R GDI(2WD),럭셔리,id1,56,남
70,2026-08-31 17:48:10,14로6902,2026-09-26,본인,흥국화재,"565,520","749,240","183,720","흥국화재 | 흥국다이렉트개인용자동차보험(CM) | 최종 보험료 | 565,520원 | 총 보험료 | 결제 749,240원 | 마일리지 환급 183,720원 | 바로 가입하기",벤츠,Mercedes Benz E-Class,2023,New E 250,Avantgarde,id1,56,남
84,2026-08-31 18:14:14,14로6902,2026-09-26,본인,흥국화재,"571,840","737,130","165,290","흥국화재 | 흥국다이렉트개인용자동차보험(CM) | 최종 보험료 | 571,840원 | 총 보험료 | 결제 737,130원 | 마일리지 환급 165,290원 | 바로 가입하기",현대,아이오닉,2020,더 뉴 아이오닉 플러그인 하이브리드,큐,id1,56,남
91,2026-08-31 18:26:13,14로6902,2026-09-26,본인,흥국화재,"337,390","447,360","109,970","흥국화재 | 흥국다이렉트개인용자동차보험(CM) | 최종 보험료 | 337,390원 | 총 보험료 | 결제 447,360원 | 마일리지 환급 109,970원 | 바로 가입하기",기아,K9,2025,THE K9 3.8 GDI,플래티넘(AWD),id1,56,남
98,2026-08-31 18:37:40,14로6902,2026-09-26,본인,흥국화재,"926,430","1,232,610","306,180","흥국화재 | 흥국다이렉트개인용자동차보험(CM) | 최종 보험료 | 926,430원 | 총 보험료 | 결제 1,232,610원 | 마일리지 환급 306,180원 | 바로 가입하기",Tesla,Model 3,2026,Model 3,Long Range(2022~),id1,56,남
112,2026-08-31 19:00:46,14로6902,2026-09-26,본인,흥국화재,"373,210","491,570","118,360","흥국화재 | 흥국다이렉트개인용자동차보험(CM) | 최종 보험료 | 373,210원 | 총 보험료 | 결제 491,570원 | 마일리지 환급 118,360원 | 바로 가입하기",현대,스타리아,2022,스타리아 라운지,리무진(2WD),id1,56,남
3,2026-09-01 09:22:55,14로6902,2026-09-06,본인,AXA,"1,254,350","1,815,250","560,900","AXA손해보험 | 다이렉트 자동차보험 | 최종 보험료 | 1,254,350원 | 총 보험료 | 결제 1,815,250원 | 마일리지 환급 560,900원 | 마일리지 선할인 551,090원 | 바로 가입하기",현대,쏘나타,2026,쏘나타 디 엣지 2.0,프리미엄,id2,28,남
3,2026-09-01 09:22:55,14로6902,2026-09-06,본인,DB손해보험,"1,080,490","1,401,350","320,860","DB손해보험 | 프로미카 다이렉트개인용자동차보험(플랫폼) | 최종 보험료 | 1,080,490원 | 총 보험료 | 결제 1,401,350원 | 마일리지 환급 320,860원 | 바로 가입하기",현대,쏘나타,2026,쏘나타 디 엣지 2.0,프리미엄,id2,28,남
3,2026-09-01 09:22:55,14로6902,2026-09-06,본인,KB손해보험,"946,610","1,277,290","330,680","KB손해보험 | KB다이렉트(플랫폼)개인용자동차보험 | 최종 보험료 | 946,610원 | 총 보험료 | 결제 1,277,290원 | 마일리지 환급 330,680원 | 바로 가입하기",현대,쏘나타,2026,쏘나타 디 엣지 2.0,프리미엄,id2,28,남
3,2026-09-01 09:22:55,14로6902,2026-09-06,본인,롯데손해보험,"1,091,420","1,311,210","219,790","롯데손해보험 | let:click 개인용자동차보험(인터넷) | 최종 보험료 | 1,091,420원 | 총 보험료 | 결제 1,311,210원 | 마일리지 환급 219,790원 | 바로 가입하기",현대,쏘나타,2026,쏘나타 디 엣지 2.0,프리미엄,id2,28,남
3,2026-09-01 09:22:55,14로6902,2026-09-06,본인,메리츠화재,"915,970","1,321,940","405,970","메리츠화재 | 메리츠화재 다이렉트 자동차보험(CM) | 최종 보험료 | 915,970원 | 총 보험료 | 결제 1,321,940원 | 마일리지 환급 405,970원 | 바로 가입하기",현대,쏘나타,2026,쏘나타 디 엣지 2.0,프리미엄,id2,28,남
3,2026-09-01 09:22:55,14로6902,2026-09-06,본인,삼성화재,"1,041,960","1,268,260","226,300","삼성화재 | 개인용애니카다이렉트자동차보험(플랫폼) | 최종 보험료 | 1,041,960원 | 총 보험료 | 결제 1,268,260원 | 마일리지 환급 226,300원 | 바로 가입하기",현대,쏘나타,2026,쏘나타 디 엣지 2.0,프리미엄,id2,28,남
3,2026-09-01 09:22:55,14로6902,2026-09-06,본인,하나손해보험,"982,840","1,285,020","302,180","하나손해보험 | 하나 다이렉트 자동차보험 | 최종 보험료 | 982,840원 | 총 보험료 | 결제 1,285,020원 | 마일리지 환급 302,180원 | 마일리지 선할인 289,430원 | 바로 가입하기",현대,쏘나타,2026,쏘나타 디 엣지 2.0,프리미엄,id2,28,남
3,2026-09-01 09:22:55,14로6902,2026-09-06,본인,한화손보,"1,045,350","1,333,550","288,200","한화손보 | 캐롯 자동차보험 | 최종 보험료 | 1,045,350원 | 총 보험료 | 결제 1,333,550원 | 마일리지 환급 288,200원 | 월 납입 시 153,710원 | 바로 가입하기",현대,쏘나타,2026,쏘나타 디 엣지 2.0,프리미엄,id2,28,남
3,2026-09-01 09:22:55,14로6902,2026-09-06,본인,현대해상,"998,520","1,381,170","382,650","현대해상 | Hicar 다이렉트 개인용자동차보험(플랫폼) | 최종 보험료 | 998,520원 | 총 보험료 | 결제 1,381,170원 | 마일리지 환급 382,650원 | 바로 가입하기",현대,쏘나타,2026,쏘나타 디 엣지 2.0,프리미엄,id2,28,남
3,2026-09-01 09:22:55,14로6902,2026-09-06,본인,흥국화재,"971,690","1,292,750","321,060","흥국화재 | 흥국다이렉트개인용자동차보험(CM) | 최종 보험료 | 971,690원 | 총 보험료 | 결제 1,292,750원 | 마일리지 환급 321,060원 | 바로 가입하기",현대,쏘나타,2026,쏘나타 디 엣지 2.0,프리미엄,id2,28,남
4,2026-09-01 09:32:08,14로6902,2026-09-11,본인,AXA,"1,254,350","1,815,250","560,900","AXA손해보험 | 다이렉트 자동차보험 | 최종 보험료 | 1,254,350원 | 총 보험료 | 결제 1,815,250원 | 마일리지 환급 560,900원 | 마일리지 선할인 551,090원 | 바로 가입하기",현대,쏘나타,2026,쏘나타 디 엣지 2.0,프리미엄,id2,28,남
4,2026-09-01 09:32:08,14로6902,2026-09-11,본인,DB손해보험,"1,080,490","1,401,350","320,860","DB손해보험 | 프로미카 다이렉트개인용자동차보험(플랫폼) | 최종 보험료 | 1,080,490원 | 총 보험료 | 결제 1,401,350원 | 마일리지 환급 320,860원 | 바로 가입하기",현대,쏘나타,2026,쏘나타 디 엣지 2.0,프리미엄,id2,28,남
4,2026-09-01 09:32:08,14로6902,2026-09-11,본인,KB손해보험,"946,610","1,277,290","330,680","KB손해보험 | KB다이렉트(플랫폼)개인용자동차보험 | 최종 보험료 | 946,610원 | 총 보험료 | 결제 1,277,290원 | 마일리지 환급 330,680원 | 바로 가입하기",현대,쏘나타,2026,쏘나타 디 엣지 2.0,프리미엄,id2,28,남
4,2026-09-01 09:32:08,14로6902,2026-09-11,본인,롯데손해보험,"1,091,420","1,311,210","219,790","롯데손해보험 | let:click 개인용자동차보험(인터넷) | 최종 보험료 | 1,091,420원 | 총 보험료 | 결제 1,311,210원 | 마일리지 환급 219,790원 | 바로 가입하기",현대,쏘나타,2026,쏘나타 디 엣지 2.0,프리미엄,id2,28,남
4,2026-09-01 09:32:08,14로6902,2026-09-11,본인,메리츠화재,"919,030","1,326,370","407,340","메리츠화재 | 메리츠화재 다이렉트 자동차보험(CM) | 최종 보험료 | 919,030원 | 총 보험료 | 결제 1,326,370원 | 마일리지 환급 407,340원 | 바로 가입하기",현대,쏘나타,2026,쏘나타 디 엣지 2.0,프리미엄,id2,28,남
4,2026-09-01 09:32:08,14로6902,2026-09-11,본인,삼성화재,"1,041,960","1,268,260","226,300","삼성화재 | 개인용애니카다이렉트자동차보험(플랫폼) | 최종 보험료 | 1,041,960원 | 총 보험료 | 결제 1,268,260원 | 마일리지 환급 226,300원 | 바로 가입하기",현대,쏘나타,2026,쏘나타 디 엣지 2.0,프리미엄,id2,28,남
4,2026-09-01 09:32:08,14로6902,2026-09-11,본인,하나손해보험,"982,840","1,285,020","302,180","하나손해보험 | 하나 다이렉트 자동차보험 | 최종 보험료 | 982,840원 | 총 보험료 | 결제 1,285,020원 | 마일리지 환급 302,180원 | 마일리지 선할인 289,430원 | 바로 가입하기",현대,쏘나타,2026,쏘나타 디 엣지 2.0,프리미엄,id2,28,남
4,2026-09-01 09:32:08,14로6902,2026-09-11,본인,한화손보,"1,045,350","1,333,550","288,200","한화손보 | 캐롯 자동차보험 | 최종 보험료 | 1,045,350원 | 총 보험료 | 결제 1,333,550원 | 마일리지 환급 288,200원 | 월 납입 시 153,710원 | 바로 가입하기",현대,쏘나타,2026,쏘나타 디 엣지 2.0,프리미엄,id2,28,남
4,2026-09-01 09:32:08,14로6902,2026-09-11,본인,현대해상,"998,520","1,381,170","382,650","현대해상 | Hicar 다이렉트 개인용자동차보험(플랫폼) | 최종 보험료 | 998,520원 | 총 보험료 | 결제 1,381,170원 | 마일리지 환급 382,650원 | 바로 가입하기",현대,쏘나타,2026,쏘나타 디 엣지 2.0,프리미엄,id2,28,남
4,2026-09-01 09:32:08,14로6902,2026-09-11,본인,흥국화재,"971,690","1,292,750","321,060","흥국화재 | 흥국다이렉트개인용자동차보험(CM) | 최종 보험료 | 971,690원 | 총 보험료 | 결제 1,292,750원 | 마일리지 환급 321,060원 | 바로 가입하기",현대,쏘나타,2026,쏘나타 디 엣지 2.0,프리미엄,id2,28,남
6,2026-09-01 09:50:47,14로6902,2026-09-21,본인,AXA,"1,254,350","1,815,250","560,900","AXA손해보험 | 다이렉트 자동차보험 | 최종 보험료 | 1,254,350원 | 총 보험료 | 결제 1,815,250원 | 마일리지 환급 560,900원 | 마일리지 선할인 551,090원 | 바로 가입하기",현대,쏘나타,2026,쏘나타 디 엣지 2.0,프리미엄,id2,28,남
6,2026-09-01 09:50:47,14로6902,2026-09-21,본인,DB손해보험,"1,080,490","1,401,350","320,860","DB손해보험 | 프로미카 다이렉트개인용자동차보험(플랫폼) | 최종 보험료 | 1,080,490원 | 총 보험료 | 결제 1,401,350원 | 마일리지 환급 320,860원 | 바로 가입하기",현대,쏘나타,2026,쏘나타 디 엣지 2.0,프리미엄,id2,28,남
6,2026-09-01 09:50:47,14로6902,2026-09-21,본인,KB손해보험,"946,610","1,277,290","330,680","KB손해보험 | KB다이렉트(플랫폼)개인용자동차보험 | 최종 보험료 | 946,610원 | 총 보험료 | 결제 1,277,290원 | 마일리지 환급 330,680원 | 바로 가입하기",현대,쏘나타,2026,쏘나타 디 엣지 2.0,프리미엄,id2,28,남
6,2026-09-01 09:50:47,14로6902,2026-09-21,본인,롯데손해보험,"1,091,420","1,311,210","219,790","롯데손해보험 | let:click 개인용자동차보험(인터넷) | 최종 보험료 | 1,091,420원 | 총 보험료 | 결제 1,311,210원 | 마일리지 환급 219,790원 | 바로 가입하기",현대,쏘나타,2026,쏘나타 디 엣지 2.0,프리미엄,id2,28,남
6,2026-09-01 09:50:47,14로6902,2026-09-21,본인,메리츠화재,"921,370","1,329,760","408,390","메리츠화재 | 메리츠화재 다이렉트 자동차보험(CM) | 최종 보험료 | 921,370원 | 총 보험료 | 결제 1,329,760원 | 마일리지 환급 408,390원 | 바로 가입하기",현대,쏘나타,2026,쏘나타 디 엣지 2.0,프리미엄,id2,28,남
6,2026-09-01 09:50:47,14로6902,2026-09-21,본인,삼성화재,"1,041,960","1,268,260","226,300","삼성화재 | 개인용애니카다이렉트자동차보험(플랫폼) | 최종 보험료 | 1,041,960원 | 총 보험료 | 결제 1,268,260원 | 마일리지 환급 226,300원 | 바로 가입하기",현대,쏘나타,2026,쏘나타 디 엣지 2.0,프리미엄,id2,28,남
6,2026-09-01 09:50:47,14로6902,2026-09-21,본인,하나손해보험,"1,004,110","1,312,900","308,790","하나손해보험 | 하나 다이렉트 자동차보험 | 최종 보험료 | 1,004,110원 | 총 보험료 | 결제 1,312,900원 | 마일리지 환급 308,790원 | 마일리지 선할인 295,760원 | 바로 가입하기",현대,쏘나타,2026,쏘나타 디 엣지 2.0,프리미엄,id2,28,남
6,2026-09-01 09:50:47,14로6902,2026-09-21,본인,한화손보,"1,049,950","1,339,430","289,480","한화손보 | 캐롯 자동차보험 | 최종 보험료 | 1,049,950원 | 총 보험료 | 결제 1,339,430원 | 마일리지 환급 289,480원 | 월 납입 시 154,330원 | 바로 가입하기",현대,쏘나타,2026,쏘나타 디 엣지 2.0,프리미엄,id2,28,남
6,2026-09-01 09:50:47,14로6902,2026-09-21,본인,현대해상,"1,000,800","1,384,330","383,530","현대해상 | Hicar 다이렉트 개인용자동차보험(플랫폼) | 최종 보험료 | 1,000,800원 | 총 보험료 | 결제 1,384,330원 | 마일리지 환급 383,530원 | 바로 가입하기",현대,쏘나타,2026,쏘나타 디 엣지 2.0,프리미엄,id2,28,남
6,2026-09-01 09:50:47,14로6902,2026-09-21,본인,흥국화재,"971,690","1,292,750","321,060","흥국화재 | 흥국다이렉트개인용자동차보험(CM) | 최종 보험료 | 971,690원 | 총 보험료 | 결제 1,292,750원 | 마일리지 환급 321,060원 | 바로 가입하기",현대,쏘나타,2026,쏘나타 디 엣지 2.0,프리미엄,id2,28,남
37,2026-09-08 18:54:48,14로6902,2026-09-26,본인,AXA,"1,739,910","2,512,600","772,690","AXA손해보험 | 다이렉트 자동차보험 | 최종 보험료 | 1,739,910원 | 총 보험료 | 결제 2,512,600원 | 마일리지 환급 772,690원 | 마일리지 선할인 759,200원 | 바로 가입하기",기아,RAY,2022,THE NEW RAY 1.0,스탠다드,id2,28,남
1,2026-09-09 08:44:54,14로6902,2026-09-26,본인,AXA,"1,269,780","1,837,660","567,880","AXA손해보험 | 다이렉트 자동차보험 | 최종 보험료 | 1,269,780원 | 총 보험료 | 결제 1,837,660원 | 마일리지 환급 567,880원 | 마일리지 선할인 557,930원 | 바로 가입하기",현대,코나,2025,디올뉴 코나 2.0,프리미엄(2WD),id2,28,남
2,2026-09-09 08:46:01,14로6902,2026-09-26,본인,AXA,"1,658,300","2,398,230","739,930","AXA손해보험 | 다이렉트 자동차보험 | 최종 보험료 | 1,658,300원 | 총 보험료 | 결제 2,398,230원 | 마일리지 환급 739,930원 | 마일리지 선할인 726,990원 | 바로 가입하기",현대,코나,2022,더뉴 코나 2.0,모던(4WD),id2,28,남
3,2026-09-09 08:47:13,14로6902,2026-09-26,본인,AXA,"1,963,280","2,840,440","877,160","AXA손해보험 | 다이렉트 자동차보험 | 최종 보험료 | 1,963,280원 | 총 보험료 | 결제 2,840,440원 | 마일리지 환급 877,160원 | 마일리지 선할인 861,840원 | 바로 가입하기",현대,코나,2020,더뉴 코나 1.6 터보,인스퍼레이션(4WD),id2,28,남
4,2026-09-09 08:48:22,14로6902,2026-09-26,본인,AXA,"2,447,980","3,194,010","746,030","AXA손해보험 | 다이렉트 자동차보험 | 최종 보험료 | 2,447,980원 | 총 보험료 | 결제 3,194,010원 | 마일리지 환급 746,030원 | 마일리지 선할인 726,920원 | 바로 가입하기",현대,코나,2017,코나 1.6 터보(4WD),스마트,id2,28,남
5,2026-09-09 08:49:33,14로6902,2026-09-26,본인,AXA,"1,194,980","1,729,110","534,130","AXA손해보험 | 다이렉트 자동차보험 | 최종 보험료 | 1,194,980원 | 총 보험료 | 결제 1,729,110원 | 마일리지 환급 534,130원 | 마일리지 선할인 524,780원 | 바로 가입하기",기아,셀토스,2026,셀토스 2.0,프레스티지(4WD),id2,28,남
6,2026-09-09 08:52:05,14로6902,2026-09-26,본인,AXA,"1,856,450","2,685,680","829,230","AXA손해보험 | 다이렉트 자동차보험 | 최종 보험료 | 1,856,450원 | 총 보험료 | 결제 2,685,680원 | 마일리지 환급 829,230원 | 마일리지 선할인 814,740원 | 바로 가입하기",기아,셀토스,2023,셀토스 1.6 디젤,노블레스(4WD),id2,28,남
7,2026-09-09 08:53:15,14로6902,2026-09-26,본인,AXA,"1,933,960","2,798,120","864,160","AXA손해보험 | 다이렉트 자동차보험 | 최종 보험료 | 1,933,960원 | 총 보험료 | 결제 2,798,120원 | 마일리지 환급 864,160원 | 마일리지 선할인 849,050원 | 바로 가입하기",기아,셀토스,2021,셀토스 1.6 터보,그래비티(4WD),id2,28,남
36,2026-09-09 09:35:47,14로6902,2026-09-26,본인,AXA,"2,507,300","3,272,490","765,190","AXA손해보험 | 다이렉트 자동차보험 | 최종 보험료 | 2,507,300원 | 총 보험료 | 결제 3,272,490원 | 마일리지 환급 765,190원 | 마일리지 선할인 745,580원 | 바로 가입하기",Volkswagen,Golf,2019,Golf 1.4 TSI,오토,id2,28,남
37,2026-09-09 09:37:05,14로6902,2026-09-26,본인,AXA,"2,077,780","3,010,220","932,440","AXA손해보험 | 다이렉트 자동차보험 | 최종 보험료 | 2,077,780원 | 총 보험료 | 결제 3,010,220원 | 마일리지 환급 932,440원 | 마일리지 선할인 916,120원 | 바로 가입하기",Audi,A5,2025,A5 35 TDI,Premium Sportback,id2,28,남
37,2026-09-08 18:54:48,14로6902,2026-09-26,본인,DB손해보험,"1,295,420","1,676,050","380,630","DB손해보험 | 프로미카 다이렉트개인용자동차보험(플랫폼) | 최종 보험료 | 1,295,420원 | 총 보험료 | 결제 1,676,050원 | 마일리지 환급 380,630원 | 바로 가입하기",기아,RAY,2022,THE NEW RAY 1.0,스탠다드,id2,28,남
1,2026-09-09 08:44:54,14로6902,2026-09-26,본인,DB손해보험,"1,076,930","1,396,050","319,120","DB손해보험 | 프로미카 다이렉트개인용자동차보험(플랫폼) | 최종 보험료 | 1,076,930원 | 총 보험료 | 결제 1,396,050원 | 마일리지 환급 319,120원 | 바로 가입하기",현대,코나,2025,디올뉴 코나 2.0,프리미엄(2WD),id2,28,남
2,2026-09-09 08:46:01,14로6902,2026-09-26,본인,DB손해보험,"1,254,860","1,624,690","369,830","DB손해보험 | 프로미카 다이렉트개인용자동차보험(플랫폼) | 최종 보험료 | 1,254,860원 | 총 보험료 | 결제 1,624,690원 | 마일리지 환급 369,830원 | 바로 가입하기",현대,코나,2022,더뉴 코나 2.0,모던(4WD),id2,28,남
3,2026-09-09 08:47:13,14로6902,2026-09-26,본인,DB손해보험,"1,325,480","1,715,470","389,990","DB손해보험 | 프로미카 다이렉트개인용자동차보험(플랫폼) | 최종 보험료 | 1,325,480원 | 총 보험료 | 결제 1,715,470원 | 마일리지 환급 389,990원 | 바로 가입하기",현대,코나,2020,더뉴 코나 1.6 터보,인스퍼레이션(4WD),id2,28,남
4,2026-09-09 08:48:22,14로6902,2026-09-26,본인,DB손해보험,"1,539,710","1,993,110","453,400","DB손해보험 | 프로미카 다이렉트개인용자동차보험(플랫폼) | 최종 보험료 | 1,539,710원 | 총 보험료 | 결제 1,993,110원 | 마일리지 환급 453,400원 | 바로 가입하기",현대,코나,2017,코나 1.6 터보(4WD),스마트,id2,28,남
5,2026-09-09 08:49:33,14로6902,2026-09-26,본인,DB손해보험,"937,680","1,215,880","278,200","DB손해보험 | 프로미카 다이렉트개인용자동차보험(플랫폼) | 최종 보험료 | 937,680원 | 총 보험료 | 결제 1,215,880원 | 마일리지 환급 278,200원 | 바로 가입하기",기아,셀토스,2026,셀토스 2.0,프레스티지(4WD),id2,28,남
6,2026-09-09 08:52:05,14로6902,2026-09-26,본인,DB손해보험,"1,182,270","1,530,400","348,130","DB손해보험 | 프로미카 다이렉트개인용자동차보험(플랫폼) | 최종 보험료 | 1,182,270원 | 총 보험료 | 결제 1,530,400원 | 마일리지 환급 348,130원 | 바로 가입하기",기아,셀토스,2023,셀토스 1.6 디젤,노블레스(4WD),id2,28,남
7,2026-09-09 08:53:15,14로6902,2026-09-26,본인,DB손해보험,"1,267,380","1,640,400","373,020","DB손해보험 | 프로미카 다이렉트개인용자동차보험(플랫폼) | 최종 보험료 | 1,267,380원 | 총 보험료 | 결제 1,640,400원 | 마일리지 환급 373,020원 | 바로 가입하기",기아,셀토스,2021,셀토스 1.6 터보,그래비티(4WD),id2,28,남
36,2026-09-09 09:35:47,14로6902,2026-09-26,본인,DB손해보험,"1,536,450","1,989,250","452,800","DB손해보험 | 프로미카 다이렉트개인용자동차보험(플랫폼) | 최종 보험료 | 1,536,450원 | 총 보험료 | 결제 1,989,250원 | 마일리지 환급 452,800원 | 바로 가입하기",Volkswagen,Golf,2019,Golf 1.4 TSI,오토,id2,28,남
37,2026-09-09 09:37:05,14로6902,2026-09-26,본인,DB손해보험,"1,763,440","2,287,630","524,190","DB손해보험 | 프로미카 다이렉트개인용자동차보험(플랫폼) | 최종 보험료 | 1,763,440원 | 총 보험료 | 결제 2,287,630원 | 마일리지 환급 524,190원 | 바로 가입하기",Audi,A5,2025,A5 35 TDI,Premium Sportback,id2,28,남
37,2026-09-08 18:54:48,14로6902,2026-09-26,본인,KB손해보험,"1,129,240","1,516,380","387,140","KB손해보험 | KB다이렉트(플랫폼)개인용자동차보험 | 최종 보험료 | 1,129,240원 | 총 보험료 | 결제 1,516,380원 | 마일리지 환급 387,140원 | 바로 가입하기",기아,RAY,2022,THE NEW RAY 1.0,스탠다드,id2,28,남
1,2026-09-09 08:44:54,14로6902,2026-09-26,본인,KB손해보험,"1,087,290","1,466,950","379,660","KB손해보험 | KB다이렉트(플랫폼)개인용자동차보험 | 최종 보험료 | 1,087,290원 | 총 보험료 | 결제 1,466,950원 | 마일리지 환급 379,660원 | 바로 가입하기",현대,코나,2025,디올뉴 코나 2.0,프리미엄(2WD),id2,28,남
2,2026-09-09 08:46:01,14로6902,2026-09-26,본인,KB손해보험,"1,169,990","1,575,250","405,260","KB손해보험 | KB다이렉트(플랫폼)개인용자동차보험 | 최종 보험료 | 1,169,990원 | 총 보험료 | 결제 1,575,250원 | 마일리지 환급 405,260원 | 바로 가입하기",현대,코나,2022,더뉴 코나 2.0,모던(4WD),id2,28,남
3,2026-09-09 08:47:13,14로6902,2026-09-26,본인,KB손해보험,"1,462,370","1,881,980","419,610","KB손해보험 | KB다이렉트(플랫폼)개인용자동차보험 | 최종 보험료 | 1,462,370원 | 총 보험료 | 결제 1,881,980원 | 마일리지 환급 419,610원 | 바로 가입하기",현대,코나,2020,더뉴 코나 1.6 터보,인스퍼레이션(4WD),id2,28,남
4,2026-09-09 08:48:22,14로6902,2026-09-26,본인,KB손해보험,"1,565,640","2,014,930","449,290","KB손해보험 | KB다이렉트(플랫폼)개인용자동차보험 | 최종 보험료 | 1,565,640원 | 총 보험료 | 결제 2,014,930원 | 마일리지 환급 449,290원 | 바로 가입하기",현대,코나,2017,코나 1.6 터보(4WD),스마트,id2,28,남
5,2026-09-09 08:49:33,14로6902,2026-09-26,본인,KB손해보험,"914,290","1,233,570","319,280","KB손해보험 | KB다이렉트(플랫폼)개인용자동차보험 | 최종 보험료 | 914,290원 | 총 보험료 | 결제 1,233,570원 | 마일리지 환급 319,280원 | 바로 가입하기",기아,셀토스,2026,셀토스 2.0,프레스티지(4WD),id2,28,남
6,2026-09-09 08:52:05,14로6902,2026-09-26,본인,KB손해보험,"1,288,330","1,735,700","447,370","KB손해보험 | KB다이렉트(플랫폼)개인용자동차보험 | 최종 보험료 | 1,288,330원 | 총 보험료 | 결제 1,735,700원 | 마일리지 환급 447,370원 | 바로 가입하기",기아,셀토스,2023,셀토스 1.6 디젤,노블레스(4WD),id2,28,남
7,2026-09-09 08:53:15,14로6902,2026-09-26,본인,KB손해보험,"1,250,190","1,682,790","432,600","KB손해보험 | KB다이렉트(플랫폼)개인용자동차보험 | 최종 보험료 | 1,250,190원 | 총 보험료 | 결제 1,682,790원 | 마일리지 환급 432,600원 | 바로 가입하기",기아,셀토스,2021,셀토스 1.6 터보,그래비티(4WD),id2,28,남
36,2026-09-09 09:35:47,14로6902,2026-09-26,본인,KB손해보험,"1,813,620","2,335,520","521,900","KB손해보험 | KB다이렉트(플랫폼)개인용자동차보험 | 최종 보험료 | 1,813,620원 | 총 보험료 | 결제 2,335,520원 | 마일리지 환급 521,900원 | 바로 가입하기",Volkswagen,Golf,2019,Golf 1.4 TSI,오토,id2,28,남
37,2026-09-09 09:37:05,14로6902,2026-09-26,본인,KB손해보험,"1,681,630","2,271,200","589,570","KB손해보험 | KB다이렉트(플랫폼)개인용자동차보험 | 최종 보험료 | 1,681,630원 | 총 보험료 | 결제 2,271,200원 | 마일리지 환급 589,570원 | 바로 가입하기",Audi,A5,2025,A5 35 TDI,Premium Sportback,id2,28,남
1,2026-09-09 08:44:54,14로6902,2026-09-26,본인,롯데손해보험,"1,298,920","1,561,190","262,270","롯데손해보험 | let:click 개인용자동차보험(인터넷) | 최종 보험료 | 1,298,920원 | 총 보험료 | 결제 1,561,190원 | 마일리지 환급 262,270원 | 바로 가입하기",현대,코나,2025,디올뉴 코나 2.0,프리미엄(2WD),id2,28,남
2,2026-09-09 08:46:01,14로6902,2026-09-26,본인,롯데손해보험,"1,211,260","1,454,080","242,820","롯데손해보험 | let:click 개인용자동차보험(인터넷) | 최종 보험료 | 1,211,260원 | 총 보험료 | 결제 1,454,080원 | 마일리지 환급 242,820원 | 바로 가입하기",현대,코나,2022,더뉴 코나 2.0,모던(4WD),id2,28,남
3,2026-09-09 08:47:13,14로6902,2026-09-26,본인,롯데손해보험,"1,374,520","1,649,130","274,610","롯데손해보험 | let:click 개인용자동차보험(인터넷) | 최종 보험료 | 1,374,520원 | 총 보험료 | 결제 1,649,130원 | 마일리지 환급 274,610원 | 바로 가입하기",현대,코나,2020,더뉴 코나 1.6 터보,인스퍼레이션(4WD),id2,28,남
4,2026-09-09 08:48:22,14로6902,2026-09-26,본인,롯데손해보험,"1,738,150","2,086,480","348,330","롯데손해보험 | let:click 개인용자동차보험(인터넷) | 최종 보험료 | 1,738,150원 | 총 보험료 | 결제 2,086,480원 | 마일리지 환급 348,330원 | 바로 가입하기",현대,코나,2017,코나 1.6 터보(4WD),스마트,id2,28,남
5,2026-09-09 08:49:33,14로6902,2026-09-26,본인,롯데손해보험,"1,009,050","1,211,970","202,920","롯데손해보험 | let:click 개인용자동차보험(인터넷) | 최종 보험료 | 1,009,050원 | 총 보험료 | 결제 1,211,970원 | 마일리지 환급 202,920원 | 바로 가입하기",기아,셀토스,2026,셀토스 2.0,프레스티지(4WD),id2,28,남
6,2026-09-09 08:52:05,14로6902,2026-09-26,본인,롯데손해보험,"1,216,850","1,460,900","244,050","롯데손해보험 | let:click 개인용자동차보험(인터넷) | 최종 보험료 | 1,216,850원 | 총 보험료 | 결제 1,460,900원 | 마일리지 환급 244,050원 | 바로 가입하기",기아,셀토스,2023,셀토스 1.6 디젤,노블레스(4WD),id2,28,남
7,2026-09-09 08:53:15,14로6902,2026-09-26,본인,롯데손해보험,"1,278,490","1,534,000","255,510","롯데손해보험 | let:click 개인용자동차보험(인터넷) | 최종 보험료 | 1,278,490원 | 총 보험료 | 결제 1,534,000원 | 마일리지 환급 255,510원 | 바로 가입하기",기아,셀토스,2021,셀토스 1.6 터보,그래비티(4WD),id2,28,남
36,2026-09-09 09:35:47,14로6902,2026-09-26,본인,롯데손해보험,"1,626,720","1,952,740","326,020","롯데손해보험 | let:click 개인용자동차보험(인터넷) | 최종 보험료 | 1,626,720원 | 총 보험료 | 결제 1,952,740원 | 마일리지 환급 326,020원 | 바로 가입하기",Volkswagen,Golf,2019,Golf 1.4 TSI,오토,id2,28,남
37,2026-09-09 09:37:05,14로6902,2026-09-26,본인,롯데손해보험,"2,002,760","2,409,200","406,440","롯데손해보험 | let:click 개인용자동차보험(인터넷) | 최종 보험료 | 2,002,760원 | 총 보험료 | 결제 2,409,200원 | 마일리지 환급 406,440원 | 바로 가입하기",Audi,A5,2025,A5 35 TDI,Premium Sportback,id2,28,남
37,2026-09-08 18:54:48,14로6902,2026-09-26,본인,메리츠화재,"1,052,660","1,511,600","458,940","메리츠화재 | 메리츠화재 다이렉트 자동차보험(CM) | 최종 보험료 | 1,052,660원 | 총 보험료 | 결제 1,511,600원 | 마일리지 환급 458,940원 | 바로 가입하기",기아,RAY,2022,THE NEW RAY 1.0,스탠다드,id2,28,남
1,2026-09-09 08:44:54,14로6902,2026-09-26,본인,메리츠화재,"1,061,310","1,532,410","471,100","메리츠화재 | 메리츠화재 다이렉트 자동차보험(CM) | 최종 보험료 | 1,061,310원 | 총 보험료 | 결제 1,532,410원 | 마일리지 환급 471,100원 | 바로 가입하기",현대,코나,2025,디올뉴 코나 2.0,프리미엄(2WD),id2,28,남
2,2026-09-09 08:46:01,14로6902,2026-09-26,본인,메리츠화재,"1,076,010","1,549,230","473,220","메리츠화재 | 메리츠화재 다이렉트 자동차보험(CM) | 최종 보험료 | 1,076,010원 | 총 보험료 | 결제 1,549,230원 | 마일리지 환급 473,220원 | 바로 가입하기",현대,코나,2022,더뉴 코나 2.0,모던(4WD),id2,28,남
3,2026-09-09 08:47:13,14로6902,2026-09-26,본인,메리츠화재,"1,270,990","1,831,300","560,310","메리츠화재 | 메리츠화재 다이렉트 자동차보험(CM) | 최종 보험료 | 1,270,990원 | 총 보험료 | 결제 1,831,300원 | 마일리지 환급 560,310원 | 바로 가입하기",현대,코나,2020,더뉴 코나 1.6 터보,인스퍼레이션(4WD),id2,28,남
4,2026-09-09 08:48:22,14로6902,2026-09-26,본인,메리츠화재,"1,323,760","1,904,440","580,680","메리츠화재 | 메리츠화재 다이렉트 자동차보험(CM) | 최종 보험료 | 1,323,760원 | 총 보험료 | 결제 1,904,440원 | 마일리지 환급 580,680원 | 바로 가입하기",현대,코나,2017,코나 1.6 터보(4WD),스마트,id2,28,남
5,2026-09-09 08:49:33,14로6902,2026-09-26,본인,메리츠화재,"865,090","1,248,200","383,110","메리츠화재 | 메리츠화재 다이렉트 자동차보험(CM) | 최종 보험료 | 865,090원 | 총 보험료 | 결제 1,248,200원 | 마일리지 환급 383,110원 | 바로 가입하기",기아,셀토스,2026,셀토스 2.0,프레스티지(4WD),id2,28,남
6,2026-09-09 08:52:05,14로6902,2026-09-26,본인,메리츠화재,"1,126,300","1,623,010","496,710","메리츠화재 | 메리츠화재 다이렉트 자동차보험(CM) | 최종 보험료 | 1,126,300원 | 총 보험료 | 결제 1,623,010원 | 마일리지 환급 496,710원 | 바로 가입하기",기아,셀토스,2023,셀토스 1.6 디젤,노블레스(4WD),id2,28,남
7,2026-09-09 08:53:15,14로6902,2026-09-26,본인,메리츠화재,"1,232,470","1,775,470","543,000","메리츠화재 | 메리츠화재 다이렉트 자동차보험(CM) | 최종 보험료 | 1,232,470원 | 총 보험료 | 결제 1,775,470원 | 마일리지 환급 543,000원 | 바로 가입하기",기아,셀토스,2021,셀토스 1.6 터보,그래비티(4WD),id2,28,남
36,2026-09-09 09:35:47,14로6902,2026-09-26,본인,메리츠화재,"1,387,480","2,000,380","612,900","메리츠화재 | 메리츠화재 다이렉트 자동차보험(CM) | 최종 보험료 | 1,387,480원 | 총 보험료 | 결제 2,000,380원 | 마일리지 환급 612,900원 | 바로 가입하기",Volkswagen,Golf,2019,Golf 1.4 TSI,오토,id2,28,남
37,2026-09-09 09:37:05,14로6902,2026-09-26,본인,메리츠화재,"1,853,000","2,680,290","827,290","메리츠화재 | 메리츠화재 다이렉트 자동차보험(CM) | 최종 보험료 | 1,853,000원 | 총 보험료 | 결제 2,680,290원 | 마일리지 환급 827,290원 | 바로 가입하기",Audi,A5,2025,A5 35 TDI,Premium Sportback,id2,28,남
37,2026-09-08 18:54:48,14로6902,2026-09-26,본인,삼성화재,"1,297,870","1,576,220","278,350","삼성화재 | 개인용애니카다이렉트자동차보험(플랫폼) | 최종 보험료 | 1,297,870원 | 총 보험료 | 결제 1,576,220원 | 마일리지 환급 278,350원 | 바로 가입하기",기아,RAY,2022,THE NEW RAY 1.0,스탠다드,id2,28,남
1,2026-09-09 08:44:54,14로6902,2026-09-26,본인,삼성화재,"1,180,720","1,437,190","256,470","삼성화재 | 개인용애니카다이렉트자동차보험(플랫폼) | 최종 보험료 | 1,180,720원 | 총 보험료 | 결제 1,437,190원 | 마일리지 환급 256,470원 | 바로 가입하기",현대,코나,2025,디올뉴 코나 2.0,프리미엄(2WD),id2,28,남
2,2026-09-09 08:46:01,14로6902,2026-09-26,본인,삼성화재,"1,363,290","1,658,770","295,480","삼성화재 | 개인용애니카다이렉트자동차보험(플랫폼) | 최종 보험료 | 1,363,290원 | 총 보험료 | 결제 1,658,770원 | 마일리지 환급 295,480원 | 바로 가입하기",현대,코나,2022,더뉴 코나 2.0,모던(4WD),id2,28,남
3,2026-09-09 08:47:13,14로6902,2026-09-26,본인,삼성화재,"1,163,470","1,414,220","250,750","삼성화재 | 개인용애니카다이렉트자동차보험(플랫폼) | 최종 보험료 | 1,163,470원 | 총 보험료 | 결제 1,414,220원 | 마일리지 환급 250,750원 | 바로 가입하기",현대,코나,2020,더뉴 코나 1.6 터보,인스퍼레이션(4WD),id2,28,남
4,2026-09-09 08:48:22,14로6902,2026-09-26,본인,삼성화재,"1,344,320","1,633,980","289,660","삼성화재 | 개인용애니카다이렉트자동차보험(플랫폼) | 최종 보험료 | 1,344,320원 | 총 보험료 | 결제 1,633,980원 | 마일리지 환급 289,660원 | 바로 가입하기",현대,코나,2017,코나 1.6 터보(4WD),스마트,id2,28,남
5,2026-09-09 08:49:33,14로6902,2026-09-26,본인,삼성화재,"1,020,370","1,241,920","221,550","삼성화재 | 개인용애니카다이렉트자동차보험(플랫폼) | 최종 보험료 | 1,020,370원 | 총 보험료 | 결제 1,241,920원 | 마일리지 환급 221,550원 | 바로 가입하기",기아,셀토스,2026,셀토스 2.0,프레스티지(4WD),id2,28,남
6,2026-09-09 08:52:05,14로6902,2026-09-26,본인,삼성화재,"1,233,590","1,499,550","265,960","삼성화재 | 개인용애니카다이렉트자동차보험(플랫폼) | 최종 보험료 | 1,233,590원 | 총 보험료 | 결제 1,499,550원 | 마일리지 환급 265,960원 | 바로 가입하기",기아,셀토스,2023,셀토스 1.6 디젤,노블레스(4WD),id2,28,남
7,2026-09-09 08:53:15,14로6902,2026-09-26,본인,삼성화재,"1,173,460","1,426,550","253,090","삼성화재 | 개인용애니카다이렉트자동차보험(플랫폼) | 최종 보험료 | 1,173,460원 | 총 보험료 | 결제 1,426,550원 | 마일리지 환급 253,090원 | 바로 가입하기",기아,셀토스,2021,셀토스 1.6 터보,그래비티(4WD),id2,28,남
36,2026-09-09 09:35:47,14로6902,2026-09-26,본인,삼성화재,"1,501,850","1,826,640","324,790","삼성화재 | 개인용애니카다이렉트자동차보험(플랫폼) | 최종 보험료 | 1,501,850원 | 총 보험료 | 결제 1,826,640원 | 마일리지 환급 324,790원 | 바로 가입하기",Volkswagen,Golf,2019,Golf 1.4 TSI,오토,id2,28,남
37,2026-09-09 09:37:05,14로6902,2026-09-26,본인,삼성화재,"1,890,550","2,302,170","411,620","삼성화재 | 개인용애니카다이렉트자동차보험(플랫폼) | 최종 보험료 | 1,890,550원 | 총 보험료 | 결제 2,302,170원 | 마일리지 환급 411,620원 | 바로 가입하기",Audi,A5,2025,A5 35 TDI,Premium Sportback,id2,28,남
37,2026-09-08 18:54:48,14로6902,2026-09-26,본인,하나손해보험,"1,090,930","1,423,560","332,630","하나손해보험 | 하나 다이렉트 자동차보험 | 최종 보험료 | 1,090,930원 | 총 보험료 | 결제 1,423,560원 | 마일리지 환급 332,630원 | 마일리지 선할인 318,600원 | 바로 가입하기",기아,RAY,2022,THE NEW RAY 1.0,스탠다드,id2,28,남
1,2026-09-09 08:44:54,14로6902,2026-09-26,본인,하나손해보험,"1,086,240","1,420,540","334,300","하나손해보험 | 하나 다이렉트 자동차보험 | 최종 보험료 | 1,086,240원 | 총 보험료 | 결제 1,420,540원 | 마일리지 환급 334,300원 | 마일리지 선할인 320,190원 | 바로 가입하기",현대,코나,2025,디올뉴 코나 2.0,프리미엄(2WD),id2,28,남
2,2026-09-09 08:46:01,14로6902,2026-09-26,본인,하나손해보험,"1,203,560","1,572,250","368,690","하나손해보험 | 하나 다이렉트 자동차보험 | 최종 보험료 | 1,203,560원 | 총 보험료 | 결제 1,572,250원 | 마일리지 환급 368,690원 | 마일리지 선할인 353,130원 | 바로 가입하기",현대,코나,2022,더뉴 코나 2.0,모던(4WD),id2,28,남
3,2026-09-09 08:47:13,14로6902,2026-09-26,본인,하나손해보험,"1,198,320","1,561,600","363,280","하나손해보험 | 하나 다이렉트 자동차보험 | 최종 보험료 | 1,198,320원 | 총 보험료 | 결제 1,561,600원 | 마일리지 환급 363,280원 | 마일리지 선할인 347,950원 | 바로 가입하기",현대,코나,2020,더뉴 코나 1.6 터보,인스퍼레이션(4WD),id2,28,남
4,2026-09-09 08:48:22,14로6902,2026-09-26,본인,하나손해보험,"1,346,840","1,756,260","409,420","하나손해보험 | 하나 다이렉트 자동차보험 | 최종 보험료 | 1,346,840원 | 총 보험료 | 결제 1,756,260원 | 마일리지 환급 409,420원 | 마일리지 선할인 392,140원 | 바로 가입하기",현대,코나,2017,코나 1.6 터보(4WD),스마트,id2,28,남
5,2026-09-09 08:49:33,14로6902,2026-09-26,본인,하나손해보험,"953,990","1,247,210","293,220","하나손해보험 | 하나 다이렉트 자동차보험 | 최종 보험료 | 953,990원 | 총 보험료 | 결제 1,247,210원 | 마일리지 환급 293,220원 | 마일리지 선할인 280,850원 | 바로 가입하기",기아,셀토스,2026,셀토스 2.0,프레스티지(4WD),id2,28,남
6,2026-09-09 08:52:05,14로6902,2026-09-26,본인,하나손해보험,"1,136,340","1,483,080","346,740","하나손해보험 | 하나 다이렉트 자동차보험 | 최종 보험료 | 1,136,340원 | 총 보험료 | 결제 1,483,080원 | 마일리지 환급 346,740원 | 마일리지 선할인 332,110원 | 바로 가입하기",기아,셀토스,2023,셀토스 1.6 디젤,노블레스(4WD),id2,28,남
7,2026-09-09 08:53:15,14로6902,2026-09-26,본인,하나손해보험,"1,237,900","1,616,180","378,280","하나손해보험 | 하나 다이렉트 자동차보험 | 최종 보험료 | 1,237,900원 | 총 보험료 | 결제 1,616,180원 | 마일리지 환급 378,280원 | 마일리지 선할인 362,320원 | 바로 가입하기",기아,셀토스,2021,셀토스 1.6 터보,그래비티(4WD),id2,28,남
36,2026-09-09 09:35:47,14로6902,2026-09-26,본인,하나손해보험,"1,503,720","1,961,870","458,150","하나손해보험 | 하나 다이렉트 자동차보험 | 최종 보험료 | 1,503,720원 | 총 보험료 | 결제 1,961,870원 | 마일리지 환급 458,150원 | 마일리지 선할인 438,820원 | 바로 가입하기",Volkswagen,Golf,2019,Golf 1.4 TSI,오토,id2,28,남
37,2026-09-09 09:37:05,14로6902,2026-09-26,본인,하나손해보험,"1,758,720","2,301,900","543,180","하나손해보험 | 하나 다이렉트 자동차보험 | 최종 보험료 | 1,758,720원 | 총 보험료 | 결제 2,301,900원 | 마일리지 환급 543,180원 | 마일리지 선할인 520,260원 | 바로 가입하기",Audi,A5,2025,A5 35 TDI,Premium Sportback,id2,28,남
37,2026-09-08 18:54:48,14로6902,2026-09-26,본인,한화손보,"1,185,150","1,314,640","129,490","한화손보 | 캐롯 자동차보험 | 최종 보험료 | 1,185,150원 | 총 보험료 | 결제 1,314,640원 | 마일리지 환급 129,490원 | 월 납입 시 193,060원 | 바로 가입하기",기아,RAY,2022,THE NEW RAY 1.0,스탠다드,id2,28,남
1,2026-09-09 08:44:54,14로6902,2026-09-26,본인,한화손보,"1,046,350","1,162,630","116,280","한화손보 | 캐롯 자동차보험 | 최종 보험료 | 1,046,350원 | 총 보험료 | 결제 1,162,630원 | 마일리지 환급 116,280원 | 월 납입 시 155,260원 | 바로 가입하기",현대,코나,2025,디올뉴 코나 2.0,프리미엄(2WD),id2,28,남
2,2026-09-09 08:46:01,14로6902,2026-09-26,본인,한화손보,"1,195,250","1,327,160","131,910","한화손보 | 캐롯 자동차보험 | 최종 보험료 | 1,195,250원 | 총 보험료 | 결제 1,327,160원 | 마일리지 환급 131,910원 | 월 납입 시 184,440원 | 바로 가입하기",현대,코나,2022,더뉴 코나 2.0,모던(4WD),id2,28,남
3,2026-09-09 08:47:13,14로6902,2026-09-26,본인,한화손보,"1,325,190","1,470,630","145,440","한화손보 | 캐롯 자동차보험 | 최종 보험료 | 1,325,190원 | 총 보험료 | 결제 1,470,630원 | 마일리지 환급 145,440원 | 월 납입 시 210,720원 | 바로 가입하기",현대,코나,2020,더뉴 코나 1.6 터보,인스퍼레이션(4WD),id2,28,남
4,2026-09-09 08:48:22,14로6902,2026-09-26,본인,한화손보,"1,489,590","1,653,530","163,940","한화손보 | 캐롯 자동차보험 | 최종 보험료 | 1,489,590원 | 총 보험료 | 결제 1,653,530원 | 마일리지 환급 163,940원 | 월 납입 시 233,420원 | 바로 가입하기",현대,코나,2017,코나 1.6 터보(4WD),스마트,id2,28,남
5,2026-09-09 08:49:33,14로6902,2026-09-26,본인,한화손보,"960,270","1,224,750","264,480","한화손보 | 캐롯 자동차보험 | 최종 보험료 | 960,270원 | 총 보험료 | 결제 1,224,750원 | 마일리지 환급 264,480원 | 월 납입 시 142,090원 | 바로 가입하기",기아,셀토스,2026,셀토스 2.0,프레스티지(4WD),id2,28,남
6,2026-09-09 08:52:05,14로6902,2026-09-26,본인,한화손보,"1,335,090","1,482,480","147,390","한화손보 | 캐롯 자동차보험 | 최종 보험료 | 1,335,090원 | 총 보험료 | 결제 1,482,480원 | 마일리지 환급 147,390원 | 월 납입 시 205,620원 | 바로 가입하기",기아,셀토스,2023,셀토스 1.6 디젤,노블레스(4WD),id2,28,남
7,2026-09-09 08:53:15,14로6902,2026-09-26,본인,한화손보,"1,322,950","1,468,980","146,030","한화손보 | 캐롯 자동차보험 | 최종 보험료 | 1,322,950원 | 총 보험료 | 결제 1,468,980원 | 마일리지 환급 146,030원 | 월 납입 시 203,920원 | 바로 가입하기",기아,셀토스,2021,셀토스 1.6 터보,그래비티(4WD),id2,28,남
36,2026-09-09 09:35:47,14로6902,2026-09-26,본인,한화손보,"1,527,660","1,695,880","168,220","한화손보 | 캐롯 자동차보험 | 최종 보험료 | 1,527,660원 | 총 보험료 | 결제 1,695,880원 | 마일리지 환급 168,220원 | 월 납입 시 238,530원 | 바로 가입하기",Volkswagen,Golf,2019,Golf 1.4 TSI,오토,id2,28,남
37,2026-09-09 09:37:05,14로6902,2026-09-26,본인,한화손보,"1,800,900","2,002,090","201,190","한화손보 | 캐롯 자동차보험 | 최종 보험료 | 1,800,900원 | 총 보험료 | 결제 2,002,090원 | 마일리지 환급 201,190원 | 월 납입 시 258,380원 | 바로 가입하기",Audi,A5,2025,A5 35 TDI,Premium Sportback,id2,28,남
37,2026-09-08 18:54:48,14로6902,2026-09-26,본인,현대해상,"1,279,800","1,653,580","373,780","현대해상 | Hicar 다이렉트 개인용자동차보험(플랫폼) | 최종 보험료 | 1,279,800원 | 총 보험료 | 결제 1,653,580원 | 마일리지 환급 373,780원 | 바로 가입하기",기아,RAY,2022,THE NEW RAY 1.0,스탠다드,id2,28,남
1,2026-09-09 08:44:54,14로6902,2026-09-26,본인,현대해상,"1,163,840","1,507,930","344,090","현대해상 | Hicar 다이렉트 개인용자동차보험(플랫폼) | 최종 보험료 | 1,163,840원 | 총 보험료 | 결제 1,507,930원 | 마일리지 환급 344,090원 | 바로 가입하기",현대,코나,2025,디올뉴 코나 2.0,프리미엄(2WD),id2,28,남
2,2026-09-09 08:46:01,14로6902,2026-09-26,본인,현대해상,"1,283,820","1,661,190","377,370","현대해상 | Hicar 다이렉트 개인용자동차보험(플랫폼) | 최종 보험료 | 1,283,820원 | 총 보험료 | 결제 1,661,190원 | 마일리지 환급 377,370원 | 바로 가입하기",현대,코나,2022,더뉴 코나 2.0,모던(4WD),id2,28,남
3,2026-09-09 08:47:13,14로6902,2026-09-26,본인,현대해상,"1,411,910","1,803,320","391,410","현대해상 | Hicar 다이렉트 개인용자동차보험(플랫폼) | 최종 보험료 | 1,411,910원 | 총 보험료 | 결제 1,803,320원 | 마일리지 환급 391,410원 | 바로 가입하기",현대,코나,2020,더뉴 코나 1.6 터보,인스퍼레이션(4WD),id2,28,남
4,2026-09-09 08:48:22,14로6902,2026-09-26,본인,현대해상,"1,639,810","2,093,930","454,120","현대해상 | Hicar 다이렉트 개인용자동차보험(플랫폼) | 최종 보험료 | 1,639,810원 | 총 보험료 | 결제 2,093,930원 | 마일리지 환급 454,120원 | 바로 가입하기",현대,코나,2017,코나 1.6 터보(4WD),스마트,id2,28,남
5,2026-09-09 08:49:33,14로6902,2026-09-26,본인,현대해상,"1,018,850","1,320,240","301,390","현대해상 | Hicar 다이렉트 개인용자동차보험(플랫폼) | 최종 보험료 | 1,018,850원 | 총 보험료 | 결제 1,320,240원 | 마일리지 환급 301,390원 | 바로 가입하기",기아,셀토스,2026,셀토스 2.0,프레스티지(4WD),id2,28,남
6,2026-09-09 08:52:05,14로6902,2026-09-26,본인,현대해상,"1,421,470","1,838,540","417,070","현대해상 | Hicar 다이렉트 개인용자동차보험(플랫폼) | 최종 보험료 | 1,421,470원 | 총 보험료 | 결제 1,838,540원 | 마일리지 환급 417,070원 | 바로 가입하기",기아,셀토스,2023,셀토스 1.6 디젤,노블레스(4WD),id2,28,남
7,2026-09-09 08:53:15,14로6902,2026-09-26,본인,현대해상,"1,420,940","1,838,160","417,220","현대해상 | Hicar 다이렉트 개인용자동차보험(플랫폼) | 최종 보험료 | 1,420,940원 | 총 보험료 | 결제 1,838,160원 | 마일리지 환급 417,220원 | 바로 가입하기",기아,셀토스,2021,셀토스 1.6 터보,그래비티(4WD),id2,28,남
36,2026-09-09 09:35:47,14로6902,2026-09-26,본인,현대해상,"1,561,960","1,996,640","434,680","현대해상 | Hicar 다이렉트 개인용자동차보험(플랫폼) | 최종 보험료 | 1,561,960원 | 총 보험료 | 결제 1,996,640원 | 마일리지 환급 434,680원 | 바로 가입하기",Volkswagen,Golf,2019,Golf 1.4 TSI,오토,id2,28,남
37,2026-09-09 09:37:05,14로6902,2026-09-26,본인,현대해상,"2,131,160","2,729,250","598,090","현대해상 | Hicar 다이렉트 개인용자동차보험(플랫폼) | 최종 보험료 | 2,131,160원 | 총 보험료 | 결제 2,729,250원 | 마일리지 환급 598,090원 | 바로 가입하기",Audi,A5,2025,A5 35 TDI,Premium Sportback,id2,28,남
37,2026-09-08 18:54:48,14로6902,2026-09-26,본인,흥국화재,"910,220","1,174,020","263,800","흥국화재 | 흥국다이렉트개인용자동차보험(CM) | 최종 보험료 | 910,220원 | 총 보험료 | 결제 1,174,020원 | 마일리지 환급 263,800원 | 바로 가입하기",기아,RAY,2022,THE NEW RAY 1.0,스탠다드,id2,28,남
1,2026-09-09 08:44:54,14로6902,2026-09-26,본인,흥국화재,"1,013,480","1,347,910","334,430","흥국화재 | 흥국다이렉트개인용자동차보험(CM) | 최종 보험료 | 1,013,480원 | 총 보험료 | 결제 1,347,910원 | 마일리지 환급 334,430원 | 바로 가입하기",현대,코나,2025,디올뉴 코나 2.0,프리미엄(2WD),id2,28,남
2,2026-09-09 08:46:01,14로6902,2026-09-26,본인,흥국화재,"1,029,060","1,365,870","336,810","흥국화재 | 흥국다이렉트개인용자동차보험(CM) | 최종 보험료 | 1,029,060원 | 총 보험료 | 결제 1,365,870원 | 마일리지 환급 336,810원 | 바로 가입하기",현대,코나,2022,더뉴 코나 2.0,모던(4WD),id2,28,남
3,2026-09-09 08:47:13,14로6902,2026-09-26,본인,흥국화재,"1,504,560","1,946,850","442,290","흥국화재 | 흥국다이렉트개인용자동차보험(CM) | 최종 보험료 | 1,504,560원 | 총 보험료 | 결제 1,946,850원 | 마일리지 환급 442,290원 | 바로 가입하기",현대,코나,2020,더뉴 코나 1.6 터보,인스퍼레이션(4WD),id2,28,남
4,2026-09-09 08:48:22,14로6902,2026-09-26,본인,흥국화재,"1,681,040","2,174,260","493,220","흥국화재 | 흥국다이렉트개인용자동차보험(CM) | 최종 보험료 | 1,681,040원 | 총 보험료 | 결제 2,174,260원 | 마일리지 환급 493,220원 | 바로 가입하기",현대,코나,2017,코나 1.6 터보(4WD),스마트,id2,28,남
5,2026-09-09 08:49:33,14로6902,2026-09-26,본인,흥국화재,"920,360","1,224,320","303,960","흥국화재 | 흥국다이렉트개인용자동차보험(CM) | 최종 보험료 | 920,360원 | 총 보험료 | 결제 1,224,320원 | 마일리지 환급 303,960원 | 바로 가입하기",기아,셀토스,2026,셀토스 2.0,프레스티지(4WD),id2,28,남
6,2026-09-09 08:52:05,14로6902,2026-09-26,본인,흥국화재,"1,131,070","1,462,990","331,920","흥국화재 | 흥국다이렉트개인용자동차보험(CM) | 최종 보험료 | 1,131,070원 | 총 보험료 | 결제 1,462,990원 | 마일리지 환급 331,920원 | 바로 가입하기",기아,셀토스,2023,셀토스 1.6 디젤,노블레스(4WD),id2,28,남
7,2026-09-09 08:53:15,14로6902,2026-09-26,본인,흥국화재,"1,380,850","1,787,370","406,520","흥국화재 | 흥국다이렉트개인용자동차보험(CM) | 최종 보험료 | 1,380,850원 | 총 보험료 | 결제 1,787,370원 | 마일리지 환급 406,520원 | 바로 가입하기",기아,셀토스,2021,셀토스 1.6 터보,그래비티(4WD),id2,28,남
36,2026-09-09 09:35:47,14로6902,2026-09-26,본인,흥국화재,"1,873,190","2,425,590","552,400","흥국화재 | 흥국다이렉트개인용자동차보험(CM) | 최종 보험료 | 1,873,190원 | 총 보험료 | 결제 2,425,590원 | 마일리지 환급 552,400원 | 바로 가입하기",Volkswagen,Golf,2019,Golf 1.4 TSI,오토,id2,28,남
91,2026-09-08 20:25:41,14로6902,2026-10-01,본인,AXA,"1,732,030","2,501,180","769,150","AXA손해보험 | 다이렉트 자동차보험 | 최종 보험료 | 1,732,030원 | 총 보험료 | 결제 2,501,180원 | 마일리지 환급 769,150원 | 마일리지 선할인 755,720원 | 바로 가입하기",기아,RAY,2022,THE NEW RAY 1.0,스탠다드,id2,28,남
100,2026-09-08 20:43:10,14로6902,2026-10-01,본인,AXA,"2,150,130","3,112,190","962,060","AXA손해보험 | 다이렉트 자동차보험 | 최종 보험료 | 2,150,130원 | 총 보험료 | 결제 3,112,190원 | 마일리지 환급 962,060원 | 마일리지 선할인 945,260원 | 바로 가입하기",기아,K9,2022,THE K9 3.8 GDI,마스터즈(AWD),id2,28,남
101,2026-09-08 20:44:15,14로6902,2026-10-01,본인,AXA,"2,305,840","3,335,570","1,029,730","AXA손해보험 | 다이렉트 자동차보험 | 최종 보험료 | 2,305,840원 | 총 보험료 | 결제 3,335,570원 | 마일리지 환급 1,029,730원 | 마일리지 선할인 1,011,740원 | 바로 가입하기",기아,K9,2019,K9 5.0,퀀텀,id2,28,남
102,2026-09-08 20:45:19,14로6902,2026-10-01,본인,AXA,"1,811,920","2,624,400","812,480","AXA손해보험 | 다이렉트 자동차보험 | 최종 보험료 | 1,811,920원 | 총 보험료 | 결제 2,624,400원 | 마일리지 환급 812,480원 | 마일리지 선할인 798,300원 | 바로 가입하기",현대,팰리세이드,2024,팰리세이드 2.2D(22.05.19~),캘리그래피(4WD),id2,28,남
103,2026-09-08 20:46:19,14로6902,2026-10-01,본인,AXA,"1,708,060","2,469,310","761,250","AXA손해보험 | 다이렉트 자동차보험 | 최종 보험료 | 1,708,060원 | 총 보험료 | 결제 2,469,310원 | 마일리지 환급 761,250원 | 마일리지 선할인 747,950원 | 바로 가입하기",현대,팰리세이드,2021,팰리세이드 3.8(2WD),프레스티지,id2,28,남
104,2026-09-08 20:47:32,14로6902,2026-10-01,본인,AXA,"2,040,440","2,948,290","907,850","AXA손해보험 | 다이렉트 자동차보험 | 최종 보험료 | 2,040,440원 | 총 보험료 | 결제 2,948,290원 | 마일리지 환급 907,850원 | 마일리지 선할인 891,980원 | 바로 가입하기",현대,팰리세이드,2018,팰리세이드 2.2(4WD),프레스티지,id2,28,남
105,2026-09-08 20:49:55,14로6902,2026-10-01,본인,AXA,"2,584,690","4,390,800","1,806,110","AXA손해보험 | 다이렉트 자동차보험 | 최종 보험료 | 2,584,690원 | 총 보험료 | 결제 4,390,800원 | 마일리지 환급 1,806,110원 | 마일리지 선할인 1,785,810원 | 바로 가입하기",Tesla,Model 3,2026,Model 3,Long Range(2022~),id2,28,남
106,2026-09-08 20:50:57,14로6902,2026-10-01,본인,AXA,"2,793,170","4,745,580","1,952,410","AXA손해보험 | 다이렉트 자동차보험 | 최종 보험료 | 2,793,170원 | 총 보험료 | 결제 4,745,580원 | 마일리지 환급 1,952,410원 | 마일리지 선할인 1,930,470원 | 바로 가입하기",Tesla,Model 3,2024,Model 3 Premium Long Range AWD,오토,id2,28,남
107,2026-09-08 20:52:01,14로6902,2026-10-01,본인,AXA,"3,264,040","5,541,870","2,277,830","AXA손해보험 | 다이렉트 자동차보험 | 최종 보험료 | 3,264,040원 | 총 보험료 | 결제 5,541,870원 | 마일리지 환급 2,277,830원 | 마일리지 선할인 2,252,260원 | 바로 가입하기",Tesla,Model 3,2022,Model 3,Performance,id2,28,남
108,2026-09-08 20:53:11,14로6902,2026-10-01,본인,AXA,"3,302,940","5,053,060","1,750,120","AXA손해보험 | 다이렉트 자동차보험 | 최종 보험료 | 3,302,940원 | 총 보험료 | 결제 5,053,060원 | 마일리지 환급 1,750,120원 | 마일리지 선할인 1,724,240원 | 바로 가입하기",Tesla,Model 3,2020,Model 3,Standard Range Plus,id2,28,남
47,2026-09-09 09:52:07,14로6902,2026-10-01,본인,AXA,"1,256,790","1,818,810","562,020","AXA손해보험 | 다이렉트 자동차보험 | 최종 보험료 | 1,256,790원 | 총 보험료 | 결제 1,818,810원 | 마일리지 환급 562,020원 | 마일리지 선할인 552,170원 | 바로 가입하기",현대,코나,2025,디올뉴 코나 2.0,프리미엄(2WD),id2,28,남
48,2026-09-09 09:53:27,14로6902,2026-10-01,본인,AXA,"1,643,650","2,376,970","733,320","AXA손해보험 | 다이렉트 자동차보험 | 최종 보험료 | 1,643,650원 | 총 보험료 | 결제 2,376,970원 | 마일리지 환급 733,320원 | 마일리지 선할인 720,500원 | 바로 가입하기",현대,코나,2022,더뉴 코나 2.0,모던(4WD),id2,28,남
49,2026-09-09 09:54:54,14로6902,2026-10-01,본인,AXA,"1,948,660","2,819,230","870,570","AXA손해보험 | 다이렉트 자동차보험 | 최종 보험료 | 1,948,660원 | 총 보험료 | 결제 2,819,230원 | 마일리지 환급 870,570원 | 마일리지 선할인 855,370원 | 바로 가입하기",현대,코나,2020,더뉴 코나 1.6 터보,인스퍼레이션(4WD),id2,28,남
50,2026-09-09 09:56:18,14로6902,2026-10-01,본인,AXA,"2,444,470","3,189,430","744,960","AXA손해보험 | 다이렉트 자동차보험 | 최종 보험료 | 2,444,470원 | 총 보험료 | 결제 3,189,430원 | 마일리지 환급 744,960원 | 마일리지 선할인 725,870원 | 바로 가입하기",현대,코나,2017,코나 1.6 터보(4WD),스마트,id2,28,남
51,2026-09-09 09:59:16,14로6902,2026-10-01,본인,AXA,"1,194,980","1,729,110","534,130","AXA손해보험 | 다이렉트 자동차보험 | 최종 보험료 | 1,194,980원 | 총 보험료 | 결제 1,729,110원 | 마일리지 환급 534,130원 | 마일리지 선할인 524,780원 | 바로 가입하기",기아,셀토스,2026,셀토스 2.0,프레스티지(4WD),id2,28,남
52,2026-09-09 10:00:46,14로6902,2026-10-01,본인,AXA,"1,840,660","2,662,770","822,110","AXA손해보험 | 다이렉트 자동차보험 | 최종 보험료 | 1,840,660원 | 총 보험료 | 결제 2,662,770원 | 마일리지 환급 822,110원 | 마일리지 선할인 807,740원 | 바로 가입하기",기아,셀토스,2023,셀토스 1.6 디젤,노블레스(4WD),id2,28,남
53,2026-09-09 10:02:02,14로6902,2026-10-01,본인,AXA,"1,918,570","2,775,790","857,220","AXA손해보험 | 다이렉트 자동차보험 | 최종 보험료 | 1,918,570원 | 총 보험료 | 결제 2,775,790원 | 마일리지 환급 857,220원 | 마일리지 선할인 842,230원 | 바로 가입하기",기아,셀토스,2021,셀토스 1.6 터보,그래비티(4WD),id2,28,남
82,2026-09-09 10:53:27,14로6902,2026-10-01,본인,AXA,"2,480,360","3,237,270","756,910","AXA손해보험 | 다이렉트 자동차보험 | 최종 보험료 | 2,480,360원 | 총 보험료 | 결제 3,237,270원 | 마일리지 환급 756,910원 | 마일리지 선할인 737,510원 | 바로 가입하기",Volkswagen,Golf,2019,Golf 1.4 TSI,오토,id2,28,남
83,2026-09-09 10:55:01,14로6902,2026-10-01,본인,AXA,"2,045,270","2,963,040","917,770","AXA손해보험 | 다이렉트 자동차보험 | 최종 보험료 | 2,045,270원 | 총 보험료 | 결제 2,963,040원 | 마일리지 환급 917,770원 | 마일리지 선할인 901,710원 | 바로 가입하기",Audi,A5,2025,A5 35 TDI,Premium Sportback,id2,28,남
91,2026-09-08 20:25:41,14로6902,2026-10-01,본인,DB손해보험,"1,291,470","1,670,930","379,460","DB손해보험 | 프로미카 다이렉트개인용자동차보험(플랫폼) | 최종 보험료 | 1,291,470원 | 총 보험료 | 결제 1,670,930원 | 마일리지 환급 379,460원 | 바로 가입하기",기아,RAY,2022,THE NEW RAY 1.0,스탠다드,id2,28,남
100,2026-09-08 20:43:10,14로6902,2026-10-01,본인,DB손해보험,"1,459,450","1,891,130","431,680","DB손해보험 | 프로미카 다이렉트개인용자동차보험(플랫폼) | 최종 보험료 | 1,459,450원 | 총 보험료 | 결제 1,891,130원 | 마일리지 환급 431,680원 | 바로 가입하기",기아,K9,2022,THE K9 3.8 GDI,마스터즈(AWD),id2,28,남
101,2026-09-08 20:44:15,14로6902,2026-10-01,본인,DB손해보험,"1,505,880","1,949,740","443,860","DB손해보험 | 프로미카 다이렉트개인용자동차보험(플랫폼) | 최종 보험료 | 1,505,880원 | 총 보험료 | 결제 1,949,740원 | 마일리지 환급 443,860원 | 바로 가입하기",기아,K9,2019,K9 5.0,퀀텀,id2,28,남
102,2026-09-08 20:45:19,14로6902,2026-10-01,본인,DB손해보험,"1,088,720","1,466,410","377,690","DB손해보험 | 프로미카 다이렉트개인용자동차보험(플랫폼) | 최종 보험료 | 1,088,720원 | 총 보험료 | 결제 1,466,410원 | 마일리지 환급 377,690원 | 바로 가입하기",현대,팰리세이드,2024,팰리세이드 2.2D(22.05.19~),캘리그래피(4WD),id2,28,남
103,2026-09-08 20:46:19,14로6902,2026-10-01,본인,DB손해보험,"1,103,960","1,484,670","380,710","DB손해보험 | 프로미카 다이렉트개인용자동차보험(플랫폼) | 최종 보험료 | 1,103,960원 | 총 보험료 | 결제 1,484,670원 | 마일리지 환급 380,710원 | 바로 가입하기",현대,팰리세이드,2021,팰리세이드 3.8(2WD),프레스티지,id2,28,남
104,2026-09-08 20:47:32,14로6902,2026-10-01,본인,DB손해보험,"1,331,620","1,790,300","458,680","DB손해보험 | 프로미카 다이렉트개인용자동차보험(플랫폼) | 최종 보험료 | 1,331,620원 | 총 보험료 | 결제 1,790,300원 | 마일리지 환급 458,680원 | 바로 가입하기",현대,팰리세이드,2018,팰리세이드 2.2(4WD),프레스티지,id2,28,남
105,2026-09-08 20:49:55,14로6902,2026-10-01,본인,DB손해보험,"2,244,720","2,839,740","595,020","DB손해보험 | 프로미카 다이렉트개인용자동차보험(플랫폼) | 최종 보험료 | 2,244,720원 | 총 보험료 | 결제 2,839,740원 | 마일리지 환급 595,020원 | 바로 가입하기",Tesla,Model 3,2026,Model 3,Long Range(2022~),id2,28,남
106,2026-09-08 20:50:57,14로6902,2026-10-01,본인,DB손해보험,"2,429,910","3,072,560","642,650","DB손해보험 | 프로미카 다이렉트개인용자동차보험(플랫폼) | 최종 보험료 | 2,429,910원 | 총 보험료 | 결제 3,072,560원 | 마일리지 환급 642,650원 | 바로 가입하기",Tesla,Model 3,2024,Model 3 Premium Long Range AWD,오토,id2,28,남
107,2026-09-08 20:52:01,14로6902,2026-10-01,본인,DB손해보험,"3,201,950","4,048,620","846,670","DB손해보험 | 프로미카 다이렉트개인용자동차보험(플랫폼) | 최종 보험료 | 3,201,950원 | 총 보험료 | 결제 4,048,620원 | 마일리지 환급 846,670원 | 바로 가입하기",Tesla,Model 3,2022,Model 3,Performance,id2,28,남
108,2026-09-08 20:53:11,14로6902,2026-10-01,본인,DB손해보험,"2,818,100","3,562,150","744,050","DB손해보험 | 프로미카 다이렉트개인용자동차보험(플랫폼) | 최종 보험료 | 2,818,100원 | 총 보험료 | 결제 3,562,150원 | 마일리지 환급 744,050원 | 바로 가입하기",Tesla,Model 3,2020,Model 3,Standard Range Plus,id2,28,남
47,2026-09-09 09:52:07,14로6902,2026-10-01,본인,DB손해보험,"1,061,410","1,375,900","314,490","DB손해보험 | 프로미카 다이렉트개인용자동차보험(플랫폼) | 최종 보험료 | 1,061,410원 | 총 보험료 | 결제 1,375,900원 | 마일리지 환급 314,490원 | 바로 가입하기",현대,코나,2025,디올뉴 코나 2.0,프리미엄(2WD),id2,28,남
48,2026-09-09 09:53:27,14로6902,2026-10-01,본인,DB손해보험,"1,238,750","1,603,750","365,000","DB손해보험 | 프로미카 다이렉트개인용자동차보험(플랫폼) | 최종 보험료 | 1,238,750원 | 총 보험료 | 결제 1,603,750원 | 마일리지 환급 365,000원 | 바로 가입하기",현대,코나,2022,더뉴 코나 2.0,모던(4WD),id2,28,남
49,2026-09-09 09:54:54,14로6902,2026-10-01,본인,DB손해보험,"1,313,370","1,699,730","386,360","DB손해보험 | 프로미카 다이렉트개인용자동차보험(플랫폼) | 최종 보험료 | 1,313,370원 | 총 보험료 | 결제 1,699,730원 | 마일리지 환급 386,360원 | 바로 가입하기",현대,코나,2020,더뉴 코나 1.6 터보,인스퍼레이션(4WD),id2,28,남
50,2026-09-09 09:56:18,14로6902,2026-10-01,본인,DB손해보험,"1,535,170","1,987,220","452,050","DB손해보험 | 프로미카 다이렉트개인용자동차보험(플랫폼) | 최종 보험료 | 1,535,170원 | 총 보험료 | 결제 1,987,220원 | 마일리지 환급 452,050원 | 바로 가입하기",현대,코나,2017,코나 1.6 터보(4WD),스마트,id2,28,남
52,2026-09-09 10:00:46,14로6902,2026-10-01,본인,DB손해보험,"1,174,830","1,520,730","345,900","DB손해보험 | 프로미카 다이렉트개인용자동차보험(플랫폼) | 최종 보험료 | 1,174,830원 | 총 보험료 | 결제 1,520,730원 | 마일리지 환급 345,900원 | 바로 가입하기",기아,셀토스,2023,셀토스 1.6 디젤,노블레스(4WD),id2,28,남
53,2026-09-09 10:02:02,14로6902,2026-10-01,본인,DB손해보험,"1,253,980","1,623,000","369,020","DB손해보험 | 프로미카 다이렉트개인용자동차보험(플랫폼) | 최종 보험료 | 1,253,980원 | 총 보험료 | 결제 1,623,000원 | 마일리지 환급 369,020원 | 바로 가입하기",기아,셀토스,2021,셀토스 1.6 터보,그래비티(4WD),id2,28,남
82,2026-09-09 10:53:27,14로6902,2026-10-01,본인,DB손해보험,"1,526,410","1,976,230","449,820","DB손해보험 | 프로미카 다이렉트개인용자동차보험(플랫폼) | 최종 보험료 | 1,526,410원 | 총 보험료 | 결제 1,976,230원 | 마일리지 환급 449,820원 | 바로 가입하기",Volkswagen,Golf,2019,Golf 1.4 TSI,오토,id2,28,남
83,2026-09-09 10:55:01,14로6902,2026-10-01,본인,DB손해보험,"1,746,530","2,265,660","519,130","DB손해보험 | 프로미카 다이렉트개인용자동차보험(플랫폼) | 최종 보험료 | 1,746,530원 | 총 보험료 | 결제 2,265,660원 | 마일리지 환급 519,130원 | 바로 가입하기",Audi,A5,2025,A5 35 TDI,Premium Sportback,id2,28,남
91,2026-09-08 20:25:41,14로6902,2026-10-01,본인,KB손해보험,"1,124,710","1,510,250","385,540","KB손해보험 | KB다이렉트(플랫폼)개인용자동차보험 | 최종 보험료 | 1,124,710원 | 총 보험료 | 결제 1,510,250원 | 마일리지 환급 385,540원 | 바로 가입하기",기아,RAY,2022,THE NEW RAY 1.0,스탠다드,id2,28,남
100,2026-09-08 20:43:10,14로6902,2026-10-01,본인,KB손해보험,"1,389,030","1,872,450","483,420","KB손해보험 | KB다이렉트(플랫폼)개인용자동차보험 | 최종 보험료 | 1,389,030원 | 총 보험료 | 결제 1,872,450원 | 마일리지 환급 483,420원 | 바로 가입하기",기아,K9,2022,THE K9 3.8 GDI,마스터즈(AWD),id2,28,남
101,2026-09-08 20:44:15,14로6902,2026-10-01,본인,KB손해보험,"1,728,670","2,225,210","496,540","KB손해보험 | KB다이렉트(플랫폼)개인용자동차보험 | 최종 보험료 | 1,728,670원 | 총 보험료 | 결제 2,225,210원 | 마일리지 환급 496,540원 | 바로 가입하기",기아,K9,2019,K9 5.0,퀀텀,id2,28,남
102,2026-09-08 20:45:19,14로6902,2026-10-01,본인,KB손해보험,"1,113,350","1,500,080","386,730","KB손해보험 | KB다이렉트(플랫폼)개인용자동차보험 | 최종 보험료 | 1,113,350원 | 총 보험료 | 결제 1,500,080원 | 마일리지 환급 386,730원 | 바로 가입하기",현대,팰리세이드,2024,팰리세이드 2.2D(22.05.19~),캘리그래피(4WD),id2,28,남
103,2026-09-08 20:46:19,14로6902,2026-10-01,본인,KB손해보험,"1,157,070","1,556,130","399,060","KB손해보험 | KB다이렉트(플랫폼)개인용자동차보험 | 최종 보험료 | 1,157,070원 | 총 보험료 | 결제 1,556,130원 | 마일리지 환급 399,060원 | 바로 가입하기",현대,팰리세이드,2021,팰리세이드 3.8(2WD),프레스티지,id2,28,남
104,2026-09-08 20:47:32,14로6902,2026-10-01,본인,KB손해보험,"1,689,100","2,171,720","482,620","KB손해보험 | KB다이렉트(플랫폼)개인용자동차보험 | 최종 보험료 | 1,689,100원 | 총 보험료 | 결제 2,171,720원 | 마일리지 환급 482,620원 | 바로 가입하기",현대,팰리세이드,2018,팰리세이드 2.2(4WD),프레스티지,id2,28,남
105,2026-09-08 20:49:55,14로6902,2026-10-01,본인,KB손해보험,"2,045,940","2,848,660","802,720","KB손해보험 | KB다이렉트(플랫폼)개인용자동차보험 | 최종 보험료 | 2,045,940원 | 총 보험료 | 결제 2,848,660원 | 마일리지 환급 802,720원 | 바로 가입하기",Tesla,Model 3,2026,Model 3,Long Range(2022~),id2,28,남
106,2026-09-08 20:50:57,14로6902,2026-10-01,본인,KB손해보험,"2,056,920","2,861,070","804,150","KB손해보험 | KB다이렉트(플랫폼)개인용자동차보험 | 최종 보험료 | 2,056,920원 | 총 보험료 | 결제 2,861,070원 | 마일리지 환급 804,150원 | 바로 가입하기",Tesla,Model 3,2024,Model 3 Premium Long Range AWD,오토,id2,28,남
107,2026-09-08 20:52:01,14로6902,2026-10-01,본인,KB손해보험,"2,380,430","3,309,530","929,100","KB손해보험 | KB다이렉트(플랫폼)개인용자동차보험 | 최종 보험료 | 2,380,430원 | 총 보험료 | 결제 3,309,530원 | 마일리지 환급 929,100원 | 바로 가입하기",Tesla,Model 3,2022,Model 3,Performance,id2,28,남
108,2026-09-08 20:53:11,14로6902,2026-10-01,본인,KB손해보험,"2,241,050","2,974,690","733,640","KB손해보험 | KB다이렉트(플랫폼)개인용자동차보험 | 최종 보험료 | 2,241,050원 | 총 보험료 | 결제 2,974,690원 | 마일리지 환급 733,640원 | 바로 가입하기",Tesla,Model 3,2020,Model 3,Standard Range Plus,id2,28,남
47,2026-09-09 09:52:07,14로6902,2026-10-01,본인,KB손해보험,"1,079,070","1,455,830","376,760","KB손해보험 | KB다이렉트(플랫폼)개인용자동차보험 | 최종 보험료 | 1,079,070원 | 총 보험료 | 결제 1,455,830원 | 마일리지 환급 376,760원 | 바로 가입하기",현대,코나,2025,디올뉴 코나 2.0,프리미엄(2WD),id2,28,남
48,2026-09-09 09:53:27,14로6902,2026-10-01,본인,KB손해보험,"1,162,060","1,564,520","402,460","KB손해보험 | KB다이렉트(플랫폼)개인용자동차보험 | 최종 보험료 | 1,162,060원 | 총 보험료 | 결제 1,564,520원 | 마일리지 환급 402,460원 | 바로 가입하기",현대,코나,2022,더뉴 코나 2.0,모던(4WD),id2,28,남
49,2026-09-09 09:54:54,14로6902,2026-10-01,본인,KB손해보험,"1,453,510","1,870,530","417,020","KB손해보험 | KB다이렉트(플랫폼)개인용자동차보험 | 최종 보험료 | 1,453,510원 | 총 보험료 | 결제 1,870,530원 | 마일리지 환급 417,020원 | 바로 가입하기",현대,코나,2020,더뉴 코나 1.6 터보,인스퍼레이션(4WD),id2,28,남
50,2026-09-09 09:56:18,14로6902,2026-10-01,본인,KB손해보험,"1,563,700","2,012,430","448,730","KB손해보험 | KB다이렉트(플랫폼)개인용자동차보험 | 최종 보험료 | 1,563,700원 | 총 보험료 | 결제 2,012,430원 | 마일리지 환급 448,730원 | 바로 가입하기",현대,코나,2017,코나 1.6 터보(4WD),스마트,id2,28,남
51,2026-09-09 09:59:16,14로6902,2026-10-01,본인,KB손해보험,"914,290","1,233,570","319,280","KB손해보험 | KB다이렉트(플랫폼)개인용자동차보험 | 최종 보험료 | 914,290원 | 총 보험료 | 결제 1,233,570원 | 마일리지 환급 319,280원 | 바로 가입하기",기아,셀토스,2026,셀토스 2.0,프레스티지(4WD),id2,28,남
52,2026-09-09 10:00:46,14로6902,2026-10-01,본인,KB손해보험,"1,279,940","1,724,340","444,400","KB손해보험 | KB다이렉트(플랫폼)개인용자동차보험 | 최종 보험료 | 1,279,940원 | 총 보험료 | 결제 1,724,340원 | 마일리지 환급 444,400원 | 바로 가입하기",기아,셀토스,2023,셀토스 1.6 디젤,노블레스(4WD),id2,28,남
53,2026-09-09 10:02:02,14로6902,2026-10-01,본인,KB손해보험,"1,242,470","1,672,350","429,880","KB손해보험 | KB다이렉트(플랫폼)개인용자동차보험 | 최종 보험료 | 1,242,470원 | 총 보험료 | 결제 1,672,350원 | 마일리지 환급 429,880원 | 바로 가입하기",기아,셀토스,2021,셀토스 1.6 터보,그래비티(4WD),id2,28,남
82,2026-09-09 10:53:27,14로6902,2026-10-01,본인,KB손해보험,"1,799,050","2,316,700","517,650","KB손해보험 | KB다이렉트(플랫폼)개인용자동차보험 | 최종 보험료 | 1,799,050원 | 총 보험료 | 결제 2,316,700원 | 마일리지 환급 517,650원 | 바로 가입하기",Volkswagen,Golf,2019,Golf 1.4 TSI,오토,id2,28,남
83,2026-09-09 10:55:01,14로6902,2026-10-01,본인,KB손해보험,"1,659,600","2,241,380","581,780","KB손해보험 | KB다이렉트(플랫폼)개인용자동차보험 | 최종 보험료 | 1,659,600원 | 총 보험료 | 결제 2,241,380원 | 마일리지 환급 581,780원 | 바로 가입하기",Audi,A5,2025,A5 35 TDI,Premium Sportback,id2,28,남
91,2026-09-08 20:25:41,14로6902,2026-10-01,본인,롯데손해보험,"1,245,440","1,495,230","249,790","롯데손해보험 | let:click 개인용자동차보험(인터넷) | 최종 보험료 | 1,245,440원 | 총 보험료 | 결제 1,495,230원 | 마일리지 환급 249,790원 | 바로 가입하기",기아,RAY,2022,THE NEW RAY 1.0,스탠다드,id2,28,남
100,2026-09-08 20:43:10,14로6902,2026-10-01,본인,롯데손해보험,"1,693,150","2,034,720","341,570","롯데손해보험 | let:click 개인용자동차보험(인터넷) | 최종 보험료 | 1,693,150원 | 총 보험료 | 결제 2,034,720원 | 마일리지 환급 341,570원 | 바로 가입하기",기아,K9,2022,THE K9 3.8 GDI,마스터즈(AWD),id2,28,남
101,2026-09-08 20:44:15,14로6902,2026-10-01,본인,롯데손해보험,"2,018,090","2,424,220","406,130","롯데손해보험 | let:click 개인용자동차보험(인터넷) | 최종 보험료 | 2,018,090원 | 총 보험료 | 결제 2,424,220원 | 마일리지 환급 406,130원 | 바로 가입하기",기아,K9,2019,K9 5.0,퀀텀,id2,28,남
102,2026-09-08 20:45:19,14로6902,2026-10-01,본인,롯데손해보험,"1,038,800","1,246,670","207,870","롯데손해보험 | let:click 개인용자동차보험(인터넷) | 최종 보험료 | 1,038,800원 | 총 보험료 | 결제 1,246,670원 | 마일리지 환급 207,870원 | 바로 가입하기",현대,팰리세이드,2024,팰리세이드 2.2D(22.05.19~),캘리그래피(4WD),id2,28,남
103,2026-09-08 20:46:19,14로6902,2026-10-01,본인,롯데손해보험,"989,720","1,186,040","196,320","롯데손해보험 | let:click 개인용자동차보험(인터넷) | 최종 보험료 | 989,720원 | 총 보험료 | 결제 1,186,040원 | 마일리지 환급 196,320원 | 바로 가입하기",현대,팰리세이드,2021,팰리세이드 3.8(2WD),프레스티지,id2,28,남
104,2026-09-08 20:47:32,14로6902,2026-10-01,본인,롯데손해보험,"1,370,480","1,643,400","272,920","롯데손해보험 | let:click 개인용자동차보험(인터넷) | 최종 보험료 | 1,370,480원 | 총 보험료 | 결제 1,643,400원 | 마일리지 환급 272,920원 | 바로 가입하기",현대,팰리세이드,2018,팰리세이드 2.2(4WD),프레스티지,id2,28,남
105,2026-09-08 20:49:55,14로6902,2026-10-01,본인,롯데손해보험,"2,904,260","3,494,170","589,910","롯데손해보험 | let:click 개인용자동차보험(인터넷) | 최종 보험료 | 2,904,260원 | 총 보험료 | 결제 3,494,170원 | 마일리지 환급 589,910원 | 바로 가입하기",Tesla,Model 3,2026,Model 3,Long Range(2022~),id2,28,남
106,2026-09-08 20:50:57,14로6902,2026-10-01,본인,롯데손해보험,"2,494,960","2,999,360","504,400","롯데손해보험 | let:click 개인용자동차보험(인터넷) | 최종 보험료 | 2,494,960원 | 총 보험료 | 결제 2,999,360원 | 마일리지 환급 504,400원 | 바로 가입하기",Tesla,Model 3,2024,Model 3 Premium Long Range AWD,오토,id2,28,남
107,2026-09-08 20:52:01,14로6902,2026-10-01,본인,롯데손해보험,"3,022,730","3,634,610","611,880","롯데손해보험 | let:click 개인용자동차보험(인터넷) | 최종 보험료 | 3,022,730원 | 총 보험료 | 결제 3,634,610원 | 마일리지 환급 611,880원 | 바로 가입하기",Tesla,Model 3,2022,Model 3,Performance,id2,28,남
108,2026-09-08 20:53:11,14로6902,2026-10-01,본인,롯데손해보험,"2,968,950","3,567,870","598,920","롯데손해보험 | let:click 개인용자동차보험(인터넷) | 최종 보험료 | 2,968,950원 | 총 보험료 | 결제 3,567,870원 | 마일리지 환급 598,920원 | 바로 가입하기",Tesla,Model 3,2020,Model 3,Standard Range Plus,id2,28,남
47,2026-09-09 09:52:07,14로6902,2026-10-01,본인,롯데손해보험,"1,284,730","1,544,100","259,370","롯데손해보험 | let:click 개인용자동차보험(인터넷) | 최종 보험료 | 1,284,730원 | 총 보험료 | 결제 1,544,100원 | 마일리지 환급 259,370원 | 바로 가입하기",현대,코나,2025,디올뉴 코나 2.0,프리미엄(2WD),id2,28,남
48,2026-09-09 09:53:27,14로6902,2026-10-01,본인,롯데손해보험,"1,199,940","1,440,450","240,510","롯데손해보험 | let:click 개인용자동차보험(인터넷) | 최종 보험료 | 1,199,940원 | 총 보험료 | 결제 1,440,450원 | 마일리지 환급 240,510원 | 바로 가입하기",현대,코나,2022,더뉴 코나 2.0,모던(4WD),id2,28,남
49,2026-09-09 09:54:54,14로6902,2026-10-01,본인,롯데손해보험,"1,364,460","1,637,010","272,550","롯데손해보험 | let:click 개인용자동차보험(인터넷) | 최종 보험료 | 1,364,460원 | 총 보험료 | 결제 1,637,010원 | 마일리지 환급 272,550원 | 바로 가입하기",현대,코나,2020,더뉴 코나 1.6 터보,인스퍼레이션(4WD),id2,28,남
50,2026-09-09 09:56:18,14로6902,2026-10-01,본인,롯데손해보험,"1,735,250","2,082,980","347,730","롯데손해보험 | let:click 개인용자동차보험(인터넷) | 최종 보험료 | 1,735,250원 | 총 보험료 | 결제 2,082,980원 | 마일리지 환급 347,730원 | 바로 가입하기",현대,코나,2017,코나 1.6 터보(4WD),스마트,id2,28,남
51,2026-09-09 09:59:16,14로6902,2026-10-01,본인,롯데손해보험,"1,009,050","1,211,970","202,920","롯데손해보험 | let:click 개인용자동차보험(인터넷) | 최종 보험료 | 1,009,050원 | 총 보험료 | 결제 1,211,970원 | 마일리지 환급 202,920원 | 바로 가입하기",기아,셀토스,2026,셀토스 2.0,프레스티지(4WD),id2,28,남
52,2026-09-09 10:00:46,14로6902,2026-10-01,본인,롯데손해보험,"1,208,030","1,450,280","242,250","롯데손해보험 | let:click 개인용자동차보험(인터넷) | 최종 보험료 | 1,208,030원 | 총 보험료 | 결제 1,450,280원 | 마일리지 환급 242,250원 | 바로 가입하기",기아,셀토스,2023,셀토스 1.6 디젤,노블레스(4WD),id2,28,남
53,2026-09-09 10:02:02,14로6902,2026-10-01,본인,롯데손해보험,"1,269,200","1,522,810","253,610","롯데손해보험 | let:click 개인용자동차보험(인터넷) | 최종 보험료 | 1,269,200원 | 총 보험료 | 결제 1,522,810원 | 마일리지 환급 253,610원 | 바로 가입하기",기아,셀토스,2021,셀토스 1.6 터보,그래비티(4WD),id2,28,남
82,2026-09-09 10:53:27,14로6902,2026-10-01,본인,롯데손해보험,"1,609,060","1,931,460","322,400","롯데손해보험 | let:click 개인용자동차보험(인터넷) | 최종 보험료 | 1,609,060원 | 총 보험료 | 결제 1,931,460원 | 마일리지 환급 322,400원 | 바로 가입하기",Volkswagen,Golf,2019,Golf 1.4 TSI,오토,id2,28,남
83,2026-09-09 10:55:01,14로6902,2026-10-01,본인,롯데손해보험,"1,972,930","2,373,260","400,330","롯데손해보험 | let:click 개인용자동차보험(인터넷) | 최종 보험료 | 1,972,930원 | 총 보험료 | 결제 2,373,260원 | 마일리지 환급 400,330원 | 바로 가입하기",Audi,A5,2025,A5 35 TDI,Premium Sportback,id2,28,남
91,2026-09-08 20:25:41,14로6902,2026-10-01,본인,메리츠화재,"1,047,520","1,504,150","456,630","메리츠화재 | 메리츠화재 다이렉트 자동차보험(CM) | 최종 보험료 | 1,047,520원 | 총 보험료 | 결제 1,504,150원 | 마일리지 환급 456,630원 | 바로 가입하기",기아,RAY,2022,THE NEW RAY 1.0,스탠다드,id2,28,남
100,2026-09-08 20:43:10,14로6902,2026-10-01,본인,메리츠화재,"1,302,060","1,877,160","575,100","메리츠화재 | 메리츠화재 다이렉트 자동차보험(CM) | 최종 보험료 | 1,302,060원 | 총 보험료 | 결제 1,877,160원 | 마일리지 환급 575,100원 | 바로 가입하기",기아,K9,2022,THE K9 3.8 GDI,마스터즈(AWD),id2,28,남
101,2026-09-08 20:44:15,14로6902,2026-10-01,본인,메리츠화재,"1,504,450","2,166,480","662,030","메리츠화재 | 메리츠화재 다이렉트 자동차보험(CM) | 최종 보험료 | 1,504,450원 | 총 보험료 | 결제 2,166,480원 | 마일리지 환급 662,030원 | 바로 가입하기",기아,K9,2019,K9 5.0,퀀텀,id2,28,남
102,2026-09-08 20:45:19,14로6902,2026-10-01,본인,메리츠화재,"1,195,100","1,724,200","529,100","메리츠화재 | 메리츠화재 다이렉트 자동차보험(CM) | 최종 보험료 | 1,195,100원 | 총 보험료 | 결제 1,724,200원 | 마일리지 환급 529,100원 | 바로 가입하기",현대,팰리세이드,2024,팰리세이드 2.2D(22.05.19~),캘리그래피(4WD),id2,28,남
103,2026-09-08 20:46:19,14로6902,2026-10-01,본인,메리츠화재,"1,313,760","1,891,760","578,000","메리츠화재 | 메리츠화재 다이렉트 자동차보험(CM) | 최종 보험료 | 1,313,760원 | 총 보험료 | 결제 1,891,760원 | 마일리지 환급 578,000원 | 바로 가입하기",현대,팰리세이드,2021,팰리세이드 3.8(2WD),프레스티지,id2,28,남
104,2026-09-08 20:47:32,14로6902,2026-10-01,본인,메리츠화재,"1,698,390","2,445,960","747,570","메리츠화재 | 메리츠화재 다이렉트 자동차보험(CM) | 최종 보험료 | 1,698,390원 | 총 보험료 | 결제 2,445,960원 | 마일리지 환급 747,570원 | 바로 가입하기",현대,팰리세이드,2018,팰리세이드 2.2(4WD),프레스티지,id2,28,남
105,2026-09-08 20:49:55,14로6902,2026-10-01,본인,메리츠화재,"2,623,520","3,798,840","1,175,320","메리츠화재 | 메리츠화재 다이렉트 자동차보험(CM) | 최종 보험료 | 2,623,520원 | 총 보험료 | 결제 3,798,840원 | 마일리지 환급 1,175,320원 | 바로 가입하기",Tesla,Model 3,2026,Model 3,Long Range(2022~),id2,28,남
106,2026-09-08 20:50:57,14로6902,2026-10-01,본인,메리츠화재,"2,505,280","3,626,530","1,121,250","메리츠화재 | 메리츠화재 다이렉트 자동차보험(CM) | 최종 보험료 | 2,505,280원 | 총 보험료 | 결제 3,626,530원 | 마일리지 환급 1,121,250원 | 바로 가입하기",Tesla,Model 3,2024,Model 3 Premium Long Range AWD,오토,id2,28,남
107,2026-09-08 20:52:01,14로6902,2026-10-01,본인,메리츠화재,"3,196,330","4,626,180","1,429,850","메리츠화재 | 메리츠화재 다이렉트 자동차보험(CM) | 최종 보험료 | 3,196,330원 | 총 보험료 | 결제 4,626,180원 | 마일리지 환급 1,429,850원 | 바로 가입하기",Tesla,Model 3,2022,Model 3,Performance,id2,28,남
108,2026-09-08 20:53:11,14로6902,2026-10-01,본인,메리츠화재,"2,837,410","4,105,010","1,267,600","메리츠화재 | 메리츠화재 다이렉트 자동차보험(CM) | 최종 보험료 | 2,837,410원 | 총 보험료 | 결제 4,105,010원 | 마일리지 환급 1,267,600원 | 바로 가입하기",Tesla,Model 3,2020,Model 3,Standard Range Plus,id2,28,남
47,2026-09-09 09:52:07,14로6902,2026-10-01,본인,메리츠화재,"1,053,660","1,521,330","467,670","메리츠화재 | 메리츠화재 다이렉트 자동차보험(CM) | 최종 보험료 | 1,053,660원 | 총 보험료 | 결제 1,521,330원 | 마일리지 환급 467,670원 | 바로 가입하기",현대,코나,2025,디올뉴 코나 2.0,프리미엄(2WD),id2,28,남
48,2026-09-09 09:53:27,14로6902,2026-10-01,본인,메리츠화재,"1,063,010","1,530,390","467,380","메리츠화재 | 메리츠화재 다이렉트 자동차보험(CM) | 최종 보험료 | 1,063,010원 | 총 보험료 | 결제 1,530,390원 | 마일리지 환급 467,380원 | 바로 가입하기",현대,코나,2022,더뉴 코나 2.0,모던(4WD),id2,28,남
49,2026-09-09 09:54:54,14로6902,2026-10-01,본인,메리츠화재,"1,264,220","1,821,480","557,260","메리츠화재 | 메리츠화재 다이렉트 자동차보험(CM) | 최종 보험료 | 1,264,220원 | 총 보험료 | 결제 1,821,480원 | 마일리지 환급 557,260원 | 바로 가입하기",현대,코나,2020,더뉴 코나 1.6 터보,인스퍼레이션(4WD),id2,28,남
50,2026-09-09 09:56:18,14로6902,2026-10-01,본인,메리츠화재,"1,322,270","1,902,280","580,010","메리츠화재 | 메리츠화재 다이렉트 자동차보험(CM) | 최종 보험료 | 1,322,270원 | 총 보험료 | 결제 1,902,280원 | 마일리지 환급 580,010원 | 바로 가입하기",현대,코나,2017,코나 1.6 터보(4WD),스마트,id2,28,남
51,2026-09-09 09:59:16,14로6902,2026-10-01,본인,메리츠화재,"865,090","1,248,200","383,110","메리츠화재 | 메리츠화재 다이렉트 자동차보험(CM) | 최종 보험료 | 865,090원 | 총 보험료 | 결제 1,248,200원 | 마일리지 환급 383,110원 | 바로 가입하기",기아,셀토스,2026,셀토스 2.0,프레스티지(4WD),id2,28,남
52,2026-09-09 10:00:46,14로6902,2026-10-01,본인,메리츠화재,"1,119,350","1,612,940","493,590","메리츠화재 | 메리츠화재 다이렉트 자동차보험(CM) | 최종 보험료 | 1,119,350원 | 총 보험료 | 결제 1,612,940원 | 마일리지 환급 493,590원 | 바로 가입하기",기아,셀토스,2023,셀토스 1.6 디젤,노블레스(4WD),id2,28,남
53,2026-09-09 10:02:02,14로6902,2026-10-01,본인,메리츠화재,"1,225,130","1,764,840","539,710","메리츠화재 | 메리츠화재 다이렉트 자동차보험(CM) | 최종 보험료 | 1,225,130원 | 총 보험료 | 결제 1,764,840원 | 마일리지 환급 539,710원 | 바로 가입하기",기아,셀토스,2021,셀토스 1.6 터보,그래비티(4WD),id2,28,남
82,2026-09-09 10:53:27,14로6902,2026-10-01,본인,메리츠화재,"1,376,280","1,984,150","607,870","메리츠화재 | 메리츠화재 다이렉트 자동차보험(CM) | 최종 보험료 | 1,376,280원 | 총 보험료 | 결제 1,984,150원 | 마일리지 환급 607,870원 | 바로 가입하기",Volkswagen,Golf,2019,Golf 1.4 TSI,오토,id2,28,남
83,2026-09-09 10:55:01,14로6902,2026-10-01,본인,메리츠화재,"1,827,950","2,643,980","816,030","메리츠화재 | 메리츠화재 다이렉트 자동차보험(CM) | 최종 보험료 | 1,827,950원 | 총 보험료 | 결제 2,643,980원 | 마일리지 환급 816,030원 | 바로 가입하기",Audi,A5,2025,A5 35 TDI,Premium Sportback,id2,28,남
91,2026-09-08 20:25:41,14로6902,2026-10-01,본인,삼성화재,"1,290,940","1,567,780","276,840","삼성화재 | 개인용애니카다이렉트자동차보험(플랫폼) | 최종 보험료 | 1,290,940원 | 총 보험료 | 결제 1,567,780원 | 마일리지 환급 276,840원 | 바로 가입하기",기아,RAY,2022,THE NEW RAY 1.0,스탠다드,id2,28,남
100,2026-09-08 20:43:10,14로6902,2026-10-01,본인,삼성화재,"1,206,120","1,465,800","259,680","삼성화재 | 개인용애니카다이렉트자동차보험(플랫폼) | 최종 보험료 | 1,206,120원 | 총 보험료 | 결제 1,465,800원 | 마일리지 환급 259,680원 | 바로 가입하기",기아,K9,2022,THE K9 3.8 GDI,마스터즈(AWD),id2,28,남
101,2026-09-08 20:44:15,14로6902,2026-10-01,본인,삼성화재,"1,544,090","1,877,470","333,380","삼성화재 | 개인용애니카다이렉트자동차보험(플랫폼) | 최종 보험료 | 1,544,090원 | 총 보험료 | 결제 1,877,470원 | 마일리지 환급 333,380원 | 바로 가입하기",기아,K9,2019,K9 5.0,퀀텀,id2,28,남
102,2026-09-08 20:45:19,14로6902,2026-10-01,본인,삼성화재,"1,064,850","1,294,890","230,040","삼성화재 | 개인용애니카다이렉트자동차보험(플랫폼) | 최종 보험료 | 1,064,850원 | 총 보험료 | 결제 1,294,890원 | 마일리지 환급 230,040원 | 바로 가입하기",현대,팰리세이드,2024,팰리세이드 2.2D(22.05.19~),캘리그래피(4WD),id2,28,남
103,2026-09-08 20:46:19,14로6902,2026-10-01,본인,삼성화재,"1,047,560","1,272,880","225,320","삼성화재 | 개인용애니카다이렉트자동차보험(플랫폼) | 최종 보험료 | 1,047,560원 | 총 보험료 | 결제 1,272,880원 | 마일리지 환급 225,320원 | 바로 가입하기",현대,팰리세이드,2021,팰리세이드 3.8(2WD),프레스티지,id2,28,남
104,2026-09-08 20:47:32,14로6902,2026-10-01,본인,삼성화재,"1,416,020","1,720,860","304,840","삼성화재 | 개인용애니카다이렉트자동차보험(플랫폼) | 최종 보험료 | 1,416,020원 | 총 보험료 | 결제 1,720,860원 | 마일리지 환급 304,840원 | 바로 가입하기",현대,팰리세이드,2018,팰리세이드 2.2(4WD),프레스티지,id2,28,남
105,2026-09-08 20:49:55,14로6902,2026-10-01,본인,삼성화재,"2,426,070","3,105,710","679,640","삼성화재 | 개인용애니카다이렉트자동차보험(플랫폼) | 최종 보험료 | 2,426,070원 | 총 보험료 | 결제 3,105,710원 | 마일리지 환급 679,640원 | 바로 가입하기",Tesla,Model 3,2026,Model 3,Long Range(2022~),id2,28,남
106,2026-09-08 20:50:57,14로6902,2026-10-01,본인,삼성화재,"2,158,710","2,761,710","603,000","삼성화재 | 개인용애니카다이렉트자동차보험(플랫폼) | 최종 보험료 | 2,158,710원 | 총 보험료 | 결제 2,761,710원 | 마일리지 환급 603,000원 | 바로 가입하기",Tesla,Model 3,2024,Model 3 Premium Long Range AWD,오토,id2,28,남
107,2026-09-08 20:52:01,14로6902,2026-10-01,본인,삼성화재,"2,386,690","3,052,590","665,900","삼성화재 | 개인용애니카다이렉트자동차보험(플랫폼) | 최종 보험료 | 2,386,690원 | 총 보험료 | 결제 3,052,590원 | 마일리지 환급 665,900원 | 바로 가입하기",Tesla,Model 3,2022,Model 3,Performance,id2,28,남
108,2026-09-08 20:53:11,14로6902,2026-10-01,본인,삼성화재,"2,421,720","3,096,890","675,170","삼성화재 | 개인용애니카다이렉트자동차보험(플랫폼) | 최종 보험료 | 2,421,720원 | 총 보험료 | 결제 3,096,890원 | 마일리지 환급 675,170원 | 바로 가입하기",Tesla,Model 3,2020,Model 3,Standard Range Plus,id2,28,남
47,2026-09-09 09:52:07,14로6902,2026-10-01,본인,삼성화재,"1,169,120","1,423,050","253,930","삼성화재 | 개인용애니카다이렉트자동차보험(플랫폼) | 최종 보험료 | 1,169,120원 | 총 보험료 | 결제 1,423,050원 | 마일리지 환급 253,930원 | 바로 가입하기",현대,코나,2025,디올뉴 코나 2.0,프리미엄(2WD),id2,28,남
48,2026-09-09 09:53:27,14로6902,2026-10-01,본인,삼성화재,"1,350,980","1,643,760","292,780","삼성화재 | 개인용애니카다이렉트자동차보험(플랫폼) | 최종 보험료 | 1,350,980원 | 총 보험료 | 결제 1,643,760원 | 마일리지 환급 292,780원 | 바로 가입하기",현대,코나,2022,더뉴 코나 2.0,모던(4WD),id2,28,남
49,2026-09-09 09:54:54,14로6902,2026-10-01,본인,삼성화재,"1,155,240","1,404,180","248,940","삼성화재 | 개인용애니카다이렉트자동차보험(플랫폼) | 최종 보험료 | 1,155,240원 | 총 보험료 | 결제 1,404,180원 | 마일리지 환급 248,940원 | 바로 가입하기",현대,코나,2020,더뉴 코나 1.6 터보,인스퍼레이션(4WD),id2,28,남
50,2026-09-09 09:56:18,14로6902,2026-10-01,본인,삼성화재,"1,342,620","1,631,900","289,280","삼성화재 | 개인용애니카다이렉트자동차보험(플랫폼) | 최종 보험료 | 1,342,620원 | 총 보험료 | 결제 1,631,900원 | 마일리지 환급 289,280원 | 바로 가입하기",현대,코나,2017,코나 1.6 터보(4WD),스마트,id2,28,남
51,2026-09-09 09:59:16,14로6902,2026-10-01,본인,삼성화재,"1,020,370","1,241,920","221,550","삼성화재 | 개인용애니카다이렉트자동차보험(플랫폼) | 최종 보험료 | 1,020,370원 | 총 보험료 | 결제 1,241,920원 | 마일리지 환급 221,550원 | 바로 가입하기",기아,셀토스,2026,셀토스 2.0,프레스티지(4WD),id2,28,남
52,2026-09-09 10:00:46,14로6902,2026-10-01,본인,삼성화재,"1,223,510","1,487,250","263,740","삼성화재 | 개인용애니카다이렉트자동차보험(플랫폼) | 최종 보험료 | 1,223,510원 | 총 보험료 | 결제 1,487,250원 | 마일리지 환급 263,740원 | 바로 가입하기",기아,셀토스,2023,셀토스 1.6 디젤,노블레스(4WD),id2,28,남
53,2026-09-09 10:02:02,14로6902,2026-10-01,본인,삼성화재,"1,163,620","1,414,560","250,940","삼성화재 | 개인용애니카다이렉트자동차보험(플랫폼) | 최종 보험료 | 1,163,620원 | 총 보험료 | 결제 1,414,560원 | 마일리지 환급 250,940원 | 바로 가입하기",기아,셀토스,2021,셀토스 1.6 터보,그래비티(4WD),id2,28,남
82,2026-09-09 10:53:27,14로6902,2026-10-01,본인,삼성화재,"1,486,330","1,807,720","321,390","삼성화재 | 개인용애니카다이렉트자동차보험(플랫폼) | 최종 보험료 | 1,486,330원 | 총 보험료 | 결제 1,807,720원 | 마일리지 환급 321,390원 | 바로 가입하기",Volkswagen,Golf,2019,Golf 1.4 TSI,오토,id2,28,남
83,2026-09-09 10:55:01,14로6902,2026-10-01,본인,삼성화재,"1,860,250","2,265,210","404,960","삼성화재 | 개인용애니카다이렉트자동차보험(플랫폼) | 최종 보험료 | 1,860,250원 | 총 보험료 | 결제 2,265,210원 | 마일리지 환급 404,960원 | 바로 가입하기",Audi,A5,2025,A5 35 TDI,Premium Sportback,id2,28,남
91,2026-09-08 20:25:41,14로6902,2026-10-01,본인,하나손해보험,"1,090,070","1,422,430","332,360","하나손해보험 | 하나 다이렉트 자동차보험 | 최종 보험료 | 1,090,070원 | 총 보험료 | 결제 1,422,430원 | 마일리지 환급 332,360원 | 마일리지 선할인 318,340원 | 바로 가입하기",기아,RAY,2022,THE NEW RAY 1.0,스탠다드,id2,28,남
100,2026-09-08 20:43:10,14로6902,2026-10-01,본인,하나손해보험,"1,700,630","2,223,720","523,090","하나손해보험 | 하나 다이렉트 자동차보험 | 최종 보험료 | 1,700,630원 | 총 보험료 | 결제 2,223,720원 | 마일리지 환급 523,090원 | 마일리지 선할인 501,020원 | 바로 가입하기",기아,K9,2022,THE K9 3.8 GDI,마스터즈(AWD),id2,28,남
101,2026-09-08 20:44:15,14로6902,2026-10-01,본인,하나손해보험,"1,875,030","2,449,390","574,360","하나손해보험 | 하나 다이렉트 자동차보험 | 최종 보험료 | 1,875,030원 | 총 보험료 | 결제 2,449,390원 | 마일리지 환급 574,360원 | 마일리지 선할인 550,130원 | 바로 가입하기",기아,K9,2019,K9 5.0,퀀텀,id2,28,남
102,2026-09-08 20:45:19,14로6902,2026-10-01,본인,하나손해보험,"893,420","1,167,610","274,190","하나손해보험 | 하나 다이렉트 자동차보험 | 최종 보험료 | 893,420원 | 총 보험료 | 결제 1,167,610원 | 마일리지 환급 274,190원 | 마일리지 선할인 262,620원 | 바로 가입하기",현대,팰리세이드,2024,팰리세이드 2.2D(22.05.19~),캘리그래피(4WD),id2,28,남
103,2026-09-08 20:46:19,14로6902,2026-10-01,본인,하나손해보험,"1,042,470","1,360,150","317,680","하나손해보험 | 하나 다이렉트 자동차보험 | 최종 보험료 | 1,042,470원 | 총 보험료 | 결제 1,360,150원 | 마일리지 환급 317,680원 | 마일리지 선할인 304,270원 | 바로 가입하기",현대,팰리세이드,2021,팰리세이드 3.8(2WD),프레스티지,id2,28,남
104,2026-09-08 20:47:32,14로6902,2026-10-01,본인,하나손해보험,"1,231,110","1,604,300","373,190","하나손해보험 | 하나 다이렉트 자동차보험 | 최종 보험료 | 1,231,110원 | 총 보험료 | 결제 1,604,300원 | 마일리지 환급 373,190원 | 마일리지 선할인 357,440원 | 바로 가입하기",현대,팰리세이드,2018,팰리세이드 2.2(4WD),프레스티지,id2,28,남
105,2026-09-08 20:49:55,14로6902,2026-10-01,본인,하나손해보험,"2,554,190","3,420,440","866,250","하나손해보험 | 하나 다이렉트 자동차보험 | 최종 보험료 | 2,554,190원 | 총 보험료 | 결제 3,420,440원 | 마일리지 환급 866,250원 | 마일리지 선할인 832,150원 | 바로 가입하기",Tesla,Model 3,2026,Model 3,Long Range(2022~),id2,28,남
106,2026-09-08 20:50:57,14로6902,2026-10-01,본인,하나손해보험,"2,244,670","3,005,530","760,860","하나손해보험 | 하나 다이렉트 자동차보험 | 최종 보험료 | 2,244,670원 | 총 보험료 | 결제 3,005,530원 | 마일리지 환급 760,860원 | 마일리지 선할인 730,910원 | 바로 가입하기",Tesla,Model 3,2024,Model 3 Premium Long Range AWD,오토,id2,28,남
107,2026-09-08 20:52:01,14로6902,2026-10-01,본인,하나손해보험,"3,090,260","4,136,790","1,046,530","하나손해보험 | 하나 다이렉트 자동차보험 | 최종 보험료 | 3,090,260원 | 총 보험료 | 결제 4,136,790원 | 마일리지 환급 1,046,530원 | 마일리지 선할인 1,005,330원 | 바로 가입하기",Tesla,Model 3,2022,Model 3,Performance,id2,28,남
108,2026-09-08 20:53:11,14로6902,2026-10-01,본인,하나손해보험,"2,633,260","3,521,010","887,750","하나손해보험 | 하나 다이렉트 자동차보험 | 최종 보험료 | 2,633,260원 | 총 보험료 | 결제 3,521,010원 | 마일리지 환급 887,750원 | 마일리지 선할인 852,800원 | 바로 가입하기",Tesla,Model 3,2020,Model 3,Standard Range Plus,id2,28,남
47,2026-09-09 09:52:07,14로6902,2026-10-01,본인,하나손해보험,"1,088,200","1,423,110","334,910","하나손해보험 | 하나 다이렉트 자동차보험 | 최종 보험료 | 1,088,200원 | 총 보험료 | 결제 1,423,110원 | 마일리지 환급 334,910원 | 마일리지 선할인 320,780원 | 바로 가입하기",현대,코나,2025,디올뉴 코나 2.0,프리미엄(2WD),id2,28,남
48,2026-09-09 09:53:27,14로6902,2026-10-01,본인,하나손해보험,"1,206,150","1,575,650","369,500","하나손해보험 | 하나 다이렉트 자동차보험 | 최종 보험료 | 1,206,150원 | 총 보험료 | 결제 1,575,650원 | 마일리지 환급 369,500원 | 마일리지 선할인 353,910원 | 바로 가입하기",현대,코나,2022,더뉴 코나 2.0,모던(4WD),id2,28,남
49,2026-09-09 09:54:54,14로6902,2026-10-01,본인,하나손해보험,"1,194,010","1,555,960","361,950","하나손해보험 | 하나 다이렉트 자동차보험 | 최종 보험료 | 1,194,010원 | 총 보험료 | 결제 1,555,960원 | 마일리지 환급 361,950원 | 마일리지 선할인 346,670원 | 바로 가입하기",현대,코나,2020,더뉴 코나 1.6 터보,인스퍼레이션(4WD),id2,28,남
50,2026-09-09 09:56:18,14로6902,2026-10-01,본인,하나손해보험,"1,350,130","1,760,570","410,440","하나손해보험 | 하나 다이렉트 자동차보험 | 최종 보험료 | 1,350,130원 | 총 보험료 | 결제 1,760,570원 | 마일리지 환급 410,440원 | 마일리지 선할인 393,120원 | 바로 가입하기",현대,코나,2017,코나 1.6 터보(4WD),스마트,id2,28,남
51,2026-09-09 09:59:16,14로6902,2026-10-01,본인,하나손해보험,"964,430","1,260,890","296,460","하나손해보험 | 하나 다이렉트 자동차보험 | 최종 보험료 | 964,430원 | 총 보험료 | 결제 1,260,890원 | 마일리지 환급 296,460원 | 마일리지 선할인 283,950원 | 바로 가입하기",기아,셀토스,2026,셀토스 2.0,프레스티지(4WD),id2,28,남
52,2026-09-09 10:00:46,14로6902,2026-10-01,본인,하나손해보험,"1,131,090","1,476,200","345,110","하나손해보험 | 하나 다이렉트 자동차보험 | 최종 보험료 | 1,131,090원 | 총 보험료 | 결제 1,476,200원 | 마일리지 환급 345,110원 | 마일리지 선할인 330,550원 | 바로 가입하기",기아,셀토스,2023,셀토스 1.6 디젤,노블레스(4WD),id2,28,남
53,2026-09-09 10:02:02,14로6902,2026-10-01,본인,하나손해보험,"1,232,450","1,609,040","376,590","하나손해보험 | 하나 다이렉트 자동차보험 | 최종 보험료 | 1,232,450원 | 총 보험료 | 결제 1,609,040원 | 마일리지 환급 376,590원 | 마일리지 선할인 360,700원 | 바로 가입하기",기아,셀토스,2021,셀토스 1.6 터보,그래비티(4WD),id2,28,남
82,2026-09-09 10:53:27,14로6902,2026-10-01,본인,하나손해보험,"1,493,270","1,948,170","454,900","하나손해보험 | 하나 다이렉트 자동차보험 | 최종 보험료 | 1,493,270원 | 총 보험료 | 결제 1,948,170원 | 마일리지 환급 454,900원 | 마일리지 선할인 435,710원 | 바로 가입하기",Volkswagen,Golf,2019,Golf 1.4 TSI,오토,id2,28,남
83,2026-09-09 10:55:01,14로6902,2026-10-01,본인,하나손해보험,"1,751,280","2,292,150","540,870","하나손해보험 | 하나 다이렉트 자동차보험 | 최종 보험료 | 1,751,280원 | 총 보험료 | 결제 2,292,150원 | 마일리지 환급 540,870원 | 마일리지 선할인 518,050원 | 바로 가입하기",Audi,A5,2025,A5 35 TDI,Premium Sportback,id2,28,남
91,2026-09-08 20:25:41,14로6902,2026-10-01,본인,한화손보,"1,162,210","1,289,120","126,910","한화손보 | 캐롯 자동차보험 | 최종 보험료 | 1,162,210원 | 총 보험료 | 결제 1,289,120원 | 마일리지 환급 126,910원 | 월 납입 시 189,900원 | 바로 가입하기",기아,RAY,2022,THE NEW RAY 1.0,스탠다드,id2,28,남
100,2026-09-08 20:43:10,14로6902,2026-10-01,본인,한화손보,"1,528,950","1,698,560","169,610","한화손보 | 캐롯 자동차보험 | 최종 보험료 | 1,528,950원 | 총 보험료 | 결제 1,698,560원 | 마일리지 환급 169,610원 | 월 납입 시 228,790원 | 바로 가입하기",기아,K9,2022,THE K9 3.8 GDI,마스터즈(AWD),id2,28,남
101,2026-09-08 20:44:15,14로6902,2026-10-01,본인,한화손보,"1,871,270","2,078,500","207,230","한화손보 | 캐롯 자동차보험 | 최종 보험료 | 1,871,270원 | 총 보험료 | 결제 2,078,500원 | 마일리지 환급 207,230원 | 월 납입 시 282,730원 | 바로 가입하기",기아,K9,2019,K9 5.0,퀀텀,id2,28,남
102,2026-09-08 20:45:19,14로6902,2026-10-01,본인,한화손보,"941,670","1,045,770","104,100","한화손보 | 캐롯 자동차보험 | 최종 보험료 | 941,670원 | 총 보험료 | 결제 1,045,770원 | 마일리지 환급 104,100원 | 월 납입 시 143,730원 | 바로 가입하기",현대,팰리세이드,2024,팰리세이드 2.2D(22.05.19~),캘리그래피(4WD),id2,28,남
103,2026-09-08 20:46:19,14로6902,2026-10-01,본인,한화손보,"989,860","1,098,500","108,640","한화손보 | 캐롯 자동차보험 | 최종 보험료 | 989,860원 | 총 보험료 | 결제 1,098,500원 | 마일리지 환급 108,640원 | 월 납입 시 157,140원 | 바로 가입하기",현대,팰리세이드,2021,팰리세이드 3.8(2WD),프레스티지,id2,28,남
104,2026-09-08 20:47:32,14로6902,2026-10-01,본인,한화손보,"1,570,290","1,743,230","172,940","한화손보 | 캐롯 자동차보험 | 최종 보험료 | 1,570,290원 | 총 보험료 | 결제 1,743,230원 | 마일리지 환급 172,940원 | 월 납입 시 244,640원 | 바로 가입하기",현대,팰리세이드,2018,팰리세이드 2.2(4WD),프레스티지,id2,28,남
105,2026-09-08 20:49:55,14로6902,2026-10-01,본인,한화손보,"2,622,920","3,350,210","727,290","한화손보 | 캐롯 자동차보험 | 최종 보험료 | 2,622,920원 | 총 보험료 | 결제 3,350,210원 | 마일리지 환급 727,290원 | 월 납입 시 371,590원 | 바로 가입하기",Tesla,Model 3,2026,Model 3,Long Range(2022~),id2,28,남
106,2026-09-08 20:50:57,14로6902,2026-10-01,본인,한화손보,"2,462,730","2,737,650","274,920","한화손보 | 캐롯 자동차보험 | 최종 보험료 | 2,462,730원 | 총 보험료 | 결제 2,737,650원 | 마일리지 환급 274,920원 | 월 납입 시 354,760원 | 바로 가입하기",Tesla,Model 3,2024,Model 3 Premium Long Range AWD,오토,id2,28,남
107,2026-09-08 20:52:01,14로6902,2026-10-01,본인,한화손보,"2,869,240","3,188,960","319,720","한화손보 | 캐롯 자동차보험 | 최종 보험료 | 2,869,240원 | 총 보험료 | 결제 3,188,960원 | 마일리지 환급 319,720원 | 월 납입 시 417,800원 | 바로 가입하기",Tesla,Model 3,2022,Model 3,Performance,id2,28,남
108,2026-09-08 20:53:11,14로6902,2026-10-01,본인,한화손보,"2,552,920","2,835,960","283,040","한화손보 | 캐롯 자동차보험 | 최종 보험료 | 2,552,920원 | 총 보험료 | 결제 2,835,960원 | 마일리지 환급 283,040원 | 월 납입 시 382,900원 | 바로 가입하기",Tesla,Model 3,2020,Model 3,Standard Range Plus,id2,28,남
47,2026-09-09 09:52:07,14로6902,2026-10-01,본인,한화손보,"1,020,980","1,134,400","113,420","한화손보 | 캐롯 자동차보험 | 최종 보험료 | 1,020,980원 | 총 보험료 | 결제 1,134,400원 | 마일리지 환급 113,420원 | 월 납입 시 151,770원 | 바로 가입하기",현대,코나,2025,디올뉴 코나 2.0,프리미엄(2WD),id2,28,남
48,2026-09-09 09:53:27,14로6902,2026-10-01,본인,한화손보,"1,167,740","1,296,550","128,810","한화손보 | 캐롯 자동차보험 | 최종 보험료 | 1,167,740원 | 총 보험료 | 결제 1,296,550원 | 마일리지 환급 128,810원 | 월 납입 시 180,680원 | 바로 가입하기",현대,코나,2022,더뉴 코나 2.0,모던(4WD),id2,28,남
49,2026-09-09 09:54:54,14로6902,2026-10-01,본인,한화손보,"1,304,070","1,447,130","143,060","한화손보 | 캐롯 자동차보험 | 최종 보험료 | 1,304,070원 | 총 보험료 | 결제 1,447,130원 | 마일리지 환급 143,060원 | 월 납입 시 207,790원 | 바로 가입하기",현대,코나,2020,더뉴 코나 1.6 터보,인스퍼레이션(4WD),id2,28,남
50,2026-09-09 09:56:18,14로6902,2026-10-01,본인,한화손보,"1,468,550","1,630,120","161,570","한화손보 | 캐롯 자동차보험 | 최종 보험료 | 1,468,550원 | 총 보험료 | 결제 1,630,120원 | 마일리지 환급 161,570원 | 월 납입 시 230,540원 | 바로 가입하기",현대,코나,2017,코나 1.6 터보(4WD),스마트,id2,28,남
51,2026-09-09 09:59:16,14로6902,2026-10-01,본인,한화손보,"946,240","1,206,820","260,580","한화손보 | 캐롯 자동차보험 | 최종 보험료 | 946,240원 | 총 보험료 | 결제 1,206,820원 | 마일리지 환급 260,580원 | 월 납입 시 140,160원 | 바로 가입하기",기아,셀토스,2026,셀토스 2.0,프레스티지(4WD),id2,28,남
52,2026-09-09 10:00:46,14로6902,2026-10-01,본인,한화손보,"1,305,400","1,449,450","144,050","한화손보 | 캐롯 자동차보험 | 최종 보험료 | 1,305,400원 | 총 보험료 | 결제 1,449,450원 | 마일리지 환급 144,050원 | 월 납입 시 201,530원 | 바로 가입하기",기아,셀토스,2023,셀토스 1.6 디젤,노블레스(4WD),id2,28,남
53,2026-09-09 10:02:02,14로6902,2026-10-01,본인,한화손보,"1,297,110","1,440,230","143,120","한화손보 | 캐롯 자동차보험 | 최종 보험료 | 1,297,110원 | 총 보험료 | 결제 1,440,230원 | 마일리지 환급 143,120원 | 월 납입 시 200,390원 | 바로 가입하기",기아,셀토스,2021,셀토스 1.6 터보,그래비티(4WD),id2,28,남
82,2026-09-09 10:53:27,14로6902,2026-10-01,본인,한화손보,"1,491,850","1,656,040","164,190","한화손보 | 캐롯 자동차보험 | 최종 보험료 | 1,491,850원 | 총 보험료 | 결제 1,656,040원 | 마일리지 환급 164,190원 | 월 납입 시 233,620원 | 바로 가입하기",Volkswagen,Golf,2019,Golf 1.4 TSI,오토,id2,28,남
83,2026-09-09 10:55:01,14로6902,2026-10-01,본인,한화손보,"1,757,750","1,954,080","196,330","한화손보 | 캐롯 자동차보험 | 최종 보험료 | 1,757,750원 | 총 보험료 | 결제 1,954,080원 | 마일리지 환급 196,330원 | 월 납입 시 252,480원 | 바로 가입하기",Audi,A5,2025,A5 35 TDI,Premium Sportback,id2,28,남
91,2026-09-08 20:25:41,14로6902,2026-10-01,본인,현대해상,"1,270,160","1,641,060","370,900","현대해상 | Hicar 다이렉트 개인용자동차보험(플랫폼) | 최종 보험료 | 1,270,160원 | 총 보험료 | 결제 1,641,060원 | 마일리지 환급 370,900원 | 바로 가입하기",기아,RAY,2022,THE NEW RAY 1.0,스탠다드,id2,28,남
100,2026-09-08 20:43:10,14로6902,2026-10-01,본인,현대해상,"1,003,910","1,300,840","296,930","현대해상 | Hicar 다이렉트 개인용자동차보험(플랫폼) | 최종 보험료 | 1,003,910원 | 총 보험료 | 결제 1,300,840원 | 마일리지 환급 296,930원 | 바로 가입하기",기아,K9,2022,THE K9 3.8 GDI,마스터즈(AWD),id2,28,남
101,2026-09-08 20:44:15,14로6902,2026-10-01,본인,현대해상,"1,928,600","2,465,330","536,730","현대해상 | Hicar 다이렉트 개인용자동차보험(플랫폼) | 최종 보험료 | 1,928,600원 | 총 보험료 | 결제 2,465,330원 | 마일리지 환급 536,730원 | 바로 가입하기",기아,K9,2019,K9 5.0,퀀텀,id2,28,남
102,2026-09-08 20:45:19,14로6902,2026-10-01,본인,현대해상,"740,690","958,480","217,790","현대해상 | Hicar 다이렉트 개인용자동차보험(플랫폼) | 최종 보험료 | 740,690원 | 총 보험료 | 결제 958,480원 | 마일리지 환급 217,790원 | 바로 가입하기",현대,팰리세이드,2024,팰리세이드 2.2D(22.05.19~),캘리그래피(4WD),id2,28,남
103,2026-09-08 20:46:19,14로6902,2026-10-01,본인,현대해상,"1,096,870","1,417,000","320,130","현대해상 | Hicar 다이렉트 개인용자동차보험(플랫폼) | 최종 보험료 | 1,096,870원 | 총 보험료 | 결제 1,417,000원 | 마일리지 환급 320,130원 | 바로 가입하기",현대,팰리세이드,2021,팰리세이드 3.8(2WD),프레스티지,id2,28,남
104,2026-09-08 20:47:32,14로6902,2026-10-01,본인,현대해상,"1,518,540","1,937,670","419,130","현대해상 | Hicar 다이렉트 개인용자동차보험(플랫폼) | 최종 보험료 | 1,518,540원 | 총 보험료 | 결제 1,937,670원 | 마일리지 환급 419,130원 | 바로 가입하기",현대,팰리세이드,2018,팰리세이드 2.2(4WD),프레스티지,id2,28,남
105,2026-09-08 20:49:55,14로6902,2026-10-01,본인,현대해상,"2,244,140","2,873,970","629,830","현대해상 | Hicar 다이렉트 개인용자동차보험(플랫폼) | 최종 보험료 | 2,244,140원 | 총 보험료 | 결제 2,873,970원 | 마일리지 환급 629,830원 | 바로 가입하기",Tesla,Model 3,2026,Model 3,Long Range(2022~),id2,28,남
107,2026-09-08 20:52:01,14로6902,2026-10-01,본인,현대해상,"1,420,010","1,817,390","397,380","현대해상 | Hicar 다이렉트 개인용자동차보험(플랫폼) | 최종 보험료 | 1,420,010원 | 총 보험료 | 결제 1,817,390원 | 마일리지 환급 397,380원 | 바로 가입하기",Tesla,Model 3,2022,Model 3,Performance,id2,28,남
108,2026-09-08 20:53:11,14로6902,2026-10-01,본인,현대해상,"1,207,490","1,544,930","337,440","현대해상 | Hicar 다이렉트 개인용자동차보험(플랫폼) | 최종 보험료 | 1,207,490원 | 총 보험료 | 결제 1,544,930원 | 마일리지 환급 337,440원 | 바로 가입하기",Tesla,Model 3,2020,Model 3,Standard Range Plus,id2,28,남
47,2026-09-09 09:52:07,14로6902,2026-10-01,본인,현대해상,"1,143,530","1,481,560","338,030","현대해상 | Hicar 다이렉트 개인용자동차보험(플랫폼) | 최종 보험료 | 1,143,530원 | 총 보험료 | 결제 1,481,560원 | 마일리지 환급 338,030원 | 바로 가입하기",현대,코나,2025,디올뉴 코나 2.0,프리미엄(2WD),id2,28,남
48,2026-09-09 09:53:27,14로6902,2026-10-01,본인,현대해상,"1,262,630","1,633,670","371,040","현대해상 | Hicar 다이렉트 개인용자동차보험(플랫폼) | 최종 보험료 | 1,262,630원 | 총 보험료 | 결제 1,633,670원 | 마일리지 환급 371,040원 | 바로 가입하기",현대,코나,2022,더뉴 코나 2.0,모던(4WD),id2,28,남
49,2026-09-09 09:54:54,14로6902,2026-10-01,본인,현대해상,"1,398,460","1,786,080","387,620","현대해상 | Hicar 다이렉트 개인용자동차보험(플랫폼) | 최종 보험료 | 1,398,460원 | 총 보험료 | 결제 1,786,080원 | 마일리지 환급 387,620원 | 바로 가입하기",현대,코나,2020,더뉴 코나 1.6 터보,인스퍼레이션(4WD),id2,28,남
50,2026-09-09 09:56:18,14로6902,2026-10-01,본인,현대해상,"1,633,510","2,085,850","452,340","현대해상 | Hicar 다이렉트 개인용자동차보험(플랫폼) | 최종 보험료 | 1,633,510원 | 총 보험료 | 결제 2,085,850원 | 마일리지 환급 452,340원 | 바로 가입하기",현대,코나,2017,코나 1.6 터보(4WD),스마트,id2,28,남
51,2026-09-09 09:59:16,14로6902,2026-10-01,본인,현대해상,"1,011,330","1,310,480","299,150","현대해상 | Hicar 다이렉트 개인용자동차보험(플랫폼) | 최종 보험료 | 1,011,330원 | 총 보험료 | 결제 1,310,480원 | 마일리지 환급 299,150원 | 바로 가입하기",기아,셀토스,2026,셀토스 2.0,프레스티지(4WD),id2,28,남
52,2026-09-09 10:00:46,14로6902,2026-10-01,본인,현대해상,"1,240,670","1,605,500","364,830","현대해상 | Hicar 다이렉트 개인용자동차보험(플랫폼) | 최종 보험료 | 1,240,670원 | 총 보험료 | 결제 1,605,500원 | 마일리지 환급 364,830원 | 바로 가입하기",기아,셀토스,2023,셀토스 1.6 디젤,노블레스(4WD),id2,28,남
53,2026-09-09 10:02:02,14로6902,2026-10-01,본인,현대해상,"1,300,640","1,682,360","381,720","현대해상 | Hicar 다이렉트 개인용자동차보험(플랫폼) | 최종 보험료 | 1,300,640원 | 총 보험료 | 결제 1,682,360원 | 마일리지 환급 381,720원 | 바로 가입하기",기아,셀토스,2021,셀토스 1.6 터보,그래비티(4WD),id2,28,남
82,2026-09-09 10:53:27,14로6902,2026-10-01,본인,현대해상,"1,543,390","1,972,830","429,440","현대해상 | Hicar 다이렉트 개인용자동차보험(플랫폼) | 최종 보험료 | 1,543,390원 | 총 보험료 | 결제 1,972,830원 | 마일리지 환급 429,440원 | 바로 가입하기",Volkswagen,Golf,2019,Golf 1.4 TSI,오토,id2,28,남
83,2026-09-09 10:55:01,14로6902,2026-10-01,본인,현대해상,"2,076,970","2,659,780","582,810","현대해상 | Hicar 다이렉트 개인용자동차보험(플랫폼) | 최종 보험료 | 2,076,970원 | 총 보험료 | 결제 2,659,780원 | 마일리지 환급 582,810원 | 바로 가입하기",Audi,A5,2025,A5 35 TDI,Premium Sportback,id2,28,남
91,2026-09-08 20:25:41,14로6902,2026-10-01,본인,흥국화재,"905,530","1,167,930","262,400","흥국화재 | 흥국다이렉트개인용자동차보험(CM) | 최종 보험료 | 905,530원 | 총 보험료 | 결제 1,167,930원 | 마일리지 환급 262,400원 | 바로 가입하기",기아,RAY,2022,THE NEW RAY 1.0,스탠다드,id2,28,남
100,2026-09-08 20:43:10,14로6902,2026-10-01,본인,흥국화재,"1,471,880","1,956,430","484,550","흥국화재 | 흥국다이렉트개인용자동차보험(CM) | 최종 보험료 | 1,471,880원 | 총 보험료 | 결제 1,956,430원 | 마일리지 환급 484,550원 | 바로 가입하기",기아,K9,2022,THE K9 3.8 GDI,마스터즈(AWD),id2,28,남
101,2026-09-08 20:44:15,14로6902,2026-10-01,본인,흥국화재,"1,906,720","2,534,310","627,590","흥국화재 | 흥국다이렉트개인용자동차보험(CM) | 최종 보험료 | 1,906,720원 | 총 보험료 | 결제 2,534,310원 | 마일리지 환급 627,590원 | 바로 가입하기",기아,K9,2019,K9 5.0,퀀텀,id2,28,남
102,2026-09-08 20:45:19,14로6902,2026-10-01,본인,흥국화재,"783,050","1,038,660","255,610","흥국화재 | 흥국다이렉트개인용자동차보험(CM) | 최종 보험료 | 783,050원 | 총 보험료 | 결제 1,038,660원 | 마일리지 환급 255,610원 | 바로 가입하기",현대,팰리세이드,2024,팰리세이드 2.2D(22.05.19~),캘리그래피(4WD),id2,28,남
103,2026-09-08 20:46:19,14로6902,2026-10-01,본인,흥국화재,"1,027,730","1,362,500","334,770","흥국화재 | 흥국다이렉트개인용자동차보험(CM) | 최종 보험료 | 1,027,730원 | 총 보험료 | 결제 1,362,500원 | 마일리지 환급 334,770원 | 바로 가입하기",현대,팰리세이드,2021,팰리세이드 3.8(2WD),프레스티지,id2,28,남
104,2026-09-08 20:47:32,14로6902,2026-10-01,본인,흥국화재,"1,277,100","1,693,180","416,080","흥국화재 | 흥국다이렉트개인용자동차보험(CM) | 최종 보험료 | 1,277,100원 | 총 보험료 | 결제 1,693,180원 | 마일리지 환급 416,080원 | 바로 가입하기",현대,팰리세이드,2018,팰리세이드 2.2(4WD),프레스티지,id2,28,남
105,2026-09-08 20:49:55,14로6902,2026-10-01,본인,흥국화재,"2,619,060","3,488,610","869,550","흥국화재 | 흥국다이렉트개인용자동차보험(CM) | 최종 보험료 | 2,619,060원 | 총 보험료 | 결제 3,488,610원 | 마일리지 환급 869,550원 | 바로 가입하기",Tesla,Model 3,2026,Model 3,Long Range(2022~),id2,28,남
106,2026-09-08 20:50:57,14로6902,2026-10-01,본인,흥국화재,"2,231,930","2,970,680","738,750","흥국화재 | 흥국다이렉트개인용자동차보험(CM) | 최종 보험료 | 2,231,930원 | 총 보험료 | 결제 2,970,680원 | 마일리지 환급 738,750원 | 바로 가입하기",Tesla,Model 3,2024,Model 3 Premium Long Range AWD,오토,id2,28,남
107,2026-09-08 20:52:01,14로6902,2026-10-01,본인,흥국화재,"2,858,110","3,803,310","945,200","흥국화재 | 흥국다이렉트개인용자동차보험(CM) | 최종 보험료 | 2,858,110원 | 총 보험료 | 결제 3,803,310원 | 마일리지 환급 945,200원 | 바로 가입하기",Tesla,Model 3,2022,Model 3,Performance,id2,28,남
108,2026-09-08 20:53:11,14로6902,2026-10-01,본인,흥국화재,"3,018,230","4,014,780","996,550","흥국화재 | 흥국다이렉트개인용자동차보험(CM) | 최종 보험료 | 3,018,230원 | 총 보험료 | 결제 4,014,780원 | 마일리지 환급 996,550원 | 바로 가입하기",Tesla,Model 3,2020,Model 3,Standard Range Plus,id2,28,남
47,2026-09-09 09:52:07,14로6902,2026-10-01,본인,흥국화재,"1,003,820","1,335,040","331,220","흥국화재 | 흥국다이렉트개인용자동차보험(CM) | 최종 보험료 | 1,003,820원 | 총 보험료 | 결제 1,335,040원 | 마일리지 환급 331,220원 | 바로 가입하기",현대,코나,2025,디올뉴 코나 2.0,프리미엄(2WD),id2,28,남
48,2026-09-09 09:53:27,14로6902,2026-10-01,본인,흥국화재,"1,020,160","1,354,010","333,850","흥국화재 | 흥국다이렉트개인용자동차보험(CM) | 최종 보험료 | 1,020,160원 | 총 보험료 | 결제 1,354,010원 | 마일리지 환급 333,850원 | 바로 가입하기",현대,코나,2022,더뉴 코나 2.0,모던(4WD),id2,28,남
49,2026-09-09 09:54:54,14로6902,2026-10-01,본인,흥국화재,"1,496,650","1,936,580","439,930","흥국화재 | 흥국다이렉트개인용자동차보험(CM) | 최종 보험료 | 1,496,650원 | 총 보험료 | 결제 1,936,580원 | 마일리지 환급 439,930원 | 바로 가입하기",현대,코나,2020,더뉴 코나 1.6 터보,인스퍼레이션(4WD),id2,28,남
50,2026-09-09 09:56:18,14로6902,2026-10-01,본인,흥국화재,"1,679,500","2,172,250","492,750","흥국화재 | 흥국다이렉트개인용자동차보험(CM) | 최종 보험료 | 1,679,500원 | 총 보험료 | 결제 2,172,250원 | 마일리지 환급 492,750원 | 바로 가입하기",현대,코나,2017,코나 1.6 터보(4WD),스마트,id2,28,남
51,2026-09-09 09:59:16,14로6902,2026-10-01,본인,흥국화재,"920,360","1,224,320","303,960","흥국화재 | 흥국다이렉트개인용자동차보험(CM) | 최종 보험료 | 920,360원 | 총 보험료 | 결제 1,224,320원 | 마일리지 환급 303,960원 | 바로 가입하기",기아,셀토스,2026,셀토스 2.0,프레스티지(4WD),id2,28,남
52,2026-09-09 10:00:46,14로6902,2026-10-01,본인,흥국화재,"1,124,510","1,454,470","329,960","흥국화재 | 흥국다이렉트개인용자동차보험(CM) | 최종 보험료 | 1,124,510원 | 총 보험료 | 결제 1,454,470원 | 마일리지 환급 329,960원 | 바로 가입하기",기아,셀토스,2023,셀토스 1.6 디젤,노블레스(4WD),id2,28,남
53,2026-09-09 10:02:02,14로6902,2026-10-01,본인,흥국화재,"1,372,960","1,777,130","404,170","흥국화재 | 흥국다이렉트개인용자동차보험(CM) | 최종 보험료 | 1,372,960원 | 총 보험료 | 결제 1,777,130원 | 마일리지 환급 404,170원 | 바로 가입하기",기아,셀토스,2021,셀토스 1.6 터보,그래비티(4WD),id2,28,남
82,2026-09-09 10:53:27,14로6902,2026-10-01,본인,흥국화재,"1,859,040","2,407,210","548,170","흥국화재 | 흥국다이렉트개인용자동차보험(CM) | 최종 보험료 | 1,859,040원 | 총 보험료 | 결제 2,407,210원 | 마일리지 환급 548,170원 | 바로 가입하기",Volkswagen,Golf,2019,Golf 1.4 TSI,오토,id2,28,남
109,2026-09-08 20:54:16,14로6902,2026-10-06,본인,AXA,"1,194,930","1,727,120","532,190","AXA손해보험 | 다이렉트 자동차보험 | 최종 보험료 | 1,194,930원 | 총 보험료 | 결제 1,727,120원 | 마일리지 환급 532,190원 | 마일리지 선할인 522,890원 | 바로 가입하기",현대,캐스퍼,2026,더 뉴 캐스퍼 1.0,스마트,id2,28,남
110,2026-09-08 20:56:50,14로6902,2026-10-06,본인,AXA,"1,594,800","2,302,030","707,230","AXA손해보험 | 다이렉트 자동차보험 | 최종 보험료 | 1,594,800원 | 총 보험료 | 결제 2,302,030원 | 마일리지 환급 707,230원 | 마일리지 선할인 694,870원 | 바로 가입하기",현대,캐스퍼,2023,캐스퍼 1.0,스마트,id2,28,남
111,2026-09-08 20:57:51,14로6902,2026-10-06,본인,AXA,"2,028,200","2,642,110","613,910","AXA손해보험 | 다이렉트 자동차보험 | 최종 보험료 | 2,028,200원 | 총 보험료 | 결제 2,642,110원 | 마일리지 환급 613,910원 | 마일리지 선할인 598,170원 | 바로 가입하기",기아,모닝,2020,올뉴 모닝(2017),럭셔리,id2,28,남
112,2026-09-08 20:58:58,14로6902,2026-10-06,본인,AXA,"2,063,890","2,687,940","624,050","AXA손해보험 | 다이렉트 자동차보험 | 최종 보험료 | 2,063,890원 | 총 보험료 | 결제 2,687,940원 | 마일리지 환급 624,050원 | 마일리지 선할인 608,060원 | 바로 가입하기",기아,모닝,2017,올뉴 모닝(2017),럭셔리,id2,28,남
113,2026-09-08 21:00:01,14로6902,2026-10-06,본인,AXA,"2,052,440","2,672,250","619,810","AXA손해보험 | 다이렉트 자동차보험 | 최종 보험료 | 2,052,440원 | 총 보험료 | 결제 2,672,250원 | 마일리지 환급 619,810원 | 마일리지 선할인 603,910원 | 바로 가입하기",기아,모닝,2014,올뉴 모닝,럭셔리,id2,28,남
114,2026-09-08 21:01:11,14로6902,2026-10-06,본인,AXA,"1,396,640","2,367,870","971,230","AXA손해보험 | 다이렉트 자동차보험 | 최종 보험료 | 1,396,640원 | 총 보험료 | 결제 2,367,870원 | 마일리지 환급 971,230원 | 마일리지 선할인 960,310원 | 바로 가입하기",현대,아반떼,2026,더 뉴 아반떼1.6 하이브리드(CN7 F/L),스마트,id2,28,남
115,2026-09-08 21:03:48,14로6902,2026-10-06,본인,AXA,"1,762,760","2,549,690","786,930","AXA손해보험 | 다이렉트 자동차보험 | 최종 보험료 | 1,762,760원 | 총 보험료 | 결제 2,549,690원 | 마일리지 환급 786,930원 | 마일리지 선할인 773,180원 | 바로 가입하기",현대,아반떼,2023,올뉴아반떼1.6(7세대),스마트,id2,28,남
116,2026-09-08 21:05:05,14로6902,2026-10-06,본인,AXA,"2,191,960","2,860,180","668,220","AXA손해보험 | 다이렉트 자동차보험 | 최종 보험료 | 2,191,960원 | 총 보험료 | 결제 2,860,180원 | 마일리지 환급 668,220원 | 마일리지 선할인 651,080원 | 바로 가입하기",현대,아반떼,2020,올뉴아반떼1.6(7세대),스마트,id2,28,남
117,2026-09-08 21:06:18,14로6902,2026-10-06,본인,AXA,"2,316,400","3,021,970","705,570","AXA손해보험 | 다이렉트 자동차보험 | 최종 보험료 | 2,316,400원 | 총 보험료 | 결제 3,021,970원 | 마일리지 환급 705,570원 | 마일리지 선할인 687,480원 | 바로 가입하기",현대,아반떼,2017,아반떼AD 1.6GDI,밸류플러스,id2,28,남
118,2026-09-08 21:07:31,14로6902,2026-10-06,본인,AXA,"2,311,610","3,013,130","701,520","AXA손해보험 | 다이렉트 자동차보험 | 최종 보험료 | 2,311,610원 | 총 보험료 | 결제 3,013,130원 | 마일리지 환급 701,520원 | 마일리지 선할인 683,530원 | 바로 가입하기",현대,아반떼,2014,더 뉴 아반떼1.6GDI,스마트,id2,28,남
119,2026-09-08 21:08:40,14로6902,2026-10-06,본인,AXA,"1,260,130","2,136,650","876,520","AXA손해보험 | 다이렉트 자동차보험 | 최종 보험료 | 1,260,130원 | 총 보험료 | 결제 2,136,650원 | 마일리지 환급 876,520원 | 마일리지 선할인 866,690원 | 바로 가입하기",기아,K5,2026,더 뉴 K5 하이브리드,프레스티지,id2,28,남
120,2026-09-08 21:11:00,14로6902,2026-10-06,본인,AXA,"1,689,390","2,862,160","1,172,770","AXA손해보험 | 다이렉트 자동차보험 | 최종 보험료 | 1,689,390원 | 총 보험료 | 결제 2,862,160원 | 마일리지 환급 1,172,770원 | 마일리지 선할인 1,159,570원 | 바로 가입하기",기아,K5,2023,더 뉴 K5 하이브리드,프레스티지,id2,28,남
121,2026-09-08 21:12:18,14로6902,2026-10-06,본인,AXA,"2,184,550","2,849,780","665,230","AXA손해보험 | 다이렉트 자동차보험 | 최종 보험료 | 2,184,550원 | 총 보험료 | 결제 2,849,780원 | 마일리지 환급 665,230원 | 마일리지 선할인 648,190원 | 바로 가입하기",삼성,SM6,2020,SM6 2.0,LE,id2,28,남
122,2026-09-08 21:13:24,14로6902,2026-10-06,본인,AXA,"2,188,730","2,854,350","665,620","AXA손해보험 | 다이렉트 자동차보험 | 최종 보험료 | 2,188,730원 | 총 보험료 | 결제 2,854,350원 | 마일리지 환급 665,620원 | 마일리지 선할인 648,540원 | 바로 가입하기",현대,쏘나타,2017,LF쏘나타2.0,스마트,id2,28,남
123,2026-09-08 21:14:40,14로6902,2026-10-06,본인,AXA,"2,185,510","2,848,330","662,820","AXA손해보험 | 다이렉트 자동차보험 | 최종 보험료 | 2,185,510원 | 총 보험료 | 결제 2,848,330원 | 마일리지 환급 662,820원 | 마일리지 선할인 645,820원 | 바로 가입하기",기아,K5,2014,K5 2.0,프레스티지,id2,28,남
124,2026-09-08 21:15:47,14로6902,2026-10-06,본인,AXA,"1,309,780","1,896,060","586,280","AXA손해보험 | 다이렉트 자동차보험 | 최종 보험료 | 1,309,780원 | 총 보험료 | 결제 1,896,060원 | 마일리지 환급 586,280원 | 마일리지 선할인 576,030원 | 바로 가입하기",현대,제네시스,2026,제네시스 G80 2.5T(2024년형),2WD,id2,28,남
125,2026-09-08 21:18:16,14로6902,2026-10-06,본인,AXA,"1,938,430","2,805,000","866,570","AXA손해보험 | 다이렉트 자동차보험 | 최종 보험료 | 1,938,430원 | 총 보험료 | 결제 2,805,000원 | 마일리지 환급 866,570원 | 마일리지 선할인 851,430원 | 바로 가입하기",현대,제네시스,2023,제네시스 G80 2.5T(3세대),2WD,id2,28,남
126,2026-09-08 21:19:26,14로6902,2026-10-06,본인,AXA,"1,740,610","2,515,300","774,690","AXA손해보험 | 다이렉트 자동차보험 | 최종 보험료 | 1,740,610원 | 총 보험료 | 결제 2,515,300원 | 마일리지 환급 774,690원 | 마일리지 선할인 761,160원 | 바로 가입하기",현대,그랜져,2020,그랜져 IG(2019년형),IG240 프리미엄,id2,28,남
127,2026-09-08 21:20:42,14로6902,2026-10-06,본인,AXA,"2,214,420","2,886,950","672,530","AXA손해보험 | 다이렉트 자동차보험 | 최종 보험료 | 2,214,420원 | 총 보험료 | 결제 2,886,950원 | 마일리지 환급 672,530원 | 마일리지 선할인 655,290원 | 바로 가입하기",현대,그랜져,2017,그랜져 HG,HG240 모던,id2,28,남
128,2026-09-08 21:21:51,14로6902,2026-10-06,본인,AXA,"2,239,640","2,918,510","678,870","AXA손해보험 | 다이렉트 자동차보험 | 최종 보험료 | 2,239,640원 | 총 보험료 | 결제 2,918,510원 | 마일리지 환급 678,870원 | 마일리지 선할인 661,460원 | 바로 가입하기",현대,그랜져,2014,그랜져 HG,HG240 모던,id2,28,남
129,2026-09-08 21:22:58,14로6902,2026-10-06,본인,AXA,"1,162,810","1,971,050","808,240","AXA손해보험 | 다이렉트 자동차보험 | 최종 보험료 | 1,162,810원 | 총 보험료 | 결제 1,971,050원 | 마일리지 환급 808,240원 | 마일리지 선할인 799,160원 | 바로 가입하기",기아,카니발,2026,카니발 1.6 터보 하이브리드(9인승),노블레스(9인승),id2,28,남
130,2026-09-08 21:25:34,14로6902,2026-10-06,본인,AXA,"1,585,460","2,683,510","1,098,050","AXA손해보험 | 다이렉트 자동차보험 | 최종 보험료 | 1,585,460원 | 총 보험료 | 결제 2,683,510원 | 마일리지 환급 1,098,050원 | 마일리지 선할인 1,085,700원 | 바로 가입하기",기아,카니발,2023,카니발 1.6 터보 하이브리드(9인승),노블레스(9인승),id2,28,남
131,2026-09-08 21:26:46,14로6902,2026-10-06,본인,AXA,"2,140,440","2,791,460","651,020","AXA손해보험 | 다이렉트 자동차보험 | 최종 보험료 | 2,140,440원 | 총 보험료 | 결제 2,791,460원 | 마일리지 환급 651,020원 | 마일리지 선할인 634,330원 | 바로 가입하기",기아,카니발,2020,더뉴카니발 R2.2 디젤(9인승),프레스티지,id2,28,남
132,2026-09-08 21:27:56,14로6902,2026-10-06,본인,AXA,"2,157,000","2,811,620","654,620","AXA손해보험 | 다이렉트 자동차보험 | 최종 보험료 | 2,157,000원 | 총 보험료 | 결제 2,811,620원 | 마일리지 환급 654,620원 | 마일리지 선할인 637,830원 | 바로 가입하기",기아,카니발,2017,"올뉴카니발2.2(디젤,9인승)",프레스티지,id2,28,남
133,2026-09-08 21:29:10,14로6902,2026-10-06,본인,AXA,"2,201,430","2,867,440","666,010","AXA손해보험 | 다이렉트 자동차보험 | 최종 보험료 | 2,201,430원 | 총 보험료 | 결제 2,867,440원 | 마일리지 환급 666,010원 | 마일리지 선할인 648,920원 | 바로 가입하기",현대,싼타페,2014,싼타페 2.0(2WD),프리미엄,id2,28,남
134,2026-09-08 21:30:17,14로6902,2026-10-06,본인,AXA,"1,551,580","2,631,520","1,079,940","AXA손해보험 | 다이렉트 자동차보험 | 최종 보험료 | 1,551,580원 | 총 보험료 | 결제 2,631,520원 | 마일리지 환급 1,079,940원 | 마일리지 선할인 1,067,810원 | 바로 가입하기",기아,쏘렌토,2026,더 뉴 쏘렌토 1.6 터보 하이브리드,노블레스(2WD),id2,28,남
135,2026-09-08 21:32:45,14로6902,2026-10-06,본인,AXA,"2,005,020","3,399,080","1,394,060","AXA손해보험 | 다이렉트 자동차보험 | 최종 보험료 | 2,005,020원 | 총 보험료 | 결제 3,399,080원 | 마일리지 환급 1,394,060원 | 마일리지 선할인 1,378,400원 | 바로 가입하기",기아,쏘렌토,2023,쏘렌토 하이브리드(4세대),노블레스(2WD),id2,28,남
136,2026-09-08 21:33:53,14로6902,2026-10-06,본인,AXA,"2,229,020","3,407,590","1,178,570","AXA손해보험 | 다이렉트 자동차보험 | 최종 보험료 | 2,229,020원 | 총 보험료 | 결제 3,407,590원 | 마일리지 환급 1,178,570원 | 마일리지 선할인 1,161,160원 | 바로 가입하기",기아,NIRO,2020,The New NIRO 1.6(HEV),프레스티지,id2,28,남
137,2026-09-08 21:35:12,14로6902,2026-10-06,본인,AXA,"2,128,920","2,774,890","645,970","AXA손해보험 | 다이렉트 자동차보험 | 최종 보험료 | 2,128,920원 | 총 보험료 | 결제 2,774,890원 | 마일리지 환급 645,970원 | 마일리지 선할인 629,420원 | 바로 가입하기",현대,싼타페,2017,싼타페 2.0(2WD),프리미엄,id2,28,남
138,2026-09-08 21:36:21,14로6902,2026-10-06,본인,AXA,"2,146,230","2,796,960","650,730","AXA손해보험 | 다이렉트 자동차보험 | 최종 보험료 | 2,146,230원 | 총 보험료 | 결제 2,796,960원 | 마일리지 환급 650,730원 | 마일리지 선할인 634,050원 | 바로 가입하기",기아,스포티지,2014,스포티지R GDI(2WD),럭셔리,id2,28,남
139,2026-09-08 21:37:42,14로6902,2026-10-06,본인,AXA,"1,917,450","2,777,560","860,110","AXA손해보험 | 다이렉트 자동차보험 | 최종 보험료 | 1,917,450원 | 총 보험료 | 결제 2,777,560원 | 마일리지 환급 860,110원 | 마일리지 선할인 845,070원 | 바로 가입하기",BMW,5 Series,2026,520i,M Sport Package,id2,28,남
140,2026-09-08 21:40:19,14로6902,2026-10-06,본인,AXA,"2,439,980","3,532,600","1,092,620","AXA손해보험 | 다이렉트 자동차보험 | 최종 보험료 | 2,439,980원 | 총 보험료 | 결제 3,532,600원 | 마일리지 환급 1,092,620원 | 마일리지 선할인 1,073,520원 | 바로 가입하기",벤츠,Mercedes Benz E-Class,2023,New E 250,Avantgarde,id2,28,남
141,2026-09-08 21:41:39,14로6902,2026-10-06,본인,AXA,"3,033,250","3,959,450","926,200","AXA손해보험 | 다이렉트 자동차보험 | 최종 보험료 | 3,033,250원 | 총 보험료 | 결제 3,959,450원 | 마일리지 환급 926,200원 | 마일리지 선할인 902,450원 | 바로 가입하기",BMW,3 Series,2020,320d,ED (OE),id2,28,남
142,2026-09-08 21:42:58,14로6902,2026-10-06,본인,AXA,"2,759,520","3,600,660","841,140","AXA손해보험 | 다이렉트 자동차보험 | 최종 보험료 | 2,759,520원 | 총 보험료 | 결제 3,600,660원 | 마일리지 환급 841,140원 | 마일리지 선할인 819,570원 | 바로 가입하기",BMW,3 Series,2017,320d,ED,id2,28,남
143,2026-09-08 21:44:19,14로6902,2026-10-06,본인,AXA,"3,008,990","3,925,060","916,070","AXA손해보험 | 다이렉트 자동차보험 | 최종 보험료 | 3,008,990원 | 총 보험료 | 결제 3,925,060원 | 마일리지 환급 916,070원 | 마일리지 선할인 892,570원 | 바로 가입하기",BMW,5 Series,2014,520d,Luxury,id2,28,남
144,2026-09-08 21:45:30,14로6902,2026-10-06,본인,AXA,"1,334,110","1,929,090","594,980","AXA손해보험 | 다이렉트 자동차보험 | 최종 보험료 | 1,334,110원 | 총 보험료 | 결제 1,929,090원 | 마일리지 환급 594,980원 | 마일리지 선할인 584,580원 | 바로 가입하기",기아,RAY,2025,THE NEW RAY 1.0,베스트 셀렉션,id2,28,남
146,2026-09-08 21:49:07,14로6902,2026-10-06,본인,AXA,"2,043,700","2,662,360","618,660","AXA손해보험 | 다이렉트 자동차보험 | 최종 보험료 | 2,043,700원 | 총 보험료 | 결제 2,662,360원 | 마일리지 환급 618,660원 | 마일리지 선할인 602,800원 | 바로 가입하기",기아,RAY,2019,RAY 밴,VAN,id2,28,남
147,2026-09-08 21:50:20,14로6902,2026-10-06,본인,AXA,"1,743,030","2,524,410","781,380","AXA손해보험 | 다이렉트 자동차보험 | 최종 보험료 | 1,743,030원 | 총 보험료 | 결제 2,524,410원 | 마일리지 환급 781,380원 | 마일리지 선할인 767,720원 | 바로 가입하기",현대,투싼,2024,투싼 디젤2.0(4세대),프리미엄(4WD),id2,28,남
148,2026-09-08 21:51:30,14로6902,2026-10-06,본인,AXA,"1,800,420","2,604,470","804,050","AXA손해보험 | 다이렉트 자동차보험 | 최종 보험료 | 1,800,420원 | 총 보험료 | 결제 2,604,470원 | 마일리지 환급 804,050원 | 마일리지 선할인 790,010원 | 바로 가입하기",현대,투싼,2021,투싼 디젤2.0(4세대),모던(4WD),id2,28,남
149,2026-09-08 21:52:49,14로6902,2026-10-06,본인,AXA,"2,396,880","3,127,220","730,340","AXA손해보험 | 다이렉트 자동차보험 | 최종 보험료 | 2,396,880원 | 총 보험료 | 결제 3,127,220원 | 마일리지 환급 730,340원 | 마일리지 선할인 711,610원 | 바로 가입하기",현대,투싼,2018,올뉴투싼 1.6터보 GDI,스마트,id2,28,남
150,2026-09-08 21:55:21,14로6902,2026-10-06,본인,AXA,"1,537,010","2,607,840","1,070,830","AXA손해보험 | 다이렉트 자동차보험 | 최종 보험료 | 1,537,010원 | 총 보험료 | 결제 2,607,840원 | 마일리지 환급 1,070,830원 | 마일리지 선할인 1,058,800원 | 바로 가입하기",현대,아이오닉,2026,더 뉴 아이오닉 5,AWD,id2,28,남
151,2026-09-08 21:56:41,14로6902,2026-10-06,본인,AXA,"1,845,940","3,128,530","1,282,590","AXA손해보험 | 다이렉트 자동차보험 | 최종 보험료 | 1,845,940원 | 총 보험료 | 결제 3,128,530원 | 마일리지 환급 1,282,590원 | 마일리지 선할인 1,268,190원 | 바로 가입하기",현대,아이오닉,2023,더 뉴 아이오닉 일렉트릭,엔,id2,28,남
152,2026-09-08 21:57:55,14로6902,2026-10-06,본인,AXA,"2,048,380","3,472,540","1,424,160","AXA손해보험 | 다이렉트 자동차보험 | 최종 보험료 | 2,048,380원 | 총 보험료 | 결제 3,472,540원 | 마일리지 환급 1,424,160원 | 마일리지 선할인 1,408,160원 | 바로 가입하기",현대,아이오닉,2020,더 뉴 아이오닉 플러그인 하이브리드,큐,id2,28,남
153,2026-09-08 21:59:09,14로6902,2026-10-06,본인,AXA,"1,478,380","2,140,710","662,330","AXA손해보험 | 다이렉트 자동차보험 | 최종 보험료 | 1,478,380원 | 총 보험료 | 결제 2,140,710원 | 마일리지 환급 662,330원 | 마일리지 선할인 650,770원 | 바로 가입하기",기아,K9,2025,THE K9 3.8 GDI,플래티넘(AWD),id2,28,남
154,2026-09-08 22:00:25,14로6902,2026-10-06,본인,AXA,"2,150,130","3,112,190","962,060","AXA손해보험 | 다이렉트 자동차보험 | 최종 보험료 | 2,150,130원 | 총 보험료 | 결제 3,112,190원 | 마일리지 환급 962,060원 | 마일리지 선할인 945,260원 | 바로 가입하기",기아,K9,2022,THE K9 3.8 GDI,마스터즈(AWD),id2,28,남
155,2026-09-08 22:03:01,14로6902,2026-10-06,본인,AXA,"2,305,840","3,335,570","1,029,730","AXA손해보험 | 다이렉트 자동차보험 | 최종 보험료 | 2,305,840원 | 총 보험료 | 결제 3,335,570원 | 마일리지 환급 1,029,730원 | 마일리지 선할인 1,011,740원 | 바로 가입하기",기아,K9,2019,K9 5.0,퀀텀,id2,28,남
156,2026-09-08 22:04:50,14로6902,2026-10-06,본인,AXA,"1,811,920","2,624,400","812,480","AXA손해보험 | 다이렉트 자동차보험 | 최종 보험료 | 1,811,920원 | 총 보험료 | 결제 2,624,400원 | 마일리지 환급 812,480원 | 마일리지 선할인 798,300원 | 바로 가입하기",현대,팰리세이드,2024,팰리세이드 2.2D(22.05.19~),캘리그래피(4WD),id2,28,남
157,2026-09-08 22:06:08,14로6902,2026-10-06,본인,AXA,"1,708,060","2,469,310","761,250","AXA손해보험 | 다이렉트 자동차보험 | 최종 보험료 | 1,708,060원 | 총 보험료 | 결제 2,469,310원 | 마일리지 환급 761,250원 | 마일리지 선할인 747,950원 | 바로 가입하기",현대,팰리세이드,2021,팰리세이드 3.8(2WD),프레스티지,id2,28,남
158,2026-09-08 22:07:21,14로6902,2026-10-06,본인,AXA,"2,040,440","2,948,290","907,850","AXA손해보험 | 다이렉트 자동차보험 | 최종 보험료 | 2,040,440원 | 총 보험료 | 결제 2,948,290원 | 마일리지 환급 907,850원 | 마일리지 선할인 891,980원 | 바로 가입하기",현대,팰리세이드,2018,팰리세이드 2.2(4WD),프레스티지,id2,28,남
159,2026-09-08 22:08:45,14로6902,2026-10-06,본인,AXA,"2,584,690","4,390,800","1,806,110","AXA손해보험 | 다이렉트 자동차보험 | 최종 보험료 | 2,584,690원 | 총 보험료 | 결제 4,390,800원 | 마일리지 환급 1,806,110원 | 마일리지 선할인 1,785,810원 | 바로 가입하기",Tesla,Model 3,2026,Model 3,Long Range(2022~),id2,28,남
160,2026-09-08 22:11:20,14로6902,2026-10-06,본인,AXA,"2,793,170","4,745,580","1,952,410","AXA손해보험 | 다이렉트 자동차보험 | 최종 보험료 | 2,793,170원 | 총 보험료 | 결제 4,745,580원 | 마일리지 환급 1,952,410원 | 마일리지 선할인 1,930,470원 | 바로 가입하기",Tesla,Model 3,2024,Model 3 Premium Long Range AWD,오토,id2,28,남
161,2026-09-08 22:12:37,14로6902,2026-10-06,본인,AXA,"3,264,040","5,541,870","2,277,830","AXA손해보험 | 다이렉트 자동차보험 | 최종 보험료 | 3,264,040원 | 총 보험료 | 결제 5,541,870원 | 마일리지 환급 2,277,830원 | 마일리지 선할인 2,252,260원 | 바로 가입하기",Tesla,Model 3,2022,Model 3,Performance,id2,28,남
162,2026-09-08 22:14:00,14로6902,2026-10-06,본인,AXA,"3,302,940","5,053,060","1,750,120","AXA손해보험 | 다이렉트 자동차보험 | 최종 보험료 | 3,302,940원 | 총 보험료 | 결제 5,053,060원 | 마일리지 환급 1,750,120원 | 마일리지 선할인 1,724,240원 | 바로 가입하기",Tesla,Model 3,2020,Model 3,Standard Range Plus,id2,28,남
93,2026-09-09 11:17:15,14로6902,2026-10-06,본인,AXA,"1,256,790","1,818,810","562,020","AXA손해보험 | 다이렉트 자동차보험 | 최종 보험료 | 1,256,790원 | 총 보험료 | 결제 1,818,810원 | 마일리지 환급 562,020원 | 마일리지 선할인 552,170원 | 바로 가입하기",현대,코나,2025,디올뉴 코나 2.0,프리미엄(2WD),id2,28,남
94,2026-09-09 11:18:50,14로6902,2026-10-06,본인,AXA,"1,643,650","2,376,970","733,320","AXA손해보험 | 다이렉트 자동차보험 | 최종 보험료 | 1,643,650원 | 총 보험료 | 결제 2,376,970원 | 마일리지 환급 733,320원 | 마일리지 선할인 720,500원 | 바로 가입하기",현대,코나,2022,더뉴 코나 2.0,모던(4WD),id2,28,남
95,2026-09-09 11:20:50,14로6902,2026-10-06,본인,AXA,"1,948,660","2,819,230","870,570","AXA손해보험 | 다이렉트 자동차보험 | 최종 보험료 | 1,948,660원 | 총 보험료 | 결제 2,819,230원 | 마일리지 환급 870,570원 | 마일리지 선할인 855,370원 | 바로 가입하기",현대,코나,2020,더뉴 코나 1.6 터보,인스퍼레이션(4WD),id2,28,남
96,2026-09-09 11:23:51,14로6902,2026-10-06,본인,AXA,"2,444,470","3,189,430","744,960","AXA손해보험 | 다이렉트 자동차보험 | 최종 보험료 | 2,444,470원 | 총 보험료 | 결제 3,189,430원 | 마일리지 환급 744,960원 | 마일리지 선할인 725,870원 | 바로 가입하기",현대,코나,2017,코나 1.6 터보(4WD),스마트,id2,28,남
97,2026-09-09 11:25:55,14로6902,2026-10-06,본인,AXA,"1,194,980","1,729,110","534,130","AXA손해보험 | 다이렉트 자동차보험 | 최종 보험료 | 1,194,980원 | 총 보험료 | 결제 1,729,110원 | 마일리지 환급 534,130원 | 마일리지 선할인 524,780원 | 바로 가입하기",기아,셀토스,2026,셀토스 2.0,프레스티지(4WD),id2,28,남
98,2026-09-09 11:27:38,14로6902,2026-10-06,본인,AXA,"1,840,660","2,662,770","822,110","AXA손해보험 | 다이렉트 자동차보험 | 최종 보험료 | 1,840,660원 | 총 보험료 | 결제 2,662,770원 | 마일리지 환급 822,110원 | 마일리지 선할인 807,740원 | 바로 가입하기",기아,셀토스,2023,셀토스 1.6 디젤,노블레스(4WD),id2,28,남
99,2026-09-09 11:29:40,14로6902,2026-10-06,본인,AXA,"1,918,570","2,775,790","857,220","AXA손해보험 | 다이렉트 자동차보험 | 최종 보험료 | 1,918,570원 | 총 보험료 | 결제 2,775,790원 | 마일리지 환급 857,220원 | 마일리지 선할인 842,230원 | 바로 가입하기",기아,셀토스,2021,셀토스 1.6 터보,그래비티(4WD),id2,28,남
100,2026-09-09 11:33:18,14로6902,2026-10-06,본인,AXA,"2,162,180","2,821,210","659,030","AXA손해보험 | 다이렉트 자동차보험 | 최종 보험료 | 2,162,180원 | 총 보험료 | 결제 2,821,210원 | 마일리지 환급 659,030원 | 마일리지 선할인 642,140원 | 바로 가입하기",기아,셀토스,2019,셀토스 1.6 디젤,트렌디(4WD),id2,28,남
101,2026-09-09 11:34:25,14로6902,2026-10-06,본인,AXA,"1,243,040","1,798,870","555,830","AXA손해보험 | 다이렉트 자동차보험 | 최종 보험료 | 1,243,040원 | 총 보험료 | 결제 1,798,870원 | 마일리지 환급 555,830원 | 마일리지 선할인 546,100원 | 바로 가입하기",현대,스타리아,2025,스타리아 투어러,모던(4WD),id2,28,남
102,2026-09-09 11:35:39,14로6902,2026-10-06,본인,AXA,"1,861,200","2,691,530","830,330","AXA손해보험 | 다이렉트 자동차보험 | 최종 보험료 | 1,861,200원 | 총 보험료 | 결제 2,691,530원 | 마일리지 환급 830,330원 | 마일리지 선할인 815,840원 | 바로 가입하기",현대,스타리아,2022,스타리아 라운지,리무진(2WD),id2,28,남
103,2026-09-09 11:36:48,14로6902,2026-10-06,본인,AXA,"1,727,010","2,501,190","774,180","AXA손해보험 | 다이렉트 자동차보험 | 최종 보험료 | 1,727,010원 | 총 보험료 | 결제 2,501,190원 | 마일리지 환급 774,180원 | 마일리지 선할인 760,630원 | 바로 가입하기",현대,쏘나타,2024,쏘나타 디 엣지 2.0,익스클루시브,id2,28,남
104,2026-09-09 11:37:55,14로6902,2026-10-06,본인,AXA,"2,028,610","2,935,500","906,890","AXA손해보험 | 다이렉트 자동차보험 | 최종 보험료 | 2,028,610원 | 총 보험료 | 결제 2,935,500원 | 마일리지 환급 906,890원 | 마일리지 선할인 891,050원 | 바로 가입하기",현대,쏘나타,2021,쏘나타 센슈어스 1.6,프리미엄,id2,28,남
105,2026-09-09 11:40:26,14로6902,2026-10-06,본인,AXA,"1,621,770","2,752,090","1,130,320","AXA손해보험 | 다이렉트 자동차보험 | 최종 보험료 | 1,621,770원 | 총 보험료 | 결제 2,752,090원 | 마일리지 환급 1,130,320원 | 마일리지 선할인 1,117,620원 | 바로 가입하기",기아,EV4,2026,EV4 GT,오토,id2,28,남
106,2026-09-09 11:41:34,14로6902,2026-10-06,본인,AXA,"1,585,910","2,691,060","1,105,150","AXA손해보험 | 다이렉트 자동차보험 | 최종 보험료 | 1,585,910원 | 총 보험료 | 결제 2,691,060원 | 마일리지 환급 1,105,150원 | 마일리지 선할인 1,092,750원 | 바로 가입하기",기아,EV5,2025,EV5,롱레인지 어스(2WD),id2,28,남
107,2026-09-09 11:42:41,14로6902,2026-10-06,본인,AXA,"1,873,140","2,712,510","839,370","AXA손해보험 | 다이렉트 자동차보험 | 최종 보험료 | 1,873,140원 | 총 보험료 | 결제 2,712,510원 | 마일리지 환급 839,370원 | 마일리지 선할인 824,710원 | 바로 가입하기",기아,스포티지,2024,The New 스포티지 가솔린 터보 1.6,프레스티지(4WD),id2,28,남
108,2026-09-09 11:43:55,14로6902,2026-10-06,본인,AXA,"1,629,970","2,357,130","727,160","AXA손해보험 | 다이렉트 자동차보험 | 최종 보험료 | 1,629,970원 | 총 보험료 | 결제 2,357,130원 | 마일리지 환급 727,160원 | 마일리지 선할인 714,450원 | 바로 가입하기",기아,스포티지,2021,스포티지 더 볼드 누우2.0 가솔린,프레스티지(2WD),id2,28,남
109,2026-09-09 11:45:03,14로6902,2026-10-06,본인,AXA,"2,115,320","2,759,250","643,930","AXA손해보험 | 다이렉트 자동차보험 | 최종 보험료 | 2,115,320원 | 총 보험료 | 결제 2,759,250원 | 마일리지 환급 643,930원 | 마일리지 선할인 627,420원 | 바로 가입하기",기아,스포티지,2019,THE SUV 스포티지(2WD),프레스티지,id2,28,남
110,2026-09-09 11:47:37,14로6902,2026-10-06,본인,AXA,"2,260,780","2,946,750","685,970","AXA손해보험 | 다이렉트 자동차보험 | 최종 보험료 | 2,260,780원 | 총 보험료 | 결제 2,946,750원 | 마일리지 환급 685,970원 | 마일리지 선할인 668,380원 | 바로 가입하기",기아,스포티지,2016,THE SUV 스포티지(2WD),노블레스,id2,28,남
111,2026-09-09 11:48:51,14로6902,2026-10-06,본인,AXA,"2,050,460","2,674,440","623,980","AXA손해보험 | 다이렉트 자동차보험 | 최종 보험료 | 2,050,460원 | 총 보험료 | 결제 2,674,440원 | 마일리지 환급 623,980원 | 마일리지 선할인 607,990원 | 바로 가입하기",삼성,SM5,2020,뉴SM5(신형)2.0,Classic,id2,28,남
112,2026-09-09 11:49:57,14로6902,2026-10-06,본인,AXA,"2,194,810","2,862,300","667,490","AXA손해보험 | 다이렉트 자동차보험 | 최종 보험료 | 2,194,810원 | 총 보험료 | 결제 2,862,300원 | 마일리지 환급 667,490원 | 마일리지 선할인 650,380원 | 바로 가입하기",삼성,SM5,2017,뉴SM5(신형)1.6,TCE,id2,28,남
113,2026-09-09 11:51:10,14로6902,2026-10-06,본인,AXA,"1,320,670","1,911,520","590,850","AXA손해보험 | 다이렉트 자동차보험 | 최종 보험료 | 1,320,670원 | 총 보험료 | 결제 1,911,520원 | 마일리지 환급 590,850원 | 마일리지 선할인 580,530원 | 바로 가입하기",삼성,그랑 콜레오스,2026,그랑 콜레오스 2.0 터보,테크노,id2,28,남
114,2026-09-09 11:52:26,14로6902,2026-10-06,본인,AXA,"2,078,070","3,527,520","1,449,450","AXA손해보험 | 다이렉트 자동차보험 | 최종 보험료 | 2,078,070원 | 총 보험료 | 결제 3,527,520원 | 마일리지 환급 1,449,450원 | 마일리지 선할인 1,433,160원 | 바로 가입하기",삼성,그랑 콜레오스,2024,그랑 콜레오스 1.5 하이브리드,아이코닉,id2,28,남
115,2026-09-09 11:54:49,14로6902,2026-10-06,본인,AXA,"2,312,990","3,016,800","703,810","AXA손해보험 | 다이렉트 자동차보험 | 최종 보험료 | 2,312,990원 | 총 보험료 | 결제 3,016,800원 | 마일리지 환급 703,810원 | 마일리지 선할인 685,780원 | 바로 가입하기",삼성,QM5,2017,뉴QM5 2.0(4WD),LE,id2,28,남
116,2026-09-09 11:56:07,14로6902,2026-10-06,본인,AXA,"1,479,800","2,141,730","661,930","AXA손해보험 | 다이렉트 자동차보험 | 최종 보험료 | 1,479,800원 | 총 보험료 | 결제 2,141,730원 | 마일리지 환급 661,930원 | 마일리지 선할인 650,360원 | 바로 가입하기",쌍용,티볼리,2025,더 뉴 티볼리 1.6,V3(2WD),id2,28,남
117,2026-09-09 11:57:10,14로6902,2026-10-06,본인,AXA,"2,027,910","2,934,460","906,550","AXA손해보험 | 다이렉트 자동차보험 | 최종 보험료 | 2,027,910원 | 총 보험료 | 결제 2,934,460원 | 마일리지 환급 906,550원 | 마일리지 선할인 890,720원 | 바로 가입하기",쌍용,티볼리,2022,리스펙 티볼리 1.5,업비트(4WD),id2,28,남
118,2026-09-09 11:58:16,14로6902,2026-10-06,본인,AXA,"2,555,460","3,335,450","779,990","AXA손해보험 | 다이렉트 자동차보험 | 최종 보험료 | 2,555,460원 | 총 보험료 | 결제 3,335,450원 | 마일리지 환급 779,990원 | 마일리지 선할인 759,990원 | 바로 가입하기",쌍용,티볼리,2019,베리 뉴 티볼리 1.5,V7,id2,28,남
119,2026-09-09 11:59:27,14로6902,2026-10-06,본인,AXA,"1,822,610","2,639,170","816,560","AXA손해보험 | 다이렉트 자동차보험 | 최종 보험료 | 1,822,610원 | 총 보험료 | 결제 2,639,170원 | 마일리지 환급 816,560원 | 마일리지 선할인 802,310원 | 바로 가입하기",쌍용,토레스,2026,토레스 1.5,TL7,id2,28,남
120,2026-09-09 12:01:56,14로6902,2026-10-06,본인,AXA,"2,322,170","3,361,510","1,039,340","AXA손해보험 | 다이렉트 자동차보험 | 최종 보험료 | 2,322,170원 | 총 보험료 | 결제 3,361,510원 | 마일리지 환급 1,039,340원 | 마일리지 선할인 1,021,180원 | 바로 가입하기",쌍용,토레스,2023,토레스 1.5,TL5,id2,28,남
121,2026-09-09 12:03:01,14로6902,2026-10-06,본인,AXA,"1,505,610","2,179,190","673,580","AXA손해보험 | 다이렉트 자동차보험 | 최종 보험료 | 1,505,610원 | 총 보험료 | 결제 2,179,190원 | 마일리지 환급 673,580원 | 마일리지 선할인 661,820원 | 바로 가입하기",대우,트레일블레이저,2025,트레일블레이저 1.35,RS,id2,28,남
122,2026-09-09 12:04:11,14로6902,2026-10-06,본인,AXA,"1,787,020","2,584,890","797,870","AXA손해보험 | 다이렉트 자동차보험 | 최종 보험료 | 1,787,020원 | 총 보험료 | 결제 2,584,890원 | 마일리지 환급 797,870원 | 마일리지 선할인 783,920원 | 바로 가입하기",대우,트레일블레이저,2022,트레일블레이저 1.2,LS,id2,28,남
123,2026-09-09 12:05:26,14로6902,2026-10-06,본인,AXA,"2,239,450","3,803,250","1,563,800","AXA손해보험 | 다이렉트 자동차보험 | 최종 보험료 | 2,239,450원 | 총 보험료 | 결제 3,803,250원 | 마일리지 환급 1,563,800원 | 마일리지 선할인 1,546,230원 | 바로 가입하기",BMW,MINI Cooper,2024,Mini Cooper SE,Classic,id2,28,남
124,2026-09-09 12:06:44,14로6902,2026-10-06,본인,AXA,"2,364,320","3,422,660","1,058,340","AXA손해보험 | 다이렉트 자동차보험 | 최종 보험료 | 2,364,320원 | 총 보험료 | 결제 3,422,660원 | 마일리지 환급 1,058,340원 | 마일리지 선할인 1,039,850원 | 바로 가입하기",BMW,MINI Cooper,2021,New Cooper D,3door,id2,28,남
125,2026-09-09 12:09:16,14로6902,2026-10-06,본인,AXA,"2,781,910","3,630,650","848,740","AXA손해보험 | 다이렉트 자동차보험 | 최종 보험료 | 2,781,910원 | 총 보험료 | 결제 3,630,650원 | 마일리지 환급 848,740원 | 마일리지 선할인 826,980원 | 바로 가입하기",BMW,MINI Cooper,2018,New Mini Cooper,5door,id2,28,남
126,2026-09-09 12:10:28,14로6902,2026-10-06,본인,AXA,"1,738,220","2,517,440","779,220","AXA손해보험 | 다이렉트 자동차보험 | 최종 보험료 | 1,738,220원 | 총 보험료 | 결제 2,517,440원 | 마일리지 환급 779,220원 | 마일리지 선할인 765,610원 | 바로 가입하기",Volkswagen,Golf,2026,The Golf 8,GTI,id2,28,남
127,2026-09-09 12:11:43,14로6902,2026-10-06,본인,AXA,"2,059,550","2,980,560","921,010","AXA손해보험 | 다이렉트 자동차보험 | 최종 보험료 | 2,059,550원 | 총 보험료 | 결제 2,980,560원 | 마일리지 환급 921,010원 | 마일리지 선할인 904,910원 | 바로 가입하기",Volkswagen,Golf,2023,The Golf 8,2.0 TDI Premium,id2,28,남
130,2026-09-09 12:14:29,14로6902,2026-10-06,본인,AXA,"2,899,340","4,199,220","1,299,880","AXA손해보험 | 다이렉트 자동차보험 | 최종 보험료 | 2,899,340원 | 총 보험료 | 결제 4,199,220원 | 마일리지 환급 1,299,880원 | 마일리지 선할인 1,277,160원 | 바로 가입하기",Audi,A5,2022,A5 40 TDI,Quattro Premium Sportback,id2,28,남
131,2026-09-09 12:15:47,14로6902,2026-10-06,본인,AXA,"3,368,110","4,397,300","1,029,190","AXA손해보험 | 다이렉트 자동차보험 | 최종 보험료 | 3,368,110원 | 총 보험료 | 결제 4,397,300원 | 마일리지 환급 1,029,190원 | 마일리지 선할인 1,002,810원 | 바로 가입하기",Audi,A5,2020,A5 40 TDI,Quattro Premium Sportback,id2,28,남
132,2026-09-09 12:17:01,14로6902,2026-10-06,본인,AXA,"1,476,430","2,504,770","1,028,340","AXA손해보험 | 다이렉트 자동차보험 | 최종 보험료 | 1,476,430원 | 총 보험료 | 결제 2,504,770원 | 마일리지 환급 1,028,340원 | 마일리지 선할인 1,016,760원 | 바로 가입하기",BYD,SEALION 7,2026,SEALION 7 Plus,오토,id2,28,남
133,2026-09-09 12:18:06,14로6902,2026-10-06,본인,AXA,"1,257,970","2,132,970","875,000","AXA손해보험 | 다이렉트 자동차보험 | 최종 보험료 | 1,257,970원 | 총 보험료 | 결제 2,132,970원 | 마일리지 환급 875,000원 | 마일리지 선할인 865,180원 | 바로 가입하기",BYD,DOLPHIN,2026,DOLPHIN,오토,id2,28,남
134,2026-09-09 12:19:20,14로6902,2026-10-06,본인,AXA,"1,623,120","2,754,390","1,131,270","AXA손해보험 | 다이렉트 자동차보험 | 최종 보험료 | 1,623,120원 | 총 보험료 | 결제 2,754,390원 | 마일리지 환급 1,131,270원 | 마일리지 선할인 1,118,560원 | 바로 가입하기",현대,넥쏘,2025,디 올 뉴 넥쏘,익스클루시브,id2,28,남
135,2026-09-09 12:22:08,14로6902,2026-10-06,본인,AXA,"2,181,890","3,700,280","1,518,390","AXA손해보험 | 다이렉트 자동차보험 | 최종 보험료 | 2,181,890원 | 총 보험료 | 결제 3,700,280원 | 마일리지 환급 1,518,390원 | 마일리지 선할인 1,501,330원 | 바로 가입하기",현대,넥쏘,2022,넥쏘,모던(2021년),id2,28,남
136,2026-09-09 12:23:19,14로6902,2026-10-06,본인,AXA,"2,193,870","3,718,530","1,524,660","AXA손해보험 | 다이렉트 자동차보험 | 최종 보험료 | 2,193,870원 | 총 보험료 | 결제 3,718,530원 | 마일리지 환급 1,524,660원 | 마일리지 선할인 1,507,530원 | 바로 가입하기",현대,넥쏘,2019,넥쏘 FCEV,프리미엄,id2,28,남
137,2026-09-09 12:24:36,14로6902,2026-10-06,본인,AXA,"1,514,880","2,570,160","1,055,280","AXA손해보험 | 다이렉트 자동차보험 | 최종 보험료 | 1,514,880원 | 총 보험료 | 결제 2,570,160원 | 마일리지 환급 1,055,280원 | 마일리지 선할인 1,043,440원 | 바로 가입하기",기아,PV5,2026,PV5 WAV,베이직,id2,28,남
138,2026-09-09 12:25:47,14로6902,2026-10-06,본인,AXA,"1,549,950","2,629,860","1,079,910","AXA손해보험 | 다이렉트 자동차보험 | 최종 보험료 | 1,549,950원 | 총 보험료 | 결제 2,629,860원 | 마일리지 환급 1,079,910원 | 마일리지 선할인 1,067,790원 | 바로 가입하기",기아,PV5,2025,PV5 패신저,플러스,id2,28,남
109,2026-09-08 20:54:16,14로6902,2026-10-06,본인,DB손해보험,"920,390","1,191,610","271,220","DB손해보험 | 프로미카 다이렉트개인용자동차보험(플랫폼) | 최종 보험료 | 920,390원 | 총 보험료 | 결제 1,191,610원 | 마일리지 환급 271,220원 | 바로 가입하기",현대,캐스퍼,2026,더 뉴 캐스퍼 1.0,스마트,id2,28,남
110,2026-09-08 20:56:50,14로6902,2026-10-06,본인,DB손해보험,"1,070,080","1,383,480","313,400","DB손해보험 | 프로미카 다이렉트개인용자동차보험(플랫폼) | 최종 보험료 | 1,070,080원 | 총 보험료 | 결제 1,383,480원 | 마일리지 환급 313,400원 | 바로 가입하기",현대,캐스퍼,2023,캐스퍼 1.0,스마트,id2,28,남
111,2026-09-08 20:57:51,14로6902,2026-10-06,본인,DB손해보험,"1,269,130","1,641,830","372,700","DB손해보험 | 프로미카 다이렉트개인용자동차보험(플랫폼) | 최종 보험료 | 1,269,130원 | 총 보험료 | 결제 1,641,830원 | 마일리지 환급 372,700원 | 바로 가입하기",기아,모닝,2020,올뉴 모닝(2017),럭셔리,id2,28,남
112,2026-09-08 20:58:58,14로6902,2026-10-06,본인,DB손해보험,"1,261,290","1,630,640","369,350","DB손해보험 | 프로미카 다이렉트개인용자동차보험(플랫폼) | 최종 보험료 | 1,261,290원 | 총 보험료 | 결제 1,630,640원 | 마일리지 환급 369,350원 | 바로 가입하기",기아,모닝,2017,올뉴 모닝(2017),럭셔리,id2,28,남
113,2026-09-08 21:00:01,14로6902,2026-10-06,본인,DB손해보험,"1,283,580","1,657,120","373,540","DB손해보험 | 프로미카 다이렉트개인용자동차보험(플랫폼) | 최종 보험료 | 1,283,580원 | 총 보험료 | 결제 1,657,120원 | 마일리지 환급 373,540원 | 바로 가입하기",기아,모닝,2014,올뉴 모닝,럭셔리,id2,28,남
114,2026-09-08 21:01:11,14로6902,2026-10-06,본인,DB손해보험,"1,005,040","1,302,730","297,690","DB손해보험 | 프로미카 다이렉트개인용자동차보험(플랫폼) | 최종 보험료 | 1,005,040원 | 총 보험료 | 결제 1,302,730원 | 마일리지 환급 297,690원 | 바로 가입하기",현대,아반떼,2026,더 뉴 아반떼1.6 하이브리드(CN7 F/L),스마트,id2,28,남
115,2026-09-08 21:03:48,14로6902,2026-10-06,본인,DB손해보험,"1,108,990","1,435,210","326,220","DB손해보험 | 프로미카 다이렉트개인용자동차보험(플랫폼) | 최종 보험료 | 1,108,990원 | 총 보험료 | 결제 1,435,210원 | 마일리지 환급 326,220원 | 바로 가입하기",현대,아반떼,2023,올뉴아반떼1.6(7세대),스마트,id2,28,남
116,2026-09-08 21:05:05,14로6902,2026-10-06,본인,DB손해보험,"1,295,380","1,676,380","381,000","DB손해보험 | 프로미카 다이렉트개인용자동차보험(플랫폼) | 최종 보험료 | 1,295,380원 | 총 보험료 | 결제 1,676,380원 | 마일리지 환급 381,000원 | 바로 가입하기",현대,아반떼,2020,올뉴아반떼1.6(7세대),스마트,id2,28,남
117,2026-09-08 21:06:18,14로6902,2026-10-06,본인,DB손해보험,"1,511,310","1,956,230","444,920","DB손해보험 | 프로미카 다이렉트개인용자동차보험(플랫폼) | 최종 보험료 | 1,511,310원 | 총 보험료 | 결제 1,956,230원 | 마일리지 환급 444,920원 | 바로 가입하기",현대,아반떼,2017,아반떼AD 1.6GDI,밸류플러스,id2,28,남
118,2026-09-08 21:07:31,14로6902,2026-10-06,본인,DB손해보험,"1,558,050","2,015,810","457,760","DB손해보험 | 프로미카 다이렉트개인용자동차보험(플랫폼) | 최종 보험료 | 1,558,050원 | 총 보험료 | 결제 2,015,810원 | 마일리지 환급 457,760원 | 바로 가입하기",현대,아반떼,2014,더 뉴 아반떼1.6GDI,스마트,id2,28,남
119,2026-09-08 21:08:40,14로6902,2026-10-06,본인,DB손해보험,"1,096,050","1,421,550","325,500","DB손해보험 | 프로미카 다이렉트개인용자동차보험(플랫폼) | 최종 보험료 | 1,096,050원 | 총 보험료 | 결제 1,421,550원 | 마일리지 환급 325,500원 | 바로 가입하기",기아,K5,2026,더 뉴 K5 하이브리드,프레스티지,id2,28,남
120,2026-09-08 21:11:00,14로6902,2026-10-06,본인,DB손해보험,"1,408,190","1,824,230","416,040","DB손해보험 | 프로미카 다이렉트개인용자동차보험(플랫폼) | 최종 보험료 | 1,408,190원 | 총 보험료 | 결제 1,824,230원 | 마일리지 환급 416,040원 | 바로 가입하기",기아,K5,2023,더 뉴 K5 하이브리드,프레스티지,id2,28,남
121,2026-09-08 21:12:18,14로6902,2026-10-06,본인,DB손해보험,"1,778,080","2,303,520","525,440","DB손해보험 | 프로미카 다이렉트개인용자동차보험(플랫폼) | 최종 보험료 | 1,778,080원 | 총 보험료 | 결제 2,303,520원 | 마일리지 환급 525,440원 | 바로 가입하기",삼성,SM6,2020,SM6 2.0,LE,id2,28,남
122,2026-09-08 21:13:24,14로6902,2026-10-06,본인,DB손해보험,"1,418,290","1,834,840","416,550","DB손해보험 | 프로미카 다이렉트개인용자동차보험(플랫폼) | 최종 보험료 | 1,418,290원 | 총 보험료 | 결제 1,834,840원 | 마일리지 환급 416,550원 | 바로 가입하기",현대,쏘나타,2017,LF쏘나타2.0,스마트,id2,28,남
123,2026-09-08 21:14:40,14로6902,2026-10-06,본인,DB손해보험,"1,446,140","1,869,800","423,660","DB손해보험 | 프로미카 다이렉트개인용자동차보험(플랫폼) | 최종 보험료 | 1,446,140원 | 총 보험료 | 결제 1,869,800원 | 마일리지 환급 423,660원 | 바로 가입하기",기아,K5,2014,K5 2.0,프레스티지,id2,28,남
124,2026-09-08 21:15:47,14로6902,2026-10-06,본인,DB손해보험,"995,690","1,291,410","295,720","DB손해보험 | 프로미카 다이렉트개인용자동차보험(플랫폼) | 최종 보험료 | 995,690원 | 총 보험료 | 결제 1,291,410원 | 마일리지 환급 295,720원 | 바로 가입하기",현대,제네시스,2026,제네시스 G80 2.5T(2024년형),2WD,id2,28,남
125,2026-09-08 21:18:16,14로6902,2026-10-06,본인,DB손해보험,"1,285,070","1,665,160","380,090","DB손해보험 | 프로미카 다이렉트개인용자동차보험(플랫폼) | 최종 보험료 | 1,285,070원 | 총 보험료 | 결제 1,665,160원 | 마일리지 환급 380,090원 | 바로 가입하기",현대,제네시스,2023,제네시스 G80 2.5T(3세대),2WD,id2,28,남
126,2026-09-08 21:19:26,14로6902,2026-10-06,본인,DB손해보험,"1,186,330","1,535,230","348,900","DB손해보험 | 프로미카 다이렉트개인용자동차보험(플랫폼) | 최종 보험료 | 1,186,330원 | 총 보험료 | 결제 1,535,230원 | 마일리지 환급 348,900원 | 바로 가입하기",현대,그랜져,2020,그랜져 IG(2019년형),IG240 프리미엄,id2,28,남
127,2026-09-08 21:20:42,14로6902,2026-10-06,본인,DB손해보험,"1,443,620","1,867,810","424,190","DB손해보험 | 프로미카 다이렉트개인용자동차보험(플랫폼) | 최종 보험료 | 1,443,620원 | 총 보험료 | 결제 1,867,810원 | 마일리지 환급 424,190원 | 바로 가입하기",현대,그랜져,2017,그랜져 HG,HG240 모던,id2,28,남
128,2026-09-08 21:21:51,14로6902,2026-10-06,본인,DB손해보험,"1,497,750","1,935,730","437,980","DB손해보험 | 프로미카 다이렉트개인용자동차보험(플랫폼) | 최종 보험료 | 1,497,750원 | 총 보험료 | 결제 1,935,730원 | 마일리지 환급 437,980원 | 바로 가입하기",현대,그랜져,2014,그랜져 HG,HG240 모던,id2,28,남
129,2026-09-08 21:22:58,14로6902,2026-10-06,본인,DB손해보험,"709,270","956,210","246,940","DB손해보험 | 프로미카 다이렉트개인용자동차보험(플랫폼) | 최종 보험료 | 709,270원 | 총 보험료 | 결제 956,210원 | 마일리지 환급 246,940원 | 바로 가입하기",기아,카니발,2026,카니발 1.6 터보 하이브리드(9인승),노블레스(9인승),id2,28,남
130,2026-09-08 21:25:34,14로6902,2026-10-06,본인,DB손해보험,"1,037,240","1,395,320","358,080","DB손해보험 | 프로미카 다이렉트개인용자동차보험(플랫폼) | 최종 보험료 | 1,037,240원 | 총 보험료 | 결제 1,395,320원 | 마일리지 환급 358,080원 | 바로 가입하기",기아,카니발,2023,카니발 1.6 터보 하이브리드(9인승),노블레스(9인승),id2,28,남
131,2026-09-08 21:26:46,14로6902,2026-10-06,본인,DB손해보험,"1,327,800","1,786,620","458,820","DB손해보험 | 프로미카 다이렉트개인용자동차보험(플랫폼) | 최종 보험료 | 1,327,800원 | 총 보험료 | 결제 1,786,620원 | 마일리지 환급 458,820원 | 바로 가입하기",기아,카니발,2020,더뉴카니발 R2.2 디젤(9인승),프레스티지,id2,28,남
132,2026-09-08 21:27:56,14로6902,2026-10-06,본인,DB손해보험,"1,308,000","1,757,790","449,790","DB손해보험 | 프로미카 다이렉트개인용자동차보험(플랫폼) | 최종 보험료 | 1,308,000원 | 총 보험료 | 결제 1,757,790원 | 마일리지 환급 449,790원 | 바로 가입하기",기아,카니발,2017,"올뉴카니발2.2(디젤,9인승)",프레스티지,id2,28,남
133,2026-09-08 21:29:10,14로6902,2026-10-06,본인,DB손해보험,"1,419,050","1,905,300","486,250","DB손해보험 | 프로미카 다이렉트개인용자동차보험(플랫폼) | 최종 보험료 | 1,419,050원 | 총 보험료 | 결제 1,905,300원 | 마일리지 환급 486,250원 | 바로 가입하기",현대,싼타페,2014,싼타페 2.0(2WD),프리미엄,id2,28,남
134,2026-09-08 21:30:17,14로6902,2026-10-06,본인,DB손해보험,"1,004,610","1,302,180","297,570","DB손해보험 | 프로미카 다이렉트개인용자동차보험(플랫폼) | 최종 보험료 | 1,004,610원 | 총 보험료 | 결제 1,302,180원 | 마일리지 환급 297,570원 | 바로 가입하기",기아,쏘렌토,2026,더 뉴 쏘렌토 1.6 터보 하이브리드,노블레스(2WD),id2,28,남
135,2026-09-08 21:32:45,14로6902,2026-10-06,본인,DB손해보험,"1,266,270","1,639,470","373,200","DB손해보험 | 프로미카 다이렉트개인용자동차보험(플랫폼) | 최종 보험료 | 1,266,270원 | 총 보험료 | 결제 1,639,470원 | 마일리지 환급 373,200원 | 바로 가입하기",기아,쏘렌토,2023,쏘렌토 하이브리드(4세대),노블레스(2WD),id2,28,남
136,2026-09-08 21:33:53,14로6902,2026-10-06,본인,DB손해보험,"1,410,290","1,825,600","415,310","DB손해보험 | 프로미카 다이렉트개인용자동차보험(플랫폼) | 최종 보험료 | 1,410,290원 | 총 보험료 | 결제 1,825,600원 | 마일리지 환급 415,310원 | 바로 가입하기",기아,NIRO,2020,The New NIRO 1.6(HEV),프레스티지,id2,28,남
137,2026-09-08 21:35:12,14로6902,2026-10-06,본인,DB손해보험,"1,379,910","1,854,970","475,060","DB손해보험 | 프로미카 다이렉트개인용자동차보험(플랫폼) | 최종 보험료 | 1,379,910원 | 총 보험료 | 결제 1,854,970원 | 마일리지 환급 475,060원 | 바로 가입하기",현대,싼타페,2017,싼타페 2.0(2WD),프리미엄,id2,28,남
138,2026-09-08 21:36:21,14로6902,2026-10-06,본인,DB손해보험,"1,494,220","1,932,250","438,030","DB손해보험 | 프로미카 다이렉트개인용자동차보험(플랫폼) | 최종 보험료 | 1,494,220원 | 총 보험료 | 결제 1,932,250원 | 마일리지 환급 438,030원 | 바로 가입하기",기아,스포티지,2014,스포티지R GDI(2WD),럭셔리,id2,28,남
139,2026-09-08 21:37:42,14로6902,2026-10-06,본인,DB손해보험,"1,266,780","1,643,290","376,510","DB손해보험 | 프로미카 다이렉트개인용자동차보험(플랫폼) | 최종 보험료 | 1,266,780원 | 총 보험료 | 결제 1,643,290원 | 마일리지 환급 376,510원 | 바로 가입하기",BMW,5 Series,2026,520i,M Sport Package,id2,28,남
140,2026-09-08 21:40:19,14로6902,2026-10-06,본인,DB손해보험,"1,597,760","2,070,380","472,620","DB손해보험 | 프로미카 다이렉트개인용자동차보험(플랫폼) | 최종 보험료 | 1,597,760원 | 총 보험료 | 결제 2,070,380원 | 마일리지 환급 472,620원 | 바로 가입하기",벤츠,Mercedes Benz E-Class,2023,New E 250,Avantgarde,id2,28,남
141,2026-09-08 21:41:39,14로6902,2026-10-06,본인,DB손해보험,"1,957,570","2,536,640","579,070","DB손해보험 | 프로미카 다이렉트개인용자동차보험(플랫폼) | 최종 보험료 | 1,957,570원 | 총 보험료 | 결제 2,536,640원 | 마일리지 환급 579,070원 | 바로 가입하기",BMW,3 Series,2020,320d,ED (OE),id2,28,남
142,2026-09-08 21:42:58,14로6902,2026-10-06,본인,DB손해보험,"1,911,040","2,474,760","563,720","DB손해보험 | 프로미카 다이렉트개인용자동차보험(플랫폼) | 최종 보험료 | 1,911,040원 | 총 보험료 | 결제 2,474,760원 | 마일리지 환급 563,720원 | 바로 가입하기",BMW,3 Series,2017,320d,ED,id2,28,남
143,2026-09-08 21:44:19,14로6902,2026-10-06,본인,DB손해보험,"2,130,970","2,759,190","628,220","DB손해보험 | 프로미카 다이렉트개인용자동차보험(플랫폼) | 최종 보험료 | 2,130,970원 | 총 보험료 | 결제 2,759,190원 | 마일리지 환급 628,220원 | 바로 가입하기",BMW,5 Series,2014,520d,Luxury,id2,28,남
144,2026-09-08 21:45:30,14로6902,2026-10-06,본인,DB손해보험,"1,115,670","1,444,190","328,520","DB손해보험 | 프로미카 다이렉트개인용자동차보험(플랫폼) | 최종 보험료 | 1,115,670원 | 총 보험료 | 결제 1,444,190원 | 마일리지 환급 328,520원 | 바로 가입하기",기아,RAY,2025,THE NEW RAY 1.0,베스트 셀렉션,id2,28,남
146,2026-09-08 21:49:07,14로6902,2026-10-06,본인,DB손해보험,"1,441,160","1,865,060","423,900","DB손해보험 | 프로미카 다이렉트개인용자동차보험(플랫폼) | 최종 보험료 | 1,441,160원 | 총 보험료 | 결제 1,865,060원 | 마일리지 환급 423,900원 | 바로 가입하기",기아,RAY,2019,RAY 밴,VAN,id2,28,남
147,2026-09-08 21:50:20,14로6902,2026-10-06,본인,DB손해보험,"1,401,410","1,816,350","414,940","DB손해보험 | 프로미카 다이렉트개인용자동차보험(플랫폼) | 최종 보험료 | 1,401,410원 | 총 보험료 | 결제 1,816,350원 | 마일리지 환급 414,940원 | 바로 가입하기",현대,투싼,2024,투싼 디젤2.0(4세대),프리미엄(4WD),id2,28,남
148,2026-09-08 21:51:30,14로6902,2026-10-06,본인,DB손해보험,"1,513,550","1,960,490","446,940","DB손해보험 | 프로미카 다이렉트개인용자동차보험(플랫폼) | 최종 보험료 | 1,513,550원 | 총 보험료 | 결제 1,960,490원 | 마일리지 환급 446,940원 | 바로 가입하기",현대,투싼,2021,투싼 디젤2.0(4세대),모던(4WD),id2,28,남
149,2026-09-08 21:52:49,14로6902,2026-10-06,본인,DB손해보험,"1,518,880","1,966,270","447,390","DB손해보험 | 프로미카 다이렉트개인용자동차보험(플랫폼) | 최종 보험료 | 1,518,880원 | 총 보험료 | 결제 1,966,270원 | 마일리지 환급 447,390원 | 바로 가입하기",현대,투싼,2018,올뉴투싼 1.6터보 GDI,스마트,id2,28,남
150,2026-09-08 21:55:21,14로6902,2026-10-06,본인,DB손해보험,"1,600,100","2,023,590","423,490","DB손해보험 | 프로미카 다이렉트개인용자동차보험(플랫폼) | 최종 보험료 | 1,600,100원 | 총 보험료 | 결제 2,023,590원 | 마일리지 환급 423,490원 | 바로 가입하기",현대,아이오닉,2026,더 뉴 아이오닉 5,AWD,id2,28,남
151,2026-09-08 21:56:41,14로6902,2026-10-06,본인,DB손해보험,"1,536,950","1,941,000","404,050","DB손해보험 | 프로미카 다이렉트개인용자동차보험(플랫폼) | 최종 보험료 | 1,536,950원 | 총 보험료 | 결제 1,941,000원 | 마일리지 환급 404,050원 | 바로 가입하기",현대,아이오닉,2023,더 뉴 아이오닉 일렉트릭,엔,id2,28,남
152,2026-09-08 21:57:55,14로6902,2026-10-06,본인,DB손해보험,"1,574,820","2,039,290","464,470","DB손해보험 | 프로미카 다이렉트개인용자동차보험(플랫폼) | 최종 보험료 | 1,574,820원 | 총 보험료 | 결제 2,039,290원 | 마일리지 환급 464,470원 | 바로 가입하기",현대,아이오닉,2020,더 뉴 아이오닉 플러그인 하이브리드,큐,id2,28,남
153,2026-09-08 21:59:09,14로6902,2026-10-06,본인,DB손해보험,"1,115,590","1,446,560","330,970","DB손해보험 | 프로미카 다이렉트개인용자동차보험(플랫폼) | 최종 보험료 | 1,115,590원 | 총 보험료 | 결제 1,446,560원 | 마일리지 환급 330,970원 | 바로 가입하기",기아,K9,2025,THE K9 3.8 GDI,플래티넘(AWD),id2,28,남
154,2026-09-08 22:00:25,14로6902,2026-10-06,본인,DB손해보험,"1,459,450","1,891,130","431,680","DB손해보험 | 프로미카 다이렉트개인용자동차보험(플랫폼) | 최종 보험료 | 1,459,450원 | 총 보험료 | 결제 1,891,130원 | 마일리지 환급 431,680원 | 바로 가입하기",기아,K9,2022,THE K9 3.8 GDI,마스터즈(AWD),id2,28,남
155,2026-09-08 22:03:01,14로6902,2026-10-06,본인,DB손해보험,"1,505,880","1,949,740","443,860","DB손해보험 | 프로미카 다이렉트개인용자동차보험(플랫폼) | 최종 보험료 | 1,505,880원 | 총 보험료 | 결제 1,949,740원 | 마일리지 환급 443,860원 | 바로 가입하기",기아,K9,2019,K9 5.0,퀀텀,id2,28,남
157,2026-09-08 22:06:08,14로6902,2026-10-06,본인,DB손해보험,"1,103,960","1,484,670","380,710","DB손해보험 | 프로미카 다이렉트개인용자동차보험(플랫폼) | 최종 보험료 | 1,103,960원 | 총 보험료 | 결제 1,484,670원 | 마일리지 환급 380,710원 | 바로 가입하기",현대,팰리세이드,2021,팰리세이드 3.8(2WD),프레스티지,id2,28,남
158,2026-09-08 22:07:21,14로6902,2026-10-06,본인,DB손해보험,"1,331,620","1,790,300","458,680","DB손해보험 | 프로미카 다이렉트개인용자동차보험(플랫폼) | 최종 보험료 | 1,331,620원 | 총 보험료 | 결제 1,790,300원 | 마일리지 환급 458,680원 | 바로 가입하기",현대,팰리세이드,2018,팰리세이드 2.2(4WD),프레스티지,id2,28,남
159,2026-09-08 22:08:45,14로6902,2026-10-06,본인,DB손해보험,"2,244,720","2,839,740","595,020","DB손해보험 | 프로미카 다이렉트개인용자동차보험(플랫폼) | 최종 보험료 | 2,244,720원 | 총 보험료 | 결제 2,839,740원 | 마일리지 환급 595,020원 | 바로 가입하기",Tesla,Model 3,2026,Model 3,Long Range(2022~),id2,28,남
160,2026-09-08 22:11:20,14로6902,2026-10-06,본인,DB손해보험,"2,429,910","3,072,560","642,650","DB손해보험 | 프로미카 다이렉트개인용자동차보험(플랫폼) | 최종 보험료 | 2,429,910원 | 총 보험료 | 결제 3,072,560원 | 마일리지 환급 642,650원 | 바로 가입하기",Tesla,Model 3,2024,Model 3 Premium Long Range AWD,오토,id2,28,남
161,2026-09-08 22:12:37,14로6902,2026-10-06,본인,DB손해보험,"3,201,950","4,048,620","846,670","DB손해보험 | 프로미카 다이렉트개인용자동차보험(플랫폼) | 최종 보험료 | 3,201,950원 | 총 보험료 | 결제 4,048,620원 | 마일리지 환급 846,670원 | 바로 가입하기",Tesla,Model 3,2022,Model 3,Performance,id2,28,남
162,2026-09-08 22:14:00,14로6902,2026-10-06,본인,DB손해보험,"2,818,100","3,562,150","744,050","DB손해보험 | 프로미카 다이렉트개인용자동차보험(플랫폼) | 최종 보험료 | 2,818,100원 | 총 보험료 | 결제 3,562,150원 | 마일리지 환급 744,050원 | 바로 가입하기",Tesla,Model 3,2020,Model 3,Standard Range Plus,id2,28,남
93,2026-09-09 11:17:15,14로6902,2026-10-06,본인,DB손해보험,"1,061,410","1,375,900","314,490","DB손해보험 | 프로미카 다이렉트개인용자동차보험(플랫폼) | 최종 보험료 | 1,061,410원 | 총 보험료 | 결제 1,375,900원 | 마일리지 환급 314,490원 | 바로 가입하기",현대,코나,2025,디올뉴 코나 2.0,프리미엄(2WD),id2,28,남
94,2026-09-09 11:18:50,14로6902,2026-10-06,본인,DB손해보험,"1,238,750","1,603,750","365,000","DB손해보험 | 프로미카 다이렉트개인용자동차보험(플랫폼) | 최종 보험료 | 1,238,750원 | 총 보험료 | 결제 1,603,750원 | 마일리지 환급 365,000원 | 바로 가입하기",현대,코나,2022,더뉴 코나 2.0,모던(4WD),id2,28,남
95,2026-09-09 11:20:50,14로6902,2026-10-06,본인,DB손해보험,"1,313,370","1,699,730","386,360","DB손해보험 | 프로미카 다이렉트개인용자동차보험(플랫폼) | 최종 보험료 | 1,313,370원 | 총 보험료 | 결제 1,699,730원 | 마일리지 환급 386,360원 | 바로 가입하기",현대,코나,2020,더뉴 코나 1.6 터보,인스퍼레이션(4WD),id2,28,남
96,2026-09-09 11:23:51,14로6902,2026-10-06,본인,DB손해보험,"1,535,170","1,987,220","452,050","DB손해보험 | 프로미카 다이렉트개인용자동차보험(플랫폼) | 최종 보험료 | 1,535,170원 | 총 보험료 | 결제 1,987,220원 | 마일리지 환급 452,050원 | 바로 가입하기",현대,코나,2017,코나 1.6 터보(4WD),스마트,id2,28,남
97,2026-09-09 11:25:55,14로6902,2026-10-06,본인,DB손해보험,"925,570","1,200,150","274,580","DB손해보험 | 프로미카 다이렉트개인용자동차보험(플랫폼) | 최종 보험료 | 925,570원 | 총 보험료 | 결제 1,200,150원 | 마일리지 환급 274,580원 | 바로 가입하기",기아,셀토스,2026,셀토스 2.0,프레스티지(4WD),id2,28,남
98,2026-09-09 11:27:38,14로6902,2026-10-06,본인,DB손해보험,"1,174,830","1,520,730","345,900","DB손해보험 | 프로미카 다이렉트개인용자동차보험(플랫폼) | 최종 보험료 | 1,174,830원 | 총 보험료 | 결제 1,520,730원 | 마일리지 환급 345,900원 | 바로 가입하기",기아,셀토스,2023,셀토스 1.6 디젤,노블레스(4WD),id2,28,남
99,2026-09-09 11:29:40,14로6902,2026-10-06,본인,DB손해보험,"1,253,980","1,623,000","369,020","DB손해보험 | 프로미카 다이렉트개인용자동차보험(플랫폼) | 최종 보험료 | 1,253,980원 | 총 보험료 | 결제 1,623,000원 | 마일리지 환급 369,020원 | 바로 가입하기",기아,셀토스,2021,셀토스 1.6 터보,그래비티(4WD),id2,28,남
100,2026-09-09 11:33:18,14로6902,2026-10-06,본인,DB손해보험,"1,372,280","1,776,050","403,770","DB손해보험 | 프로미카 다이렉트개인용자동차보험(플랫폼) | 최종 보험료 | 1,372,280원 | 총 보험료 | 결제 1,776,050원 | 마일리지 환급 403,770원 | 바로 가입하기",기아,셀토스,2019,셀토스 1.6 디젤,트렌디(4WD),id2,28,남
101,2026-09-09 11:34:25,14로6902,2026-10-06,본인,DB손해보험,"844,170","1,137,470","293,300","DB손해보험 | 프로미카 다이렉트개인용자동차보험(플랫폼) | 최종 보험료 | 844,170원 | 총 보험료 | 결제 1,137,470원 | 마일리지 환급 293,300원 | 바로 가입하기",현대,스타리아,2025,스타리아 투어러,모던(4WD),id2,28,남
102,2026-09-09 11:35:39,14로6902,2026-10-06,본인,DB손해보험,"1,317,820","1,773,930","456,110","DB손해보험 | 프로미카 다이렉트개인용자동차보험(플랫폼) | 최종 보험료 | 1,317,820원 | 총 보험료 | 결제 1,773,930원 | 마일리지 환급 456,110원 | 바로 가입하기",현대,스타리아,2022,스타리아 라운지,리무진(2WD),id2,28,남
103,2026-09-09 11:36:48,14로6902,2026-10-06,본인,DB손해보험,"1,336,740","1,732,390","395,650","DB손해보험 | 프로미카 다이렉트개인용자동차보험(플랫폼) | 최종 보험료 | 1,336,740원 | 총 보험료 | 결제 1,732,390원 | 마일리지 환급 395,650원 | 바로 가입하기",현대,쏘나타,2024,쏘나타 디 엣지 2.0,익스클루시브,id2,28,남
104,2026-09-09 11:37:55,14로6902,2026-10-06,본인,DB손해보험,"1,339,320","1,733,820","394,500","DB손해보험 | 프로미카 다이렉트개인용자동차보험(플랫폼) | 최종 보험료 | 1,339,320원 | 총 보험료 | 결제 1,733,820원 | 마일리지 환급 394,500원 | 바로 가입하기",현대,쏘나타,2021,쏘나타 센슈어스 1.6,프리미엄,id2,28,남
105,2026-09-09 11:40:26,14로6902,2026-10-06,본인,DB손해보험,"1,410,790","1,783,890","373,100","DB손해보험 | 프로미카 다이렉트개인용자동차보험(플랫폼) | 최종 보험료 | 1,410,790원 | 총 보험료 | 결제 1,783,890원 | 마일리지 환급 373,100원 | 바로 가입하기",기아,EV4,2026,EV4 GT,오토,id2,28,남
106,2026-09-09 11:41:34,14로6902,2026-10-06,본인,DB손해보험,"1,482,760","1,874,340","391,580","DB손해보험 | 프로미카 다이렉트개인용자동차보험(플랫폼) | 최종 보험료 | 1,482,760원 | 총 보험료 | 결제 1,874,340원 | 마일리지 환급 391,580원 | 바로 가입하기",기아,EV5,2025,EV5,롱레인지 어스(2WD),id2,28,남
107,2026-09-09 11:42:41,14로6902,2026-10-06,본인,DB손해보험,"1,121,970","1,453,030","331,060","DB손해보험 | 프로미카 다이렉트개인용자동차보험(플랫폼) | 최종 보험료 | 1,121,970원 | 총 보험료 | 결제 1,453,030원 | 마일리지 환급 331,060원 | 바로 가입하기",기아,스포티지,2024,The New 스포티지 가솔린 터보 1.6,프레스티지(4WD),id2,28,남
108,2026-09-09 11:43:55,14로6902,2026-10-06,본인,DB손해보험,"1,148,200","1,486,000","337,800","DB손해보험 | 프로미카 다이렉트개인용자동차보험(플랫폼) | 최종 보험료 | 1,148,200원 | 총 보험료 | 결제 1,486,000원 | 마일리지 환급 337,800원 | 바로 가입하기",기아,스포티지,2021,스포티지 더 볼드 누우2.0 가솔린,프레스티지(2WD),id2,28,남
109,2026-09-09 11:45:03,14로6902,2026-10-06,본인,DB손해보험,"1,483,080","1,920,080","437,000","DB손해보험 | 프로미카 다이렉트개인용자동차보험(플랫폼) | 최종 보험료 | 1,483,080원 | 총 보험료 | 결제 1,920,080원 | 마일리지 환급 437,000원 | 바로 가입하기",기아,스포티지,2019,THE SUV 스포티지(2WD),프레스티지,id2,28,남
110,2026-09-09 11:47:37,14로6902,2026-10-06,본인,DB손해보험,"1,578,040","2,041,960","463,920","DB손해보험 | 프로미카 다이렉트개인용자동차보험(플랫폼) | 최종 보험료 | 1,578,040원 | 총 보험료 | 결제 2,041,960원 | 마일리지 환급 463,920원 | 바로 가입하기",기아,스포티지,2016,THE SUV 스포티지(2WD),노블레스,id2,28,남
111,2026-09-09 11:48:51,14로6902,2026-10-06,본인,DB손해보험,"1,412,930","1,829,310","416,380","DB손해보험 | 프로미카 다이렉트개인용자동차보험(플랫폼) | 최종 보험료 | 1,412,930원 | 총 보험료 | 결제 1,829,310원 | 마일리지 환급 416,380원 | 바로 가입하기",삼성,SM5,2020,뉴SM5(신형)2.0,Classic,id2,28,남
112,2026-09-09 11:49:57,14로6902,2026-10-06,본인,DB손해보험,"1,467,060","1,898,140","431,080","DB손해보험 | 프로미카 다이렉트개인용자동차보험(플랫폼) | 최종 보험료 | 1,467,060원 | 총 보험료 | 결제 1,898,140원 | 마일리지 환급 431,080원 | 바로 가입하기",삼성,SM5,2017,뉴SM5(신형)1.6,TCE,id2,28,남
113,2026-09-09 11:51:10,14로6902,2026-10-06,본인,DB손해보험,"1,096,320","1,421,930","325,610","DB손해보험 | 프로미카 다이렉트개인용자동차보험(플랫폼) | 최종 보험료 | 1,096,320원 | 총 보험료 | 결제 1,421,930원 | 마일리지 환급 325,610원 | 바로 가입하기",삼성,그랑 콜레오스,2026,그랑 콜레오스 2.0 터보,테크노,id2,28,남
114,2026-09-09 11:52:26,14로6902,2026-10-06,본인,DB손해보험,"1,287,130","1,667,510","380,380","DB손해보험 | 프로미카 다이렉트개인용자동차보험(플랫폼) | 최종 보험료 | 1,287,130원 | 총 보험료 | 결제 1,667,510원 | 마일리지 환급 380,380원 | 바로 가입하기",삼성,그랑 콜레오스,2024,그랑 콜레오스 1.5 하이브리드,아이코닉,id2,28,남
115,2026-09-09 11:54:49,14로6902,2026-10-06,본인,DB손해보험,"1,581,300","2,046,520","465,220","DB손해보험 | 프로미카 다이렉트개인용자동차보험(플랫폼) | 최종 보험료 | 1,581,300원 | 총 보험료 | 결제 2,046,520원 | 마일리지 환급 465,220원 | 바로 가입하기",삼성,QM5,2017,뉴QM5 2.0(4WD),LE,id2,28,남
116,2026-09-09 11:56:07,14로6902,2026-10-06,본인,DB손해보험,"1,168,460","1,514,430","345,970","DB손해보험 | 프로미카 다이렉트개인용자동차보험(플랫폼) | 최종 보험료 | 1,168,460원 | 총 보험료 | 결제 1,514,430원 | 마일리지 환급 345,970원 | 바로 가입하기",쌍용,티볼리,2025,더 뉴 티볼리 1.6,V3(2WD),id2,28,남
117,2026-09-09 11:57:10,14로6902,2026-10-06,본인,DB손해보험,"1,448,720","1,876,070","427,350","DB손해보험 | 프로미카 다이렉트개인용자동차보험(플랫폼) | 최종 보험료 | 1,448,720원 | 총 보험료 | 결제 1,876,070원 | 마일리지 환급 427,350원 | 바로 가입하기",쌍용,티볼리,2022,리스펙 티볼리 1.5,업비트(4WD),id2,28,남
118,2026-09-09 11:58:16,14로6902,2026-10-06,본인,DB손해보험,"1,706,850","2,210,550","503,700","DB손해보험 | 프로미카 다이렉트개인용자동차보험(플랫폼) | 최종 보험료 | 1,706,850원 | 총 보험료 | 결제 2,210,550원 | 마일리지 환급 503,700원 | 바로 가입하기",쌍용,티볼리,2019,베리 뉴 티볼리 1.5,V7,id2,28,남
119,2026-09-09 11:59:27,14로6902,2026-10-06,본인,DB손해보험,"1,218,500","1,579,950","361,450","DB손해보험 | 프로미카 다이렉트개인용자동차보험(플랫폼) | 최종 보험료 | 1,218,500원 | 총 보험료 | 결제 1,579,950원 | 마일리지 환급 361,450원 | 바로 가입하기",쌍용,토레스,2026,토레스 1.5,TL7,id2,28,남
120,2026-09-09 12:01:56,14로6902,2026-10-06,본인,DB손해보험,"1,462,790","1,894,690","431,900","DB손해보험 | 프로미카 다이렉트개인용자동차보험(플랫폼) | 최종 보험료 | 1,462,790원 | 총 보험료 | 결제 1,894,690원 | 마일리지 환급 431,900원 | 바로 가입하기",쌍용,토레스,2023,토레스 1.5,TL5,id2,28,남
121,2026-09-09 12:03:01,14로6902,2026-10-06,본인,DB손해보험,"1,108,610","1,436,700","328,090","DB손해보험 | 프로미카 다이렉트개인용자동차보험(플랫폼) | 최종 보험료 | 1,108,610원 | 총 보험료 | 결제 1,436,700원 | 마일리지 환급 328,090원 | 바로 가입하기",대우,트레일블레이저,2025,트레일블레이저 1.35,RS,id2,28,남
122,2026-09-09 12:04:11,14로6902,2026-10-06,본인,DB손해보험,"1,197,990","1,550,420","352,430","DB손해보험 | 프로미카 다이렉트개인용자동차보험(플랫폼) | 최종 보험료 | 1,197,990원 | 총 보험료 | 결제 1,550,420원 | 마일리지 환급 352,430원 | 바로 가입하기",대우,트레일블레이저,2022,트레일블레이저 1.2,LS,id2,28,남
123,2026-09-09 12:05:26,14로6902,2026-10-06,본인,DB손해보험,"1,925,940","2,434,230","508,290","DB손해보험 | 프로미카 다이렉트개인용자동차보험(플랫폼) | 최종 보험료 | 1,925,940원 | 총 보험료 | 결제 2,434,230원 | 마일리지 환급 508,290원 | 바로 가입하기",BMW,MINI Cooper,2024,Mini Cooper SE,Classic,id2,28,남
124,2026-09-09 12:06:44,14로6902,2026-10-06,본인,DB손해보험,"1,630,380","2,111,820","481,440","DB손해보험 | 프로미카 다이렉트개인용자동차보험(플랫폼) | 최종 보험료 | 1,630,380원 | 총 보험료 | 결제 2,111,820원 | 마일리지 환급 481,440원 | 바로 가입하기",BMW,MINI Cooper,2021,New Cooper D,3door,id2,28,남
125,2026-09-09 12:09:16,14로6902,2026-10-06,본인,DB손해보험,"1,590,260","2,058,980","468,720","DB손해보험 | 프로미카 다이렉트개인용자동차보험(플랫폼) | 최종 보험료 | 1,590,260원 | 총 보험료 | 결제 2,058,980원 | 마일리지 환급 468,720원 | 바로 가입하기",BMW,MINI Cooper,2018,New Mini Cooper,5door,id2,28,남
126,2026-09-09 12:10:28,14로6902,2026-10-06,본인,DB손해보험,"1,345,430","1,745,440","400,010","DB손해보험 | 프로미카 다이렉트개인용자동차보험(플랫폼) | 최종 보험료 | 1,345,430원 | 총 보험료 | 결제 1,745,440원 | 마일리지 환급 400,010원 | 바로 가입하기",Volkswagen,Golf,2026,The Golf 8,GTI,id2,28,남
127,2026-09-09 12:11:43,14로6902,2026-10-06,본인,DB손해보험,"1,674,740","2,170,360","495,620","DB손해보험 | 프로미카 다이렉트개인용자동차보험(플랫폼) | 최종 보험료 | 1,674,740원 | 총 보험료 | 결제 2,170,360원 | 마일리지 환급 495,620원 | 바로 가입하기",Volkswagen,Golf,2023,The Golf 8,2.0 TDI Premium,id2,28,남
130,2026-09-09 12:14:29,14로6902,2026-10-06,본인,DB손해보험,"2,156,330","2,795,420","639,090","DB손해보험 | 프로미카 다이렉트개인용자동차보험(플랫폼) | 최종 보험료 | 2,156,330원 | 총 보험료 | 결제 2,795,420원 | 마일리지 환급 639,090원 | 바로 가입하기",Audi,A5,2022,A5 40 TDI,Quattro Premium Sportback,id2,28,남
131,2026-09-09 12:15:47,14로6902,2026-10-06,본인,DB손해보험,"2,238,040","2,900,890","662,850","DB손해보험 | 프로미카 다이렉트개인용자동차보험(플랫폼) | 최종 보험료 | 2,238,040원 | 총 보험료 | 결제 2,900,890원 | 마일리지 환급 662,850원 | 바로 가입하기",Audi,A5,2020,A5 40 TDI,Quattro Premium Sportback,id2,28,남
132,2026-09-09 12:17:01,14로6902,2026-10-06,본인,DB손해보험,"1,547,750","1,957,270","409,520","DB손해보험 | 프로미카 다이렉트개인용자동차보험(플랫폼) | 최종 보험료 | 1,547,750원 | 총 보험료 | 결제 1,957,270원 | 마일리지 환급 409,520원 | 바로 가입하기",BYD,SEALION 7,2026,SEALION 7 Plus,오토,id2,28,남
133,2026-09-09 12:18:06,14로6902,2026-10-06,본인,DB손해보험,"1,198,050","1,514,590","316,540","DB손해보험 | 프로미카 다이렉트개인용자동차보험(플랫폼) | 최종 보험료 | 1,198,050원 | 총 보험료 | 결제 1,514,590원 | 마일리지 환급 316,540원 | 바로 가입하기",BYD,DOLPHIN,2026,DOLPHIN,오토,id2,28,남
134,2026-09-09 12:19:20,14로6902,2026-10-06,본인,DB손해보험,"1,429,580","1,807,070","377,490","DB손해보험 | 프로미카 다이렉트개인용자동차보험(플랫폼) | 최종 보험료 | 1,429,580원 | 총 보험료 | 결제 1,807,070원 | 마일리지 환급 377,490원 | 바로 가입하기",현대,넥쏘,2025,디 올 뉴 넥쏘,익스클루시브,id2,28,남
135,2026-09-09 12:22:08,14로6902,2026-10-06,본인,DB손해보험,"1,796,020","2,268,540","472,520","DB손해보험 | 프로미카 다이렉트개인용자동차보험(플랫폼) | 최종 보험료 | 1,796,020원 | 총 보험료 | 결제 2,268,540원 | 마일리지 환급 472,520원 | 바로 가입하기",현대,넥쏘,2022,넥쏘,모던(2021년),id2,28,남
136,2026-09-09 12:23:19,14로6902,2026-10-06,본인,DB손해보험,"1,859,370","2,347,790","488,420","DB손해보험 | 프로미카 다이렉트개인용자동차보험(플랫폼) | 최종 보험료 | 1,859,370원 | 총 보험료 | 결제 2,347,790원 | 마일리지 환급 488,420원 | 바로 가입하기",현대,넥쏘,2019,넥쏘 FCEV,프리미엄,id2,28,남
137,2026-09-09 12:24:36,14로6902,2026-10-06,본인,DB손해보험,"1,402,760","1,773,730","370,970","DB손해보험 | 프로미카 다이렉트개인용자동차보험(플랫폼) | 최종 보험료 | 1,402,760원 | 총 보험료 | 결제 1,773,730원 | 마일리지 환급 370,970원 | 바로 가입하기",기아,PV5,2026,PV5 WAV,베이직,id2,28,남
138,2026-09-09 12:25:47,14로6902,2026-10-06,본인,DB손해보험,"1,458,220","1,843,280","385,060","DB손해보험 | 프로미카 다이렉트개인용자동차보험(플랫폼) | 최종 보험료 | 1,458,220원 | 총 보험료 | 결제 1,843,280원 | 마일리지 환급 385,060원 | 바로 가입하기",기아,PV5,2025,PV5 패신저,플러스,id2,28,남
109,2026-09-08 20:54:16,14로6902,2026-10-06,본인,KB손해보험,"876,490","1,179,130","302,640","KB손해보험 | KB다이렉트(플랫폼)개인용자동차보험 | 최종 보험료 | 876,490원 | 총 보험료 | 결제 1,179,130원 | 마일리지 환급 302,640원 | 바로 가입하기",현대,캐스퍼,2026,더 뉴 캐스퍼 1.0,스마트,id2,28,남
110,2026-09-08 20:56:50,14로6902,2026-10-06,본인,KB손해보험,"1,070,650","1,437,800","367,150","KB손해보험 | KB다이렉트(플랫폼)개인용자동차보험 | 최종 보험료 | 1,070,650원 | 총 보험료 | 결제 1,437,800원 | 마일리지 환급 367,150원 | 바로 가입하기",현대,캐스퍼,2023,캐스퍼 1.0,스마트,id2,28,남
111,2026-09-08 20:57:51,14로6902,2026-10-06,본인,KB손해보험,"1,277,460","1,640,780","363,320","KB손해보험 | KB다이렉트(플랫폼)개인용자동차보험 | 최종 보험료 | 1,277,460원 | 총 보험료 | 결제 1,640,780원 | 마일리지 환급 363,320원 | 바로 가입하기",기아,모닝,2020,올뉴 모닝(2017),럭셔리,id2,28,남
112,2026-09-08 20:58:58,14로6902,2026-10-06,본인,KB손해보험,"1,299,450","1,668,450","369,000","KB손해보험 | KB다이렉트(플랫폼)개인용자동차보험 | 최종 보험료 | 1,299,450원 | 총 보험료 | 결제 1,668,450원 | 마일리지 환급 369,000원 | 바로 가입하기",기아,모닝,2017,올뉴 모닝(2017),럭셔리,id2,28,남
113,2026-09-08 21:00:01,14로6902,2026-10-06,본인,KB손해보험,"1,307,720","1,677,610","369,890","KB손해보험 | KB다이렉트(플랫폼)개인용자동차보험 | 최종 보험료 | 1,307,720원 | 총 보험료 | 결제 1,677,610원 | 마일리지 환급 369,890원 | 바로 가입하기",기아,모닝,2014,올뉴 모닝,럭셔리,id2,28,남
114,2026-09-08 21:01:11,14로6902,2026-10-06,본인,KB손해보험,"1,029,110","1,388,300","359,190","KB손해보험 | KB다이렉트(플랫폼)개인용자동차보험 | 최종 보험료 | 1,029,110원 | 총 보험료 | 결제 1,388,300원 | 마일리지 환급 359,190원 | 바로 가입하기",현대,아반떼,2026,더 뉴 아반떼1.6 하이브리드(CN7 F/L),스마트,id2,28,남
115,2026-09-08 21:03:48,14로6902,2026-10-06,본인,KB손해보험,"1,161,280","1,563,770","402,490","KB손해보험 | KB다이렉트(플랫폼)개인용자동차보험 | 최종 보험료 | 1,161,280원 | 총 보험료 | 결제 1,563,770원 | 마일리지 환급 402,490원 | 바로 가입하기",현대,아반떼,2023,올뉴아반떼1.6(7세대),스마트,id2,28,남
116,2026-09-08 21:05:05,14로6902,2026-10-06,본인,KB손해보험,"1,436,660","1,848,740","412,080","KB손해보험 | KB다이렉트(플랫폼)개인용자동차보험 | 최종 보험료 | 1,436,660원 | 총 보험료 | 결제 1,848,740원 | 마일리지 환급 412,080원 | 바로 가입하기",현대,아반떼,2020,올뉴아반떼1.6(7세대),스마트,id2,28,남
117,2026-09-08 21:06:18,14로6902,2026-10-06,본인,KB손해보험,"1,567,320","2,017,090","449,770","KB손해보험 | KB다이렉트(플랫폼)개인용자동차보험 | 최종 보험료 | 1,567,320원 | 총 보험료 | 결제 2,017,090원 | 마일리지 환급 449,770원 | 바로 가입하기",현대,아반떼,2017,아반떼AD 1.6GDI,밸류플러스,id2,28,남
118,2026-09-08 21:07:31,14로6902,2026-10-06,본인,KB손해보험,"1,547,180","1,989,800","442,620","KB손해보험 | KB다이렉트(플랫폼)개인용자동차보험 | 최종 보험료 | 1,547,180원 | 총 보험료 | 결제 1,989,800원 | 마일리지 환급 442,620원 | 바로 가입하기",현대,아반떼,2014,더 뉴 아반떼1.6GDI,스마트,id2,28,남
119,2026-09-08 21:08:40,14로6902,2026-10-06,본인,KB손해보험,"1,036,340","1,398,730","362,390","KB손해보험 | KB다이렉트(플랫폼)개인용자동차보험 | 최종 보험료 | 1,036,340원 | 총 보험료 | 결제 1,398,730원 | 마일리지 환급 362,390원 | 바로 가입하기",기아,K5,2026,더 뉴 K5 하이브리드,프레스티지,id2,28,남
120,2026-09-08 21:11:00,14로6902,2026-10-06,본인,KB손해보험,"1,262,930","1,702,250","439,320","KB손해보험 | KB다이렉트(플랫폼)개인용자동차보험 | 최종 보험료 | 1,262,930원 | 총 보험료 | 결제 1,702,250원 | 마일리지 환급 439,320원 | 바로 가입하기",기아,K5,2023,더 뉴 K5 하이브리드,프레스티지,id2,28,남
121,2026-09-08 21:12:18,14로6902,2026-10-06,본인,KB손해보험,"1,564,940","2,014,800","449,860","KB손해보험 | KB다이렉트(플랫폼)개인용자동차보험 | 최종 보험료 | 1,564,940원 | 총 보험료 | 결제 2,014,800원 | 마일리지 환급 449,860원 | 바로 가입하기",삼성,SM6,2020,SM6 2.0,LE,id2,28,남
122,2026-09-08 21:13:24,14로6902,2026-10-06,본인,KB손해보험,"1,331,120","1,710,260","379,140","KB손해보험 | KB다이렉트(플랫폼)개인용자동차보험 | 최종 보험료 | 1,331,120원 | 총 보험료 | 결제 1,710,260원 | 마일리지 환급 379,140원 | 바로 가입하기",현대,쏘나타,2017,LF쏘나타2.0,스마트,id2,28,남
123,2026-09-08 21:14:40,14로6902,2026-10-06,본인,KB손해보험,"1,355,670","1,740,910","385,240","KB손해보험 | KB다이렉트(플랫폼)개인용자동차보험 | 최종 보험료 | 1,355,670원 | 총 보험료 | 결제 1,740,910원 | 마일리지 환급 385,240원 | 바로 가입하기",기아,K5,2014,K5 2.0,프레스티지,id2,28,남
124,2026-09-08 21:15:47,14로6902,2026-10-06,본인,KB손해보험,"1,001,620","1,352,460","350,840","KB손해보험 | KB다이렉트(플랫폼)개인용자동차보험 | 최종 보험료 | 1,001,620원 | 총 보험료 | 결제 1,352,460원 | 마일리지 환급 350,840원 | 바로 가입하기",현대,제네시스,2026,제네시스 G80 2.5T(2024년형),2WD,id2,28,남
125,2026-09-08 21:18:16,14로6902,2026-10-06,본인,KB손해보험,"1,450,270","1,956,170","505,900","KB손해보험 | KB다이렉트(플랫폼)개인용자동차보험 | 최종 보험료 | 1,450,270원 | 총 보험료 | 결제 1,956,170원 | 마일리지 환급 505,900원 | 바로 가입하기",현대,제네시스,2023,제네시스 G80 2.5T(3세대),2WD,id2,28,남
126,2026-09-08 21:19:26,14로6902,2026-10-06,본인,KB손해보험,"1,334,590","1,716,700","382,110","KB손해보험 | KB다이렉트(플랫폼)개인용자동차보험 | 최종 보험료 | 1,334,590원 | 총 보험료 | 결제 1,716,700원 | 마일리지 환급 382,110원 | 바로 가입하기",현대,그랜져,2020,그랜져 IG(2019년형),IG240 프리미엄,id2,28,남
127,2026-09-08 21:20:42,14로6902,2026-10-06,본인,KB손해보험,"1,464,150","1,882,160","418,010","KB손해보험 | KB다이렉트(플랫폼)개인용자동차보험 | 최종 보험료 | 1,464,150원 | 총 보험료 | 결제 1,882,160원 | 마일리지 환급 418,010원 | 바로 가입하기",현대,그랜져,2017,그랜져 HG,HG240 모던,id2,28,남
128,2026-09-08 21:21:51,14로6902,2026-10-06,본인,KB손해보험,"1,483,760","1,905,180","421,420","KB손해보험 | KB다이렉트(플랫폼)개인용자동차보험 | 최종 보험료 | 1,483,760원 | 총 보험료 | 결제 1,905,180원 | 마일리지 환급 421,420원 | 바로 가입하기",현대,그랜져,2014,그랜져 HG,HG240 모던,id2,28,남
129,2026-09-08 21:22:58,14로6902,2026-10-06,본인,KB손해보험,"734,490","987,580","253,090","KB손해보험 | KB다이렉트(플랫폼)개인용자동차보험 | 최종 보험료 | 734,490원 | 총 보험료 | 결제 987,580원 | 마일리지 환급 253,090원 | 바로 가입하기",기아,카니발,2026,카니발 1.6 터보 하이브리드(9인승),노블레스(9인승),id2,28,남
130,2026-09-08 21:25:34,14로6902,2026-10-06,본인,KB손해보험,"1,109,040","1,488,640","379,600","KB손해보험 | KB다이렉트(플랫폼)개인용자동차보험 | 최종 보험료 | 1,109,040원 | 총 보험료 | 결제 1,488,640원 | 마일리지 환급 379,600원 | 바로 가입하기",기아,카니발,2023,카니발 1.6 터보 하이브리드(9인승),노블레스(9인승),id2,28,남
131,2026-09-08 21:26:46,14로6902,2026-10-06,본인,KB손해보험,"1,355,660","1,741,140","385,480","KB손해보험 | KB다이렉트(플랫폼)개인용자동차보험 | 최종 보험료 | 1,355,660원 | 총 보험료 | 결제 1,741,140원 | 마일리지 환급 385,480원 | 바로 가입하기",기아,카니발,2020,더뉴카니발 R2.2 디젤(9인승),프레스티지,id2,28,남
132,2026-09-08 21:27:56,14로6902,2026-10-06,본인,KB손해보험,"1,395,610","1,789,700","394,090","KB손해보험 | KB다이렉트(플랫폼)개인용자동차보험 | 최종 보험료 | 1,395,610원 | 총 보험료 | 결제 1,789,700원 | 마일리지 환급 394,090원 | 바로 가입하기",기아,카니발,2017,"올뉴카니발2.2(디젤,9인승)",프레스티지,id2,28,남
133,2026-09-08 21:29:10,14로6902,2026-10-06,본인,KB손해보험,"1,488,100","1,909,350","421,250","KB손해보험 | KB다이렉트(플랫폼)개인용자동차보험 | 최종 보험료 | 1,488,100원 | 총 보험료 | 결제 1,909,350원 | 마일리지 환급 421,250원 | 바로 가입하기",현대,싼타페,2014,싼타페 2.0(2WD),프리미엄,id2,28,남
134,2026-09-08 21:30:17,14로6902,2026-10-06,본인,KB손해보험,"1,059,750","1,429,760","370,010","KB손해보험 | KB다이렉트(플랫폼)개인용자동차보험 | 최종 보험료 | 1,059,750원 | 총 보험료 | 결제 1,429,760원 | 마일리지 환급 370,010원 | 바로 가입하기",기아,쏘렌토,2026,더 뉴 쏘렌토 1.6 터보 하이브리드,노블레스(2WD),id2,28,남
135,2026-09-08 21:32:45,14로6902,2026-10-06,본인,KB손해보험,"1,342,300","1,808,720","466,420","KB손해보험 | KB다이렉트(플랫폼)개인용자동차보험 | 최종 보험료 | 1,342,300원 | 총 보험료 | 결제 1,808,720원 | 마일리지 환급 466,420원 | 바로 가입하기",기아,쏘렌토,2023,쏘렌토 하이브리드(4세대),노블레스(2WD),id2,28,남
136,2026-09-08 21:33:53,14로6902,2026-10-06,본인,KB손해보험,"1,668,270","2,147,990","479,720","KB손해보험 | KB다이렉트(플랫폼)개인용자동차보험 | 최종 보험료 | 1,668,270원 | 총 보험료 | 결제 2,147,990원 | 마일리지 환급 479,720원 | 바로 가입하기",기아,NIRO,2020,The New NIRO 1.6(HEV),프레스티지,id2,28,남
137,2026-09-08 21:35:12,14로6902,2026-10-06,본인,KB손해보험,"1,478,090","1,898,240","420,150","KB손해보험 | KB다이렉트(플랫폼)개인용자동차보험 | 최종 보험료 | 1,478,090원 | 총 보험료 | 결제 1,898,240원 | 마일리지 환급 420,150원 | 바로 가입하기",현대,싼타페,2017,싼타페 2.0(2WD),프리미엄,id2,28,남
138,2026-09-08 21:36:21,14로6902,2026-10-06,본인,KB손해보험,"1,308,710","1,680,240","371,530","KB손해보험 | KB다이렉트(플랫폼)개인용자동차보험 | 최종 보험료 | 1,308,710원 | 총 보험료 | 결제 1,680,240원 | 마일리지 환급 371,530원 | 바로 가입하기",기아,스포티지,2014,스포티지R GDI(2WD),럭셔리,id2,28,남
139,2026-09-08 21:37:42,14로6902,2026-10-06,본인,KB손해보험,"1,216,270","1,642,180","425,910","KB손해보험 | KB다이렉트(플랫폼)개인용자동차보험 | 최종 보험료 | 1,216,270원 | 총 보험료 | 결제 1,642,180원 | 마일리지 환급 425,910원 | 바로 가입하기",BMW,5 Series,2026,520i,M Sport Package,id2,28,남
140,2026-09-08 21:40:19,14로6902,2026-10-06,본인,KB손해보험,"1,476,590","1,991,370","514,780","KB손해보험 | KB다이렉트(플랫폼)개인용자동차보험 | 최종 보험료 | 1,476,590원 | 총 보험료 | 결제 1,991,370원 | 마일리지 환급 514,780원 | 바로 가입하기",벤츠,Mercedes Benz E-Class,2023,New E 250,Avantgarde,id2,28,남
141,2026-09-08 21:41:39,14로6902,2026-10-06,본인,KB손해보험,"1,856,070","2,390,950","534,880","KB손해보험 | KB다이렉트(플랫폼)개인용자동차보험 | 최종 보험료 | 1,856,070원 | 총 보험료 | 결제 2,390,950원 | 마일리지 환급 534,880원 | 바로 가입하기",BMW,3 Series,2020,320d,ED (OE),id2,28,남
142,2026-09-08 21:42:58,14로6902,2026-10-06,본인,KB손해보험,"1,906,440","2,453,570","547,130","KB손해보험 | KB다이렉트(플랫폼)개인용자동차보험 | 최종 보험료 | 1,906,440원 | 총 보험료 | 결제 2,453,570원 | 마일리지 환급 547,130원 | 바로 가입하기",BMW,3 Series,2017,320d,ED,id2,28,남
143,2026-09-08 21:44:19,14로6902,2026-10-06,본인,KB손해보험,"1,960,340","2,522,160","561,820","KB손해보험 | KB다이렉트(플랫폼)개인용자동차보험 | 최종 보험료 | 1,960,340원 | 총 보험료 | 결제 2,522,160원 | 마일리지 환급 561,820원 | 바로 가입하기",BMW,5 Series,2014,520d,Luxury,id2,28,남
144,2026-09-08 21:45:30,14로6902,2026-10-06,본인,KB손해보험,"925,370","1,244,240","318,870","KB손해보험 | KB다이렉트(플랫폼)개인용자동차보험 | 최종 보험료 | 925,370원 | 총 보험료 | 결제 1,244,240원 | 마일리지 환급 318,870원 | 바로 가입하기",기아,RAY,2025,THE NEW RAY 1.0,베스트 셀렉션,id2,28,남
146,2026-09-08 21:49:07,14로6902,2026-10-06,본인,KB손해보험,"1,314,090","1,687,730","373,640","KB손해보험 | KB다이렉트(플랫폼)개인용자동차보험 | 최종 보험료 | 1,314,090원 | 총 보험료 | 결제 1,687,730원 | 마일리지 환급 373,640원 | 바로 가입하기",기아,RAY,2019,RAY 밴,VAN,id2,28,남
147,2026-09-08 21:50:20,14로6902,2026-10-06,본인,KB손해보험,"1,235,620","1,666,160","430,540","KB손해보험 | KB다이렉트(플랫폼)개인용자동차보험 | 최종 보험료 | 1,235,620원 | 총 보험료 | 결제 1,666,160원 | 마일리지 환급 430,540원 | 바로 가입하기",현대,투싼,2024,투싼 디젤2.0(4세대),프리미엄(4WD),id2,28,남
148,2026-09-08 21:51:30,14로6902,2026-10-06,본인,KB손해보험,"1,274,380","1,716,320","441,940","KB손해보험 | KB다이렉트(플랫폼)개인용자동차보험 | 최종 보험료 | 1,274,380원 | 총 보험료 | 결제 1,716,320원 | 마일리지 환급 441,940원 | 바로 가입하기",현대,투싼,2021,투싼 디젤2.0(4세대),모던(4WD),id2,28,남
149,2026-09-08 21:52:49,14로6902,2026-10-06,본인,KB손해보험,"1,540,550","1,982,710","442,160","KB손해보험 | KB다이렉트(플랫폼)개인용자동차보험 | 최종 보험료 | 1,540,550원 | 총 보험료 | 결제 1,982,710원 | 마일리지 환급 442,160원 | 바로 가입하기",현대,투싼,2018,올뉴투싼 1.6터보 GDI,스마트,id2,28,남
150,2026-09-08 21:55:21,14로6902,2026-10-06,본인,KB손해보험,"1,330,720","1,851,160","520,440","KB손해보험 | KB다이렉트(플랫폼)개인용자동차보험 | 최종 보험료 | 1,330,720원 | 총 보험료 | 결제 1,851,160원 | 마일리지 환급 520,440원 | 바로 가입하기",현대,아이오닉,2026,더 뉴 아이오닉 5,AWD,id2,28,남
151,2026-09-08 21:56:41,14로6902,2026-10-06,본인,KB손해보험,"1,450,760","2,014,510","563,750","KB손해보험 | KB다이렉트(플랫폼)개인용자동차보험 | 최종 보험료 | 1,450,760원 | 총 보험료 | 결제 2,014,510원 | 마일리지 환급 563,750원 | 바로 가입하기",현대,아이오닉,2023,더 뉴 아이오닉 일렉트릭,엔,id2,28,남
152,2026-09-08 21:57:55,14로6902,2026-10-06,본인,KB손해보험,"1,875,860","2,416,180","540,320","KB손해보험 | KB다이렉트(플랫폼)개인용자동차보험 | 최종 보험료 | 1,875,860원 | 총 보험료 | 결제 2,416,180원 | 마일리지 환급 540,320원 | 바로 가입하기",현대,아이오닉,2020,더 뉴 아이오닉 플러그인 하이브리드,큐,id2,28,남
153,2026-09-08 21:59:09,14로6902,2026-10-06,본인,KB손해보험,"1,047,680","1,413,920","366,240","KB손해보험 | KB다이렉트(플랫폼)개인용자동차보험 | 최종 보험료 | 1,047,680원 | 총 보험료 | 결제 1,413,920원 | 마일리지 환급 366,240원 | 바로 가입하기",기아,K9,2025,THE K9 3.8 GDI,플래티넘(AWD),id2,28,남
154,2026-09-08 22:00:25,14로6902,2026-10-06,본인,KB손해보험,"1,389,030","1,872,450","483,420","KB손해보험 | KB다이렉트(플랫폼)개인용자동차보험 | 최종 보험료 | 1,389,030원 | 총 보험료 | 결제 1,872,450원 | 마일리지 환급 483,420원 | 바로 가입하기",기아,K9,2022,THE K9 3.8 GDI,마스터즈(AWD),id2,28,남
155,2026-09-08 22:03:01,14로6902,2026-10-06,본인,KB손해보험,"1,728,670","2,225,210","496,540","KB손해보험 | KB다이렉트(플랫폼)개인용자동차보험 | 최종 보험료 | 1,728,670원 | 총 보험료 | 결제 2,225,210원 | 마일리지 환급 496,540원 | 바로 가입하기",기아,K9,2019,K9 5.0,퀀텀,id2,28,남
156,2026-09-08 22:04:50,14로6902,2026-10-06,본인,KB손해보험,"1,113,350","1,500,080","386,730","KB손해보험 | KB다이렉트(플랫폼)개인용자동차보험 | 최종 보험료 | 1,113,350원 | 총 보험료 | 결제 1,500,080원 | 마일리지 환급 386,730원 | 바로 가입하기",현대,팰리세이드,2024,팰리세이드 2.2D(22.05.19~),캘리그래피(4WD),id2,28,남
157,2026-09-08 22:06:08,14로6902,2026-10-06,본인,KB손해보험,"1,157,070","1,556,130","399,060","KB손해보험 | KB다이렉트(플랫폼)개인용자동차보험 | 최종 보험료 | 1,157,070원 | 총 보험료 | 결제 1,556,130원 | 마일리지 환급 399,060원 | 바로 가입하기",현대,팰리세이드,2021,팰리세이드 3.8(2WD),프레스티지,id2,28,남
158,2026-09-08 22:07:21,14로6902,2026-10-06,본인,KB손해보험,"1,689,100","2,171,720","482,620","KB손해보험 | KB다이렉트(플랫폼)개인용자동차보험 | 최종 보험료 | 1,689,100원 | 총 보험료 | 결제 2,171,720원 | 마일리지 환급 482,620원 | 바로 가입하기",현대,팰리세이드,2018,팰리세이드 2.2(4WD),프레스티지,id2,28,남
159,2026-09-08 22:08:45,14로6902,2026-10-06,본인,KB손해보험,"2,045,940","2,848,660","802,720","KB손해보험 | KB다이렉트(플랫폼)개인용자동차보험 | 최종 보험료 | 2,045,940원 | 총 보험료 | 결제 2,848,660원 | 마일리지 환급 802,720원 | 바로 가입하기",Tesla,Model 3,2026,Model 3,Long Range(2022~),id2,28,남
160,2026-09-08 22:11:20,14로6902,2026-10-06,본인,KB손해보험,"2,056,920","2,861,070","804,150","KB손해보험 | KB다이렉트(플랫폼)개인용자동차보험 | 최종 보험료 | 2,056,920원 | 총 보험료 | 결제 2,861,070원 | 마일리지 환급 804,150원 | 바로 가입하기",Tesla,Model 3,2024,Model 3 Premium Long Range AWD,오토,id2,28,남
161,2026-09-08 22:12:37,14로6902,2026-10-06,본인,KB손해보험,"2,380,430","3,309,530","929,100","KB손해보험 | KB다이렉트(플랫폼)개인용자동차보험 | 최종 보험료 | 2,380,430원 | 총 보험료 | 결제 3,309,530원 | 마일리지 환급 929,100원 | 바로 가입하기",Tesla,Model 3,2022,Model 3,Performance,id2,28,남
162,2026-09-08 22:14:00,14로6902,2026-10-06,본인,KB손해보험,"2,241,050","2,974,690","733,640","KB손해보험 | KB다이렉트(플랫폼)개인용자동차보험 | 최종 보험료 | 2,241,050원 | 총 보험료 | 결제 2,974,690원 | 마일리지 환급 733,640원 | 바로 가입하기",Tesla,Model 3,2020,Model 3,Standard Range Plus,id2,28,남
93,2026-09-09 11:17:15,14로6902,2026-10-06,본인,KB손해보험,"1,079,070","1,455,830","376,760","KB손해보험 | KB다이렉트(플랫폼)개인용자동차보험 | 최종 보험료 | 1,079,070원 | 총 보험료 | 결제 1,455,830원 | 마일리지 환급 376,760원 | 바로 가입하기",현대,코나,2025,디올뉴 코나 2.0,프리미엄(2WD),id2,28,남
94,2026-09-09 11:18:50,14로6902,2026-10-06,본인,KB손해보험,"1,162,060","1,564,520","402,460","KB손해보험 | KB다이렉트(플랫폼)개인용자동차보험 | 최종 보험료 | 1,162,060원 | 총 보험료 | 결제 1,564,520원 | 마일리지 환급 402,460원 | 바로 가입하기",현대,코나,2022,더뉴 코나 2.0,모던(4WD),id2,28,남
95,2026-09-09 11:20:50,14로6902,2026-10-06,본인,KB손해보험,"1,453,510","1,870,530","417,020","KB손해보험 | KB다이렉트(플랫폼)개인용자동차보험 | 최종 보험료 | 1,453,510원 | 총 보험료 | 결제 1,870,530원 | 마일리지 환급 417,020원 | 바로 가입하기",현대,코나,2020,더뉴 코나 1.6 터보,인스퍼레이션(4WD),id2,28,남
96,2026-09-09 11:23:51,14로6902,2026-10-06,본인,KB손해보험,"1,563,700","2,012,430","448,730","KB손해보험 | KB다이렉트(플랫폼)개인용자동차보험 | 최종 보험료 | 1,563,700원 | 총 보험료 | 결제 2,012,430원 | 마일리지 환급 448,730원 | 바로 가입하기",현대,코나,2017,코나 1.6 터보(4WD),스마트,id2,28,남
97,2026-09-09 11:25:55,14로6902,2026-10-06,본인,KB손해보험,"914,290","1,233,570","319,280","KB손해보험 | KB다이렉트(플랫폼)개인용자동차보험 | 최종 보험료 | 914,290원 | 총 보험료 | 결제 1,233,570원 | 마일리지 환급 319,280원 | 바로 가입하기",기아,셀토스,2026,셀토스 2.0,프레스티지(4WD),id2,28,남
98,2026-09-09 11:27:38,14로6902,2026-10-06,본인,KB손해보험,"1,279,940","1,724,340","444,400","KB손해보험 | KB다이렉트(플랫폼)개인용자동차보험 | 최종 보험료 | 1,279,940원 | 총 보험료 | 결제 1,724,340원 | 마일리지 환급 444,400원 | 바로 가입하기",기아,셀토스,2023,셀토스 1.6 디젤,노블레스(4WD),id2,28,남
99,2026-09-09 11:29:40,14로6902,2026-10-06,본인,KB손해보험,"1,242,470","1,672,350","429,880","KB손해보험 | KB다이렉트(플랫폼)개인용자동차보험 | 최종 보험료 | 1,242,470원 | 총 보험료 | 결제 1,672,350원 | 마일리지 환급 429,880원 | 바로 가입하기",기아,셀토스,2021,셀토스 1.6 터보,그래비티(4WD),id2,28,남
100,2026-09-09 11:33:18,14로6902,2026-10-06,본인,KB손해보험,"1,522,270","1,959,090","436,820","KB손해보험 | KB다이렉트(플랫폼)개인용자동차보험 | 최종 보험료 | 1,522,270원 | 총 보험료 | 결제 1,959,090원 | 마일리지 환급 436,820원 | 바로 가입하기",기아,셀토스,2019,셀토스 1.6 디젤,트렌디(4WD),id2,28,남
101,2026-09-09 11:34:25,14로6902,2026-10-06,본인,KB손해보험,"787,640","1,058,440","270,800","KB손해보험 | KB다이렉트(플랫폼)개인용자동차보험 | 최종 보험료 | 787,640원 | 총 보험료 | 결제 1,058,440원 | 마일리지 환급 270,800원 | 바로 가입하기",현대,스타리아,2025,스타리아 투어러,모던(4WD),id2,28,남
102,2026-09-09 11:35:39,14로6902,2026-10-06,본인,KB손해보험,"1,202,080","1,614,540","412,460","KB손해보험 | KB다이렉트(플랫폼)개인용자동차보험 | 최종 보험료 | 1,202,080원 | 총 보험료 | 결제 1,614,540원 | 마일리지 환급 412,460원 | 바로 가입하기",현대,스타리아,2022,스타리아 라운지,리무진(2WD),id2,28,남
103,2026-09-09 11:36:48,14로6902,2026-10-06,본인,KB손해보험,"1,144,160","1,542,400","398,240","KB손해보험 | KB다이렉트(플랫폼)개인용자동차보험 | 최종 보험료 | 1,144,160원 | 총 보험료 | 결제 1,542,400원 | 마일리지 환급 398,240원 | 바로 가입하기",현대,쏘나타,2024,쏘나타 디 엣지 2.0,익스클루시브,id2,28,남
104,2026-09-09 11:37:55,14로6902,2026-10-06,본인,KB손해보험,"1,419,430","1,911,790","492,360","KB손해보험 | KB다이렉트(플랫폼)개인용자동차보험 | 최종 보험료 | 1,419,430원 | 총 보험료 | 결제 1,911,790원 | 마일리지 환급 492,360원 | 바로 가입하기",현대,쏘나타,2021,쏘나타 센슈어스 1.6,프리미엄,id2,28,남
105,2026-09-09 11:40:26,14로6902,2026-10-06,본인,KB손해보험,"1,334,940","1,857,040","522,100","KB손해보험 | KB다이렉트(플랫폼)개인용자동차보험 | 최종 보험료 | 1,334,940원 | 총 보험료 | 결제 1,857,040원 | 마일리지 환급 522,100원 | 바로 가입하기",기아,EV4,2026,EV4 GT,오토,id2,28,남
106,2026-09-09 11:41:34,14로6902,2026-10-06,본인,KB손해보험,"1,404,720","1,953,410","548,690","KB손해보험 | KB다이렉트(플랫폼)개인용자동차보험 | 최종 보험료 | 1,404,720원 | 총 보험료 | 결제 1,953,410원 | 마일리지 환급 548,690원 | 바로 가입하기",기아,EV5,2025,EV5,롱레인지 어스(2WD),id2,28,남
107,2026-09-09 11:42:41,14로6902,2026-10-06,본인,KB손해보험,"1,182,230","1,593,790","411,560","KB손해보험 | KB다이렉트(플랫폼)개인용자동차보험 | 최종 보험료 | 1,182,230원 | 총 보험료 | 결제 1,593,790원 | 마일리지 환급 411,560원 | 바로 가입하기",기아,스포티지,2024,The New 스포티지 가솔린 터보 1.6,프레스티지(4WD),id2,28,남
108,2026-09-09 11:43:55,14로6902,2026-10-06,본인,KB손해보험,"1,082,700","1,456,930","374,230","KB손해보험 | KB다이렉트(플랫폼)개인용자동차보험 | 최종 보험료 | 1,082,700원 | 총 보험료 | 결제 1,456,930원 | 마일리지 환급 374,230원 | 바로 가입하기",기아,스포티지,2021,스포티지 더 볼드 누우2.0 가솔린,프레스티지(2WD),id2,28,남
109,2026-09-09 11:45:03,14로6902,2026-10-06,본인,KB손해보험,"1,385,520","1,781,790","396,270","KB손해보험 | KB다이렉트(플랫폼)개인용자동차보험 | 최종 보험료 | 1,385,520원 | 총 보험료 | 결제 1,781,790원 | 마일리지 환급 396,270원 | 바로 가입하기",기아,스포티지,2019,THE SUV 스포티지(2WD),프레스티지,id2,28,남
110,2026-09-09 11:47:37,14로6902,2026-10-06,본인,KB손해보험,"1,485,210","1,909,090","423,880","KB손해보험 | KB다이렉트(플랫폼)개인용자동차보험 | 최종 보험료 | 1,485,210원 | 총 보험료 | 결제 1,909,090원 | 마일리지 환급 423,880원 | 바로 가입하기",기아,스포티지,2016,THE SUV 스포티지(2WD),노블레스,id2,28,남
111,2026-09-09 11:48:51,14로6902,2026-10-06,본인,KB손해보험,"1,299,550","1,671,930","372,380","KB손해보험 | KB다이렉트(플랫폼)개인용자동차보험 | 최종 보험료 | 1,299,550원 | 총 보험료 | 결제 1,671,930원 | 마일리지 환급 372,380원 | 바로 가입하기",삼성,SM5,2020,뉴SM5(신형)2.0,Classic,id2,28,남
112,2026-09-09 11:49:57,14로6902,2026-10-06,본인,KB손해보험,"1,449,810","1,863,590","413,780","KB손해보험 | KB다이렉트(플랫폼)개인용자동차보험 | 최종 보험료 | 1,449,810원 | 총 보험료 | 결제 1,863,590원 | 마일리지 환급 413,780원 | 바로 가입하기",삼성,SM5,2017,뉴SM5(신형)1.6,TCE,id2,28,남
113,2026-09-09 11:51:10,14로6902,2026-10-06,본인,KB손해보험,"999,910","1,349,420","349,510","KB손해보험 | KB다이렉트(플랫폼)개인용자동차보험 | 최종 보험료 | 999,910원 | 총 보험료 | 결제 1,349,420원 | 마일리지 환급 349,510원 | 바로 가입하기",삼성,그랑 콜레오스,2026,그랑 콜레오스 2.0 터보,테크노,id2,28,남
114,2026-09-09 11:52:26,14로6902,2026-10-06,본인,KB손해보험,"1,529,060","2,063,120","534,060","KB손해보험 | KB다이렉트(플랫폼)개인용자동차보험 | 최종 보험료 | 1,529,060원 | 총 보험료 | 결제 2,063,120원 | 마일리지 환급 534,060원 | 바로 가입하기",삼성,그랑 콜레오스,2024,그랑 콜레오스 1.5 하이브리드,아이코닉,id2,28,남
115,2026-09-09 11:54:49,14로6902,2026-10-06,본인,KB손해보험,"1,427,370","1,834,600","407,230","KB손해보험 | KB다이렉트(플랫폼)개인용자동차보험 | 최종 보험료 | 1,427,370원 | 총 보험료 | 결제 1,834,600원 | 마일리지 환급 407,230원 | 바로 가입하기",삼성,QM5,2017,뉴QM5 2.0(4WD),LE,id2,28,남
116,2026-09-09 11:56:07,14로6902,2026-10-06,본인,KB손해보험,"1,180,790","1,592,990","412,200","KB손해보험 | KB다이렉트(플랫폼)개인용자동차보험 | 최종 보험료 | 1,180,790원 | 총 보험료 | 결제 1,592,990원 | 마일리지 환급 412,200원 | 바로 가입하기",쌍용,티볼리,2025,더 뉴 티볼리 1.6,V3(2WD),id2,28,남
117,2026-09-09 11:57:10,14로6902,2026-10-06,본인,KB손해보험,"1,551,250","2,090,970","539,720","KB손해보험 | KB다이렉트(플랫폼)개인용자동차보험 | 최종 보험료 | 1,551,250원 | 총 보험료 | 결제 2,090,970원 | 마일리지 환급 539,720원 | 바로 가입하기",쌍용,티볼리,2022,리스펙 티볼리 1.5,업비트(4WD),id2,28,남
118,2026-09-09 11:58:16,14로6902,2026-10-06,본인,KB손해보험,"1,910,990","2,461,310","550,320","KB손해보험 | KB다이렉트(플랫폼)개인용자동차보험 | 최종 보험료 | 1,910,990원 | 총 보험료 | 결제 2,461,310원 | 마일리지 환급 550,320원 | 바로 가입하기",쌍용,티볼리,2019,베리 뉴 티볼리 1.5,V7,id2,28,남
119,2026-09-09 11:59:27,14로6902,2026-10-06,본인,KB손해보험,"1,270,680","1,715,180","444,500","KB손해보험 | KB다이렉트(플랫폼)개인용자동차보험 | 최종 보험료 | 1,270,680원 | 총 보험료 | 결제 1,715,180원 | 마일리지 환급 444,500원 | 바로 가입하기",쌍용,토레스,2026,토레스 1.5,TL7,id2,28,남
120,2026-09-09 12:01:56,14로6902,2026-10-06,본인,KB손해보험,"1,616,470","2,179,720","563,250","KB손해보험 | KB다이렉트(플랫폼)개인용자동차보험 | 최종 보험료 | 1,616,470원 | 총 보험료 | 결제 2,179,720원 | 마일리지 환급 563,250원 | 바로 가입하기",쌍용,토레스,2023,토레스 1.5,TL5,id2,28,남
121,2026-09-09 12:03:01,14로6902,2026-10-06,본인,KB손해보험,"1,075,370","1,450,330","374,960","KB손해보험 | KB다이렉트(플랫폼)개인용자동차보험 | 최종 보험료 | 1,075,370원 | 총 보험료 | 결제 1,450,330원 | 마일리지 환급 374,960원 | 바로 가입하기",대우,트레일블레이저,2025,트레일블레이저 1.35,RS,id2,28,남
122,2026-09-09 12:04:11,14로6902,2026-10-06,본인,KB손해보험,"1,272,230","1,713,400","441,170","KB손해보험 | KB다이렉트(플랫폼)개인용자동차보험 | 최종 보험료 | 1,272,230원 | 총 보험료 | 결제 1,713,400원 | 마일리지 환급 441,170원 | 바로 가입하기",대우,트레일블레이저,2022,트레일블레이저 1.2,LS,id2,28,남
123,2026-09-09 12:05:26,14로6902,2026-10-06,본인,KB손해보험,"1,558,760","2,166,310","607,550","KB손해보험 | KB다이렉트(플랫폼)개인용자동차보험 | 최종 보험료 | 1,558,760원 | 총 보험료 | 결제 2,166,310원 | 마일리지 환급 607,550원 | 바로 가입하기",BMW,MINI Cooper,2024,Mini Cooper SE,Classic,id2,28,남
124,2026-09-09 12:06:44,14로6902,2026-10-06,본인,KB손해보험,"1,644,840","2,216,820","571,980","KB손해보험 | KB다이렉트(플랫폼)개인용자동차보험 | 최종 보험료 | 1,644,840원 | 총 보험료 | 결제 2,216,820원 | 마일리지 환급 571,980원 | 바로 가입하기",BMW,MINI Cooper,2021,New Cooper D,3door,id2,28,남
125,2026-09-09 12:09:16,14로6902,2026-10-06,본인,KB손해보험,"1,709,930","2,201,540","491,610","KB손해보험 | KB다이렉트(플랫폼)개인용자동차보험 | 최종 보험료 | 1,709,930원 | 총 보험료 | 결제 2,201,540원 | 마일리지 환급 491,610원 | 바로 가입하기",BMW,MINI Cooper,2018,New Mini Cooper,5door,id2,28,남
126,2026-09-09 12:10:28,14로6902,2026-10-06,본인,KB손해보험,"1,177,640","1,589,930","412,290","KB손해보험 | KB다이렉트(플랫폼)개인용자동차보험 | 최종 보험료 | 1,177,640원 | 총 보험료 | 결제 1,589,930원 | 마일리지 환급 412,290원 | 바로 가입하기",Volkswagen,Golf,2026,The Golf 8,GTI,id2,28,남
127,2026-09-09 12:11:43,14로6902,2026-10-06,본인,KB손해보험,"1,426,050","1,922,970","496,920","KB손해보험 | KB다이렉트(플랫폼)개인용자동차보험 | 최종 보험료 | 1,426,050원 | 총 보험료 | 결제 1,922,970원 | 마일리지 환급 496,920원 | 바로 가입하기",Volkswagen,Golf,2023,The Golf 8,2.0 TDI Premium,id2,28,남
130,2026-09-09 12:14:29,14로6902,2026-10-06,본인,KB손해보험,"1,959,690","2,643,860","684,170","KB손해보험 | KB다이렉트(플랫폼)개인용자동차보험 | 최종 보험료 | 1,959,690원 | 총 보험료 | 결제 2,643,860원 | 마일리지 환급 684,170원 | 바로 가입하기",Audi,A5,2022,A5 40 TDI,Quattro Premium Sportback,id2,28,남
131,2026-09-09 12:15:47,14로6902,2026-10-06,본인,KB손해보험,"2,103,400","2,710,490","607,090","KB손해보험 | KB다이렉트(플랫폼)개인용자동차보험 | 최종 보험료 | 2,103,400원 | 총 보험료 | 결제 2,710,490원 | 마일리지 환급 607,090원 | 바로 가입하기",Audi,A5,2020,A5 40 TDI,Quattro Premium Sportback,id2,28,남
132,2026-09-09 12:17:01,14로6902,2026-10-06,본인,KB손해보험,"1,288,440","1,792,160","503,720","KB손해보험 | KB다이렉트(플랫폼)개인용자동차보험 | 최종 보험료 | 1,288,440원 | 총 보험료 | 결제 1,792,160원 | 마일리지 환급 503,720원 | 바로 가입하기",BYD,SEALION 7,2026,SEALION 7 Plus,오토,id2,28,남
133,2026-09-09 12:18:06,14로6902,2026-10-06,본인,KB손해보험,"1,112,940","1,547,380","434,440","KB손해보험 | KB다이렉트(플랫폼)개인용자동차보험 | 최종 보험료 | 1,112,940원 | 총 보험료 | 결제 1,547,380원 | 마일리지 환급 434,440원 | 바로 가입하기",BYD,DOLPHIN,2026,DOLPHIN,오토,id2,28,남
134,2026-09-09 12:19:20,14로6902,2026-10-06,본인,KB손해보험,"1,442,780","1,947,180","504,400","KB손해보험 | KB다이렉트(플랫폼)개인용자동차보험 | 최종 보험료 | 1,442,780원 | 총 보험료 | 결제 1,947,180원 | 마일리지 환급 504,400원 | 바로 가입하기",현대,넥쏘,2025,디 올 뉴 넥쏘,익스클루시브,id2,28,남
135,2026-09-09 12:22:08,14로6902,2026-10-06,본인,KB손해보험,"1,712,210","2,307,580","595,370","KB손해보험 | KB다이렉트(플랫폼)개인용자동차보험 | 최종 보험료 | 1,712,210원 | 총 보험료 | 결제 2,307,580원 | 마일리지 환급 595,370원 | 바로 가입하기",현대,넥쏘,2022,넥쏘,모던(2021년),id2,28,남
136,2026-09-09 12:23:19,14로6902,2026-10-06,본인,KB손해보험,"1,874,590","2,412,280","537,690","KB손해보험 | KB다이렉트(플랫폼)개인용자동차보험 | 최종 보험료 | 1,874,590원 | 총 보험료 | 결제 2,412,280원 | 마일리지 환급 537,690원 | 바로 가입하기",현대,넥쏘,2019,넥쏘 FCEV,프리미엄,id2,28,남
137,2026-09-09 12:24:36,14로6902,2026-10-06,본인,KB손해보험,"1,266,680","1,761,820","495,140","KB손해보험 | KB다이렉트(플랫폼)개인용자동차보험 | 최종 보험료 | 1,266,680원 | 총 보험료 | 결제 1,761,820원 | 마일리지 환급 495,140원 | 바로 가입하기",기아,PV5,2026,PV5 WAV,베이직,id2,28,남
138,2026-09-09 12:25:47,14로6902,2026-10-06,본인,KB손해보험,"1,371,730","1,907,390","535,660","KB손해보험 | KB다이렉트(플랫폼)개인용자동차보험 | 최종 보험료 | 1,371,730원 | 총 보험료 | 결제 1,907,390원 | 마일리지 환급 535,660원 | 바로 가입하기",기아,PV5,2025,PV5 패신저,플러스,id2,28,남
109,2026-09-08 20:54:16,14로6902,2026-10-06,본인,롯데손해보험,"995,730","1,195,840","200,110","롯데손해보험 | let:click 개인용자동차보험(인터넷) | 최종 보험료 | 995,730원 | 총 보험료 | 결제 1,195,840원 | 마일리지 환급 200,110원 | 바로 가입하기",현대,캐스퍼,2026,더 뉴 캐스퍼 1.0,스마트,id2,28,남
110,2026-09-08 20:56:50,14로6902,2026-10-06,본인,롯데손해보험,"1,110,300","1,332,530","222,230","롯데손해보험 | let:click 개인용자동차보험(인터넷) | 최종 보험료 | 1,110,300원 | 총 보험료 | 결제 1,332,530원 | 마일리지 환급 222,230원 | 바로 가입하기",현대,캐스퍼,2023,캐스퍼 1.0,스마트,id2,28,남
111,2026-09-08 20:57:51,14로6902,2026-10-06,본인,롯데손해보험,"1,287,380","1,544,070","256,690","롯데손해보험 | let:click 개인용자동차보험(인터넷) | 최종 보험료 | 1,287,380원 | 총 보험료 | 결제 1,544,070원 | 마일리지 환급 256,690원 | 바로 가입하기",기아,모닝,2020,올뉴 모닝(2017),럭셔리,id2,28,남
112,2026-09-08 20:58:58,14로6902,2026-10-06,본인,롯데손해보험,"1,310,520","1,570,770","260,250","롯데손해보험 | let:click 개인용자동차보험(인터넷) | 최종 보험료 | 1,310,520원 | 총 보험료 | 결제 1,570,770원 | 마일리지 환급 260,250원 | 바로 가입하기",기아,모닝,2017,올뉴 모닝(2017),럭셔리,id2,28,남
113,2026-09-08 21:00:01,14로6902,2026-10-06,본인,롯데손해보험,"1,291,660","1,548,050","256,390","롯데손해보험 | let:click 개인용자동차보험(인터넷) | 최종 보험료 | 1,291,660원 | 총 보험료 | 결제 1,548,050원 | 마일리지 환급 256,390원 | 바로 가입하기",기아,모닝,2014,올뉴 모닝,럭셔리,id2,28,남
114,2026-09-08 21:01:11,14로6902,2026-10-06,본인,롯데손해보험,"1,135,850","1,364,700","228,850","롯데손해보험 | let:click 개인용자동차보험(인터넷) | 최종 보험료 | 1,135,850원 | 총 보험료 | 결제 1,364,700원 | 마일리지 환급 228,850원 | 바로 가입하기",현대,아반떼,2026,더 뉴 아반떼1.6 하이브리드(CN7 F/L),스마트,id2,28,남
115,2026-09-08 21:03:48,14로6902,2026-10-06,본인,롯데손해보험,"1,234,050","1,481,630","247,580","롯데손해보험 | let:click 개인용자동차보험(인터넷) | 최종 보험료 | 1,234,050원 | 총 보험료 | 결제 1,481,630원 | 마일리지 환급 247,580원 | 바로 가입하기",현대,아반떼,2023,올뉴아반떼1.6(7세대),스마트,id2,28,남
116,2026-09-08 21:05:05,14로6902,2026-10-06,본인,롯데손해보험,"1,380,420","1,656,230","275,810","롯데손해보험 | let:click 개인용자동차보험(인터넷) | 최종 보험료 | 1,380,420원 | 총 보험료 | 결제 1,656,230원 | 마일리지 환급 275,810원 | 바로 가입하기",현대,아반떼,2020,올뉴아반떼1.6(7세대),스마트,id2,28,남
117,2026-09-08 21:06:18,14로6902,2026-10-06,본인,롯데손해보험,"1,584,840","1,901,760","316,920","롯데손해보험 | let:click 개인용자동차보험(인터넷) | 최종 보험료 | 1,584,840원 | 총 보험료 | 결제 1,901,760원 | 마일리지 환급 316,920원 | 바로 가입하기",현대,아반떼,2017,아반떼AD 1.6GDI,밸류플러스,id2,28,남
118,2026-09-08 21:07:31,14로6902,2026-10-06,본인,롯데손해보험,"1,528,560","1,833,960","305,400","롯데손해보험 | let:click 개인용자동차보험(인터넷) | 최종 보험료 | 1,528,560원 | 총 보험료 | 결제 1,833,960원 | 마일리지 환급 305,400원 | 바로 가입하기",현대,아반떼,2014,더 뉴 아반떼1.6GDI,스마트,id2,28,남
119,2026-09-08 21:08:40,14로6902,2026-10-06,본인,롯데손해보험,"1,196,140","1,437,390","241,250","롯데손해보험 | let:click 개인용자동차보험(인터넷) | 최종 보험료 | 1,196,140원 | 총 보험료 | 결제 1,437,390원 | 마일리지 환급 241,250원 | 바로 가입하기",기아,K5,2026,더 뉴 K5 하이브리드,프레스티지,id2,28,남
120,2026-09-08 21:11:00,14로6902,2026-10-06,본인,롯데손해보험,"1,395,530","1,676,160","280,630","롯데손해보험 | let:click 개인용자동차보험(인터넷) | 최종 보험료 | 1,395,530원 | 총 보험료 | 결제 1,676,160원 | 마일리지 환급 280,630원 | 바로 가입하기",기아,K5,2023,더 뉴 K5 하이브리드,프레스티지,id2,28,남
121,2026-09-08 21:12:18,14로6902,2026-10-06,본인,롯데손해보험,"1,606,960","1,929,220","322,260","롯데손해보험 | let:click 개인용자동차보험(인터넷) | 최종 보험료 | 1,606,960원 | 총 보험료 | 결제 1,929,220원 | 마일리지 환급 322,260원 | 바로 가입하기",삼성,SM6,2020,SM6 2.0,LE,id2,28,남
122,2026-09-08 21:13:24,14로6902,2026-10-06,본인,롯데손해보험,"1,509,340","1,810,780","301,440","롯데손해보험 | let:click 개인용자동차보험(인터넷) | 최종 보험료 | 1,509,340원 | 총 보험료 | 결제 1,810,780원 | 마일리지 환급 301,440원 | 바로 가입하기",현대,쏘나타,2017,LF쏘나타2.0,스마트,id2,28,남
123,2026-09-08 21:14:40,14로6902,2026-10-06,본인,롯데손해보험,"1,480,810","1,776,410","295,600","롯데손해보험 | let:click 개인용자동차보험(인터넷) | 최종 보험료 | 1,480,810원 | 총 보험료 | 결제 1,776,410원 | 마일리지 환급 295,600원 | 바로 가입하기",기아,K5,2014,K5 2.0,프레스티지,id2,28,남
124,2026-09-08 21:15:47,14로6902,2026-10-06,본인,롯데손해보험,"1,239,840","1,490,000","250,160","롯데손해보험 | let:click 개인용자동차보험(인터넷) | 최종 보험료 | 1,239,840원 | 총 보험료 | 결제 1,490,000원 | 마일리지 환급 250,160원 | 바로 가입하기",현대,제네시스,2026,제네시스 G80 2.5T(2024년형),2WD,id2,28,남
125,2026-09-08 21:18:16,14로6902,2026-10-06,본인,롯데손해보험,"1,557,480","1,871,340","313,860","롯데손해보험 | let:click 개인용자동차보험(인터넷) | 최종 보험료 | 1,557,480원 | 총 보험료 | 결제 1,871,340원 | 마일리지 환급 313,860원 | 바로 가입하기",현대,제네시스,2023,제네시스 G80 2.5T(3세대),2WD,id2,28,남
126,2026-09-08 21:19:26,14로6902,2026-10-06,본인,롯데손해보험,"1,471,290","1,765,690","294,400","롯데손해보험 | let:click 개인용자동차보험(인터넷) | 최종 보험료 | 1,471,290원 | 총 보험료 | 결제 1,765,690원 | 마일리지 환급 294,400원 | 바로 가입하기",현대,그랜져,2020,그랜져 IG(2019년형),IG240 프리미엄,id2,28,남
127,2026-09-08 21:20:42,14로6902,2026-10-06,본인,롯데손해보험,"1,709,230","2,051,450","342,220","롯데손해보험 | let:click 개인용자동차보험(인터넷) | 최종 보험료 | 1,709,230원 | 총 보험료 | 결제 2,051,450원 | 마일리지 환급 342,220원 | 바로 가입하기",현대,그랜져,2017,그랜져 HG,HG240 모던,id2,28,남
128,2026-09-08 21:21:51,14로6902,2026-10-06,본인,롯데손해보험,"1,722,840","2,067,850","345,010","롯데손해보험 | let:click 개인용자동차보험(인터넷) | 최종 보험료 | 1,722,840원 | 총 보험료 | 결제 2,067,850원 | 마일리지 환급 345,010원 | 바로 가입하기",현대,그랜져,2014,그랜져 HG,HG240 모던,id2,28,남
129,2026-09-08 21:22:58,14로6902,2026-10-06,본인,롯데손해보험,"794,710","953,710","159,000","롯데손해보험 | let:click 개인용자동차보험(인터넷) | 최종 보험료 | 794,710원 | 총 보험료 | 결제 953,710원 | 마일리지 환급 159,000원 | 바로 가입하기",기아,카니발,2026,카니발 1.6 터보 하이브리드(9인승),노블레스(9인승),id2,28,남
130,2026-09-08 21:25:34,14로6902,2026-10-06,본인,롯데손해보험,"887,970","1,064,660","176,690","롯데손해보험 | let:click 개인용자동차보험(인터넷) | 최종 보험료 | 887,970원 | 총 보험료 | 결제 1,064,660원 | 마일리지 환급 176,690원 | 바로 가입하기",기아,카니발,2023,카니발 1.6 터보 하이브리드(9인승),노블레스(9인승),id2,28,남
131,2026-09-08 21:26:46,14로6902,2026-10-06,본인,롯데손해보험,"1,115,420","1,336,900","221,480","롯데손해보험 | let:click 개인용자동차보험(인터넷) | 최종 보험료 | 1,115,420원 | 총 보험료 | 결제 1,336,900원 | 마일리지 환급 221,480원 | 바로 가입하기",기아,카니발,2020,더뉴카니발 R2.2 디젤(9인승),프레스티지,id2,28,남
132,2026-09-08 21:27:56,14로6902,2026-10-06,본인,롯데손해보험,"1,106,600","1,325,470","218,870","롯데손해보험 | let:click 개인용자동차보험(인터넷) | 최종 보험료 | 1,106,600원 | 총 보험료 | 결제 1,325,470원 | 마일리지 환급 218,870원 | 바로 가입하기",기아,카니발,2017,"올뉴카니발2.2(디젤,9인승)",프레스티지,id2,28,남
133,2026-09-08 21:29:10,14로6902,2026-10-06,본인,롯데손해보험,"1,230,080","1,474,240","244,160","롯데손해보험 | let:click 개인용자동차보험(인터넷) | 최종 보험료 | 1,230,080원 | 총 보험료 | 결제 1,474,240원 | 마일리지 환급 244,160원 | 바로 가입하기",현대,싼타페,2014,싼타페 2.0(2WD),프리미엄,id2,28,남
134,2026-09-08 21:30:17,14로6902,2026-10-06,본인,롯데손해보험,"1,167,690","1,403,070","235,380","롯데손해보험 | let:click 개인용자동차보험(인터넷) | 최종 보험료 | 1,167,690원 | 총 보험료 | 결제 1,403,070원 | 마일리지 환급 235,380원 | 바로 가입하기",기아,쏘렌토,2026,더 뉴 쏘렌토 1.6 터보 하이브리드,노블레스(2WD),id2,28,남
135,2026-09-08 21:32:45,14로6902,2026-10-06,본인,롯데손해보험,"1,349,090","1,620,230","271,140","롯데손해보험 | let:click 개인용자동차보험(인터넷) | 최종 보험료 | 1,349,090원 | 총 보험료 | 결제 1,620,230원 | 마일리지 환급 271,140원 | 바로 가입하기",기아,쏘렌토,2023,쏘렌토 하이브리드(4세대),노블레스(2WD),id2,28,남
136,2026-09-08 21:33:53,14로6902,2026-10-06,본인,롯데손해보험,"1,357,820","1,629,010","271,190","롯데손해보험 | let:click 개인용자동차보험(인터넷) | 최종 보험료 | 1,357,820원 | 총 보험료 | 결제 1,629,010원 | 마일리지 환급 271,190원 | 바로 가입하기",기아,NIRO,2020,The New NIRO 1.6(HEV),프레스티지,id2,28,남
137,2026-09-08 21:35:12,14로6902,2026-10-06,본인,롯데손해보험,"1,179,520","1,413,320","233,800","롯데손해보험 | let:click 개인용자동차보험(인터넷) | 최종 보험료 | 1,179,520원 | 총 보험료 | 결제 1,413,320원 | 마일리지 환급 233,800원 | 바로 가입하기",현대,싼타페,2017,싼타페 2.0(2WD),프리미엄,id2,28,남
138,2026-09-08 21:36:21,14로6902,2026-10-06,본인,롯데손해보험,"1,380,960","1,656,110","275,150","롯데손해보험 | let:click 개인용자동차보험(인터넷) | 최종 보험료 | 1,380,960원 | 총 보험료 | 결제 1,656,110원 | 마일리지 환급 275,150원 | 바로 가입하기",기아,스포티지,2014,스포티지R GDI(2WD),럭셔리,id2,28,남
139,2026-09-08 21:37:42,14로6902,2026-10-06,본인,롯데손해보험,"1,644,290","1,977,330","333,040","롯데손해보험 | let:click 개인용자동차보험(인터넷) | 최종 보험료 | 1,644,290원 | 총 보험료 | 결제 1,977,330원 | 마일리지 환급 333,040원 | 바로 가입하기",BMW,5 Series,2026,520i,M Sport Package,id2,28,남
140,2026-09-08 21:40:19,14로6902,2026-10-06,본인,롯데손해보험,"1,816,690","2,183,580","366,890","롯데손해보험 | let:click 개인용자동차보험(인터넷) | 최종 보험료 | 1,816,690원 | 총 보험료 | 결제 2,183,580원 | 마일리지 환급 366,890원 | 바로 가입하기",벤츠,Mercedes Benz E-Class,2023,New E 250,Avantgarde,id2,28,남
141,2026-09-08 21:41:39,14로6902,2026-10-06,본인,롯데손해보험,"2,254,720","2,709,650","454,930","롯데손해보험 | let:click 개인용자동차보험(인터넷) | 최종 보험료 | 2,254,720원 | 총 보험료 | 결제 2,709,650원 | 마일리지 환급 454,930원 | 바로 가입하기",BMW,3 Series,2020,320d,ED (OE),id2,28,남
142,2026-09-08 21:42:58,14로6902,2026-10-06,본인,롯데손해보험,"2,054,870","2,468,040","413,170","롯데손해보험 | let:click 개인용자동차보험(인터넷) | 최종 보험료 | 2,054,870원 | 총 보험료 | 결제 2,468,040원 | 마일리지 환급 413,170원 | 바로 가입하기",BMW,3 Series,2017,320d,ED,id2,28,남
143,2026-09-08 21:44:19,14로6902,2026-10-06,본인,롯데손해보험,"2,370,930","2,848,840","477,910","롯데손해보험 | let:click 개인용자동차보험(인터넷) | 최종 보험료 | 2,370,930원 | 총 보험료 | 결제 2,848,840원 | 마일리지 환급 477,910원 | 바로 가입하기",BMW,5 Series,2014,520d,Luxury,id2,28,남
144,2026-09-08 21:45:30,14로6902,2026-10-06,본인,롯데손해보험,"1,298,200","1,560,250","262,050","롯데손해보험 | let:click 개인용자동차보험(인터넷) | 최종 보험료 | 1,298,200원 | 총 보험료 | 결제 1,560,250원 | 마일리지 환급 262,050원 | 바로 가입하기",기아,RAY,2025,THE NEW RAY 1.0,베스트 셀렉션,id2,28,남
146,2026-09-08 21:49:07,14로6902,2026-10-06,본인,롯데손해보험,"1,383,500","1,659,570","276,070","롯데손해보험 | let:click 개인용자동차보험(인터넷) | 최종 보험료 | 1,383,500원 | 총 보험료 | 결제 1,659,570원 | 마일리지 환급 276,070원 | 바로 가입하기",기아,RAY,2019,RAY 밴,VAN,id2,28,남
147,2026-09-08 21:50:20,14로6902,2026-10-06,본인,롯데손해보험,"1,299,090","1,560,270","261,180","롯데손해보험 | let:click 개인용자동차보험(인터넷) | 최종 보험료 | 1,299,090원 | 총 보험료 | 결제 1,560,270원 | 마일리지 환급 261,180원 | 바로 가입하기",현대,투싼,2024,투싼 디젤2.0(4세대),프리미엄(4WD),id2,28,남
148,2026-09-08 21:51:30,14로6902,2026-10-06,본인,롯데손해보험,"1,338,970","1,606,890","267,920","롯데손해보험 | let:click 개인용자동차보험(인터넷) | 최종 보험료 | 1,338,970원 | 총 보험료 | 결제 1,606,890원 | 마일리지 환급 267,920원 | 바로 가입하기",현대,투싼,2021,투싼 디젤2.0(4세대),모던(4WD),id2,28,남
149,2026-09-08 21:52:49,14로6902,2026-10-06,본인,롯데손해보험,"1,571,560","1,885,760","314,200","롯데손해보험 | let:click 개인용자동차보험(인터넷) | 최종 보험료 | 1,571,560원 | 총 보험료 | 결제 1,885,760원 | 마일리지 환급 314,200원 | 바로 가입하기",현대,투싼,2018,올뉴투싼 1.6터보 GDI,스마트,id2,28,남
150,2026-09-08 21:55:21,14로6902,2026-10-06,본인,롯데손해보험,"1,616,770","1,942,980","326,210","롯데손해보험 | let:click 개인용자동차보험(인터넷) | 최종 보험료 | 1,616,770원 | 총 보험료 | 결제 1,942,980원 | 마일리지 환급 326,210원 | 바로 가입하기",현대,아이오닉,2026,더 뉴 아이오닉 5,AWD,id2,28,남
151,2026-09-08 21:56:41,14로6902,2026-10-06,본인,롯데손해보험,"1,516,020","1,819,360","303,340","롯데손해보험 | let:click 개인용자동차보험(인터넷) | 최종 보험료 | 1,516,020원 | 총 보험료 | 결제 1,819,360원 | 마일리지 환급 303,340원 | 바로 가입하기",현대,아이오닉,2023,더 뉴 아이오닉 일렉트릭,엔,id2,28,남
152,2026-09-08 21:57:55,14로6902,2026-10-06,본인,롯데손해보험,"1,516,790","1,820,530","303,740","롯데손해보험 | let:click 개인용자동차보험(인터넷) | 최종 보험료 | 1,516,790원 | 총 보험료 | 결제 1,820,530원 | 마일리지 환급 303,740원 | 바로 가입하기",현대,아이오닉,2020,더 뉴 아이오닉 플러그인 하이브리드,큐,id2,28,남
153,2026-09-08 21:59:09,14로6902,2026-10-06,본인,롯데손해보험,"1,440,420","1,731,660","291,240","롯데손해보험 | let:click 개인용자동차보험(인터넷) | 최종 보험료 | 1,440,420원 | 총 보험료 | 결제 1,731,660원 | 마일리지 환급 291,240원 | 바로 가입하기",기아,K9,2025,THE K9 3.8 GDI,플래티넘(AWD),id2,28,남
154,2026-09-08 22:00:25,14로6902,2026-10-06,본인,롯데손해보험,"1,693,150","2,034,720","341,570","롯데손해보험 | let:click 개인용자동차보험(인터넷) | 최종 보험료 | 1,693,150원 | 총 보험료 | 결제 2,034,720원 | 마일리지 환급 341,570원 | 바로 가입하기",기아,K9,2022,THE K9 3.8 GDI,마스터즈(AWD),id2,28,남
155,2026-09-08 22:03:01,14로6902,2026-10-06,본인,롯데손해보험,"2,018,090","2,424,220","406,130","롯데손해보험 | let:click 개인용자동차보험(인터넷) | 최종 보험료 | 2,018,090원 | 총 보험료 | 결제 2,424,220원 | 마일리지 환급 406,130원 | 바로 가입하기",기아,K9,2019,K9 5.0,퀀텀,id2,28,남
156,2026-09-08 22:04:50,14로6902,2026-10-06,본인,롯데손해보험,"1,038,800","1,246,670","207,870","롯데손해보험 | let:click 개인용자동차보험(인터넷) | 최종 보험료 | 1,038,800원 | 총 보험료 | 결제 1,246,670원 | 마일리지 환급 207,870원 | 바로 가입하기",현대,팰리세이드,2024,팰리세이드 2.2D(22.05.19~),캘리그래피(4WD),id2,28,남
157,2026-09-08 22:06:08,14로6902,2026-10-06,본인,롯데손해보험,"989,720","1,186,040","196,320","롯데손해보험 | let:click 개인용자동차보험(인터넷) | 최종 보험료 | 989,720원 | 총 보험료 | 결제 1,186,040원 | 마일리지 환급 196,320원 | 바로 가입하기",현대,팰리세이드,2021,팰리세이드 3.8(2WD),프레스티지,id2,28,남
158,2026-09-08 22:07:21,14로6902,2026-10-06,본인,롯데손해보험,"1,370,480","1,643,400","272,920","롯데손해보험 | let:click 개인용자동차보험(인터넷) | 최종 보험료 | 1,370,480원 | 총 보험료 | 결제 1,643,400원 | 마일리지 환급 272,920원 | 바로 가입하기",현대,팰리세이드,2018,팰리세이드 2.2(4WD),프레스티지,id2,28,남
159,2026-09-08 22:08:45,14로6902,2026-10-06,본인,롯데손해보험,"2,904,260","3,494,170","589,910","롯데손해보험 | let:click 개인용자동차보험(인터넷) | 최종 보험료 | 2,904,260원 | 총 보험료 | 결제 3,494,170원 | 마일리지 환급 589,910원 | 바로 가입하기",Tesla,Model 3,2026,Model 3,Long Range(2022~),id2,28,남
160,2026-09-08 22:11:20,14로6902,2026-10-06,본인,롯데손해보험,"2,494,960","2,999,360","504,400","롯데손해보험 | let:click 개인용자동차보험(인터넷) | 최종 보험료 | 2,494,960원 | 총 보험료 | 결제 2,999,360원 | 마일리지 환급 504,400원 | 바로 가입하기",Tesla,Model 3,2024,Model 3 Premium Long Range AWD,오토,id2,28,남
161,2026-09-08 22:12:37,14로6902,2026-10-06,본인,롯데손해보험,"3,022,730","3,634,610","611,880","롯데손해보험 | let:click 개인용자동차보험(인터넷) | 최종 보험료 | 3,022,730원 | 총 보험료 | 결제 3,634,610원 | 마일리지 환급 611,880원 | 바로 가입하기",Tesla,Model 3,2022,Model 3,Performance,id2,28,남
162,2026-09-08 22:14:00,14로6902,2026-10-06,본인,롯데손해보험,"2,968,950","3,567,870","598,920","롯데손해보험 | let:click 개인용자동차보험(인터넷) | 최종 보험료 | 2,968,950원 | 총 보험료 | 결제 3,567,870원 | 마일리지 환급 598,920원 | 바로 가입하기",Tesla,Model 3,2020,Model 3,Standard Range Plus,id2,28,남
93,2026-09-09 11:17:15,14로6902,2026-10-06,본인,롯데손해보험,"1,284,730","1,544,100","259,370","롯데손해보험 | let:click 개인용자동차보험(인터넷) | 최종 보험료 | 1,284,730원 | 총 보험료 | 결제 1,544,100원 | 마일리지 환급 259,370원 | 바로 가입하기",현대,코나,2025,디올뉴 코나 2.0,프리미엄(2WD),id2,28,남
94,2026-09-09 11:18:50,14로6902,2026-10-06,본인,롯데손해보험,"1,199,940","1,440,450","240,510","롯데손해보험 | let:click 개인용자동차보험(인터넷) | 최종 보험료 | 1,199,940원 | 총 보험료 | 결제 1,440,450원 | 마일리지 환급 240,510원 | 바로 가입하기",현대,코나,2022,더뉴 코나 2.0,모던(4WD),id2,28,남
95,2026-09-09 11:20:50,14로6902,2026-10-06,본인,롯데손해보험,"1,364,460","1,637,010","272,550","롯데손해보험 | let:click 개인용자동차보험(인터넷) | 최종 보험료 | 1,364,460원 | 총 보험료 | 결제 1,637,010원 | 마일리지 환급 272,550원 | 바로 가입하기",현대,코나,2020,더뉴 코나 1.6 터보,인스퍼레이션(4WD),id2,28,남
96,2026-09-09 11:23:51,14로6902,2026-10-06,본인,롯데손해보험,"1,735,250","2,082,980","347,730","롯데손해보험 | let:click 개인용자동차보험(인터넷) | 최종 보험료 | 1,735,250원 | 총 보험료 | 결제 2,082,980원 | 마일리지 환급 347,730원 | 바로 가입하기",현대,코나,2017,코나 1.6 터보(4WD),스마트,id2,28,남
97,2026-09-09 11:25:55,14로6902,2026-10-06,본인,롯데손해보험,"1,009,050","1,211,970","202,920","롯데손해보험 | let:click 개인용자동차보험(인터넷) | 최종 보험료 | 1,009,050원 | 총 보험료 | 결제 1,211,970원 | 마일리지 환급 202,920원 | 바로 가입하기",기아,셀토스,2026,셀토스 2.0,프레스티지(4WD),id2,28,남
98,2026-09-09 11:27:38,14로6902,2026-10-06,본인,롯데손해보험,"1,208,030","1,450,280","242,250","롯데손해보험 | let:click 개인용자동차보험(인터넷) | 최종 보험료 | 1,208,030원 | 총 보험료 | 결제 1,450,280원 | 마일리지 환급 242,250원 | 바로 가입하기",기아,셀토스,2023,셀토스 1.6 디젤,노블레스(4WD),id2,28,남
99,2026-09-09 11:29:40,14로6902,2026-10-06,본인,롯데손해보험,"1,269,200","1,522,810","253,610","롯데손해보험 | let:click 개인용자동차보험(인터넷) | 최종 보험료 | 1,269,200원 | 총 보험료 | 결제 1,522,810원 | 마일리지 환급 253,610원 | 바로 가입하기",기아,셀토스,2021,셀토스 1.6 터보,그래비티(4WD),id2,28,남
100,2026-09-09 11:33:18,14로6902,2026-10-06,본인,롯데손해보험,"1,340,560","1,607,960","267,400","롯데손해보험 | let:click 개인용자동차보험(인터넷) | 최종 보험료 | 1,340,560원 | 총 보험료 | 결제 1,607,960원 | 마일리지 환급 267,400원 | 바로 가입하기",기아,셀토스,2019,셀토스 1.6 디젤,트렌디(4WD),id2,28,남
101,2026-09-09 11:34:25,14로6902,2026-10-06,본인,롯데손해보험,"834,120","1,001,150","167,030","롯데손해보험 | let:click 개인용자동차보험(인터넷) | 최종 보험료 | 834,120원 | 총 보험료 | 결제 1,001,150원 | 마일리지 환급 167,030원 | 바로 가입하기",현대,스타리아,2025,스타리아 투어러,모던(4WD),id2,28,남
102,2026-09-09 11:35:39,14로6902,2026-10-06,본인,롯데손해보험,"1,046,010","1,254,970","208,960","롯데손해보험 | let:click 개인용자동차보험(인터넷) | 최종 보험료 | 1,046,010원 | 총 보험료 | 결제 1,254,970원 | 마일리지 환급 208,960원 | 바로 가입하기",현대,스타리아,2022,스타리아 라운지,리무진(2WD),id2,28,남
103,2026-09-09 11:36:48,14로6902,2026-10-06,본인,롯데손해보험,"1,273,120","1,528,980","255,860","롯데손해보험 | let:click 개인용자동차보험(인터넷) | 최종 보험료 | 1,273,120원 | 총 보험료 | 결제 1,528,980원 | 마일리지 환급 255,860원 | 바로 가입하기",현대,쏘나타,2024,쏘나타 디 엣지 2.0,익스클루시브,id2,28,남
104,2026-09-09 11:37:55,14로6902,2026-10-06,본인,롯데손해보험,"1,373,450","1,648,410","274,960","롯데손해보험 | let:click 개인용자동차보험(인터넷) | 최종 보험료 | 1,373,450원 | 총 보험료 | 결제 1,648,410원 | 마일리지 환급 274,960원 | 바로 가입하기",현대,쏘나타,2021,쏘나타 센슈어스 1.6,프리미엄,id2,28,남
105,2026-09-09 11:40:26,14로6902,2026-10-06,본인,롯데손해보험,"1,691,690","2,033,240","341,550","롯데손해보험 | let:click 개인용자동차보험(인터넷) | 최종 보험료 | 1,691,690원 | 총 보험료 | 결제 2,033,240원 | 마일리지 환급 341,550원 | 바로 가입하기",기아,EV4,2026,EV4 GT,오토,id2,28,남
106,2026-09-09 11:41:34,14로6902,2026-10-06,본인,롯데손해보험,"1,865,550","2,242,610","377,060","롯데손해보험 | let:click 개인용자동차보험(인터넷) | 최종 보험료 | 1,865,550원 | 총 보험료 | 결제 2,242,610원 | 마일리지 환급 377,060원 | 바로 가입하기",기아,EV5,2025,EV5,롱레인지 어스(2WD),id2,28,남
107,2026-09-09 11:42:41,14로6902,2026-10-06,본인,롯데손해보험,"1,264,290","1,518,330","254,040","롯데손해보험 | let:click 개인용자동차보험(인터넷) | 최종 보험료 | 1,264,290원 | 총 보험료 | 결제 1,518,330원 | 마일리지 환급 254,040원 | 바로 가입하기",기아,스포티지,2024,The New 스포티지 가솔린 터보 1.6,프레스티지(4WD),id2,28,남
108,2026-09-09 11:43:55,14로6902,2026-10-06,본인,롯데손해보험,"1,133,400","1,359,210","225,810","롯데손해보험 | let:click 개인용자동차보험(인터넷) | 최종 보험료 | 1,133,400원 | 총 보험료 | 결제 1,359,210원 | 마일리지 환급 225,810원 | 바로 가입하기",기아,스포티지,2021,스포티지 더 볼드 누우2.0 가솔린,프레스티지(2WD),id2,28,남
109,2026-09-09 11:45:03,14로6902,2026-10-06,본인,롯데손해보험,"1,511,450","1,813,860","302,410","롯데손해보험 | let:click 개인용자동차보험(인터넷) | 최종 보험료 | 1,511,450원 | 총 보험료 | 결제 1,813,860원 | 마일리지 환급 302,410원 | 바로 가입하기",기아,스포티지,2019,THE SUV 스포티지(2WD),프레스티지,id2,28,남
110,2026-09-09 11:47:37,14로6902,2026-10-06,본인,롯데손해보험,"1,625,240","1,950,420","325,180","롯데손해보험 | let:click 개인용자동차보험(인터넷) | 최종 보험료 | 1,625,240원 | 총 보험료 | 결제 1,950,420원 | 마일리지 환급 325,180원 | 바로 가입하기",기아,스포티지,2016,THE SUV 스포티지(2WD),노블레스,id2,28,남
111,2026-09-09 11:48:51,14로6902,2026-10-06,본인,롯데손해보험,"1,453,870","1,744,770","290,900","롯데손해보험 | let:click 개인용자동차보험(인터넷) | 최종 보험료 | 1,453,870원 | 총 보험료 | 결제 1,744,770원 | 마일리지 환급 290,900원 | 바로 가입하기",삼성,SM5,2020,뉴SM5(신형)2.0,Classic,id2,28,남
112,2026-09-09 11:49:57,14로6902,2026-10-06,본인,롯데손해보험,"1,681,070","2,017,690","336,620","롯데손해보험 | let:click 개인용자동차보험(인터넷) | 최종 보험료 | 1,681,070원 | 총 보험료 | 결제 2,017,690원 | 마일리지 환급 336,620원 | 바로 가입하기",삼성,SM5,2017,뉴SM5(신형)1.6,TCE,id2,28,남
113,2026-09-09 11:51:10,14로6902,2026-10-06,본인,롯데손해보험,"1,137,920","1,367,240","229,320","롯데손해보험 | let:click 개인용자동차보험(인터넷) | 최종 보험료 | 1,137,920원 | 총 보험료 | 결제 1,367,240원 | 마일리지 환급 229,320원 | 바로 가입하기",삼성,그랑 콜레오스,2026,그랑 콜레오스 2.0 터보,테크노,id2,28,남
114,2026-09-09 11:52:26,14로6902,2026-10-06,본인,롯데손해보험,"1,378,930","1,656,450","277,520","롯데손해보험 | let:click 개인용자동차보험(인터넷) | 최종 보험료 | 1,378,930원 | 총 보험료 | 결제 1,656,450원 | 마일리지 환급 277,520원 | 바로 가입하기",삼성,그랑 콜레오스,2024,그랑 콜레오스 1.5 하이브리드,아이코닉,id2,28,남
115,2026-09-09 11:54:49,14로6902,2026-10-06,본인,롯데손해보험,"1,680,970","2,017,560","336,590","롯데손해보험 | let:click 개인용자동차보험(인터넷) | 최종 보험료 | 1,680,970원 | 총 보험료 | 결제 2,017,560원 | 마일리지 환급 336,590원 | 바로 가입하기",삼성,QM5,2017,뉴QM5 2.0(4WD),LE,id2,28,남
116,2026-09-09 11:56:07,14로6902,2026-10-06,본인,롯데손해보험,"1,312,130","1,577,050","264,920","롯데손해보험 | let:click 개인용자동차보험(인터넷) | 최종 보험료 | 1,312,130원 | 총 보험료 | 결제 1,577,050원 | 마일리지 환급 264,920원 | 바로 가입하기",쌍용,티볼리,2025,더 뉴 티볼리 1.6,V3(2WD),id2,28,남
117,2026-09-09 11:57:10,14로6902,2026-10-06,본인,롯데손해보험,"1,350,120","1,621,410","271,290","롯데손해보험 | let:click 개인용자동차보험(인터넷) | 최종 보험료 | 1,350,120원 | 총 보험료 | 결제 1,621,410원 | 마일리지 환급 271,290원 | 바로 가입하기",쌍용,티볼리,2022,리스펙 티볼리 1.5,업비트(4WD),id2,28,남
118,2026-09-09 11:58:16,14로6902,2026-10-06,본인,롯데손해보험,"1,693,650","2,033,370","339,720","롯데손해보험 | let:click 개인용자동차보험(인터넷) | 최종 보험료 | 1,693,650원 | 총 보험료 | 결제 2,033,370원 | 마일리지 환급 339,720원 | 바로 가입하기",쌍용,티볼리,2019,베리 뉴 티볼리 1.5,V7,id2,28,남
119,2026-09-09 11:59:27,14로6902,2026-10-06,본인,롯데손해보험,"1,225,330","1,472,510","247,180","롯데손해보험 | let:click 개인용자동차보험(인터넷) | 최종 보험료 | 1,225,330원 | 총 보험료 | 결제 1,472,510원 | 마일리지 환급 247,180원 | 바로 가입하기",쌍용,토레스,2026,토레스 1.5,TL7,id2,28,남
120,2026-09-09 12:01:56,14로6902,2026-10-06,본인,롯데손해보험,"1,362,170","1,635,990","273,820","롯데손해보험 | let:click 개인용자동차보험(인터넷) | 최종 보험료 | 1,362,170원 | 총 보험료 | 결제 1,635,990원 | 마일리지 환급 273,820원 | 바로 가입하기",쌍용,토레스,2023,토레스 1.5,TL5,id2,28,남
121,2026-09-09 12:03:01,14로6902,2026-10-06,본인,롯데손해보험,"1,292,300","1,553,160","260,860","롯데손해보험 | let:click 개인용자동차보험(인터넷) | 최종 보험료 | 1,292,300원 | 총 보험료 | 결제 1,553,160원 | 마일리지 환급 260,860원 | 바로 가입하기",대우,트레일블레이저,2025,트레일블레이저 1.35,RS,id2,28,남
122,2026-09-09 12:04:11,14로6902,2026-10-06,본인,롯데손해보험,"1,186,010","1,423,690","237,680","롯데손해보험 | let:click 개인용자동차보험(인터넷) | 최종 보험료 | 1,186,010원 | 총 보험료 | 결제 1,423,690원 | 마일리지 환급 237,680원 | 바로 가입하기",대우,트레일블레이저,2022,트레일블레이저 1.2,LS,id2,28,남
123,2026-09-09 12:05:26,14로6902,2026-10-06,본인,롯데손해보험,"1,882,660","2,261,650","378,990","롯데손해보험 | let:click 개인용자동차보험(인터넷) | 최종 보험료 | 1,882,660원 | 총 보험료 | 결제 2,261,650원 | 마일리지 환급 378,990원 | 바로 가입하기",BMW,MINI Cooper,2024,Mini Cooper SE,Classic,id2,28,남
124,2026-09-09 12:06:44,14로6902,2026-10-06,본인,롯데손해보험,"1,589,120","1,908,250","319,130","롯데손해보험 | let:click 개인용자동차보험(인터넷) | 최종 보험료 | 1,589,120원 | 총 보험료 | 결제 1,908,250원 | 마일리지 환급 319,130원 | 바로 가입하기",BMW,MINI Cooper,2021,New Cooper D,3door,id2,28,남
125,2026-09-09 12:09:16,14로6902,2026-10-06,본인,롯데손해보험,"1,867,180","2,241,930","374,750","롯데손해보험 | let:click 개인용자동차보험(인터넷) | 최종 보험료 | 1,867,180원 | 총 보험료 | 결제 2,241,930원 | 마일리지 환급 374,750원 | 바로 가입하기",BMW,MINI Cooper,2018,New Mini Cooper,5door,id2,28,남
126,2026-09-09 12:10:28,14로6902,2026-10-06,본인,롯데손해보험,"1,435,330","1,725,570","290,240","롯데손해보험 | let:click 개인용자동차보험(인터넷) | 최종 보험료 | 1,435,330원 | 총 보험료 | 결제 1,725,570원 | 마일리지 환급 290,240원 | 바로 가입하기",Volkswagen,Golf,2026,The Golf 8,GTI,id2,28,남
127,2026-09-09 12:11:43,14로6902,2026-10-06,본인,롯데손해보험,"1,557,120","1,870,840","313,720","롯데손해보험 | let:click 개인용자동차보험(인터넷) | 최종 보험료 | 1,557,120원 | 총 보험료 | 결제 1,870,840원 | 마일리지 환급 313,720원 | 바로 가입하기",Volkswagen,Golf,2023,The Golf 8,2.0 TDI Premium,id2,28,남
130,2026-09-09 12:14:29,14로6902,2026-10-06,본인,롯데손해보험,"2,041,770","2,454,700","412,930","롯데손해보험 | let:click 개인용자동차보험(인터넷) | 최종 보험료 | 2,041,770원 | 총 보험료 | 결제 2,454,700원 | 마일리지 환급 412,930원 | 바로 가입하기",Audi,A5,2022,A5 40 TDI,Quattro Premium Sportback,id2,28,남
131,2026-09-09 12:15:47,14로6902,2026-10-06,본인,롯데손해보험,"2,332,910","2,803,850","470,940","롯데손해보험 | let:click 개인용자동차보험(인터넷) | 최종 보험료 | 2,332,910원 | 총 보험료 | 결제 2,803,850원 | 마일리지 환급 470,940원 | 바로 가입하기",Audi,A5,2020,A5 40 TDI,Quattro Premium Sportback,id2,28,남
132,2026-09-09 12:17:01,14로6902,2026-10-06,본인,롯데손해보험,"1,525,650","1,833,200","307,550","롯데손해보험 | let:click 개인용자동차보험(인터넷) | 최종 보험료 | 1,525,650원 | 총 보험료 | 결제 1,833,200원 | 마일리지 환급 307,550원 | 바로 가입하기",BYD,SEALION 7,2026,SEALION 7 Plus,오토,id2,28,남
133,2026-09-09 12:18:06,14로6902,2026-10-06,본인,롯데손해보험,"1,217,260","1,461,640","244,380","롯데손해보험 | let:click 개인용자동차보험(인터넷) | 최종 보험료 | 1,217,260원 | 총 보험료 | 결제 1,461,640원 | 마일리지 환급 244,380원 | 바로 가입하기",BYD,DOLPHIN,2026,DOLPHIN,오토,id2,28,남
134,2026-09-09 12:19:20,14로6902,2026-10-06,본인,롯데손해보험,"1,795,720","2,158,480","362,760","롯데손해보험 | let:click 개인용자동차보험(인터넷) | 최종 보험료 | 1,795,720원 | 총 보험료 | 결제 2,158,480원 | 마일리지 환급 362,760원 | 바로 가입하기",현대,넥쏘,2025,디 올 뉴 넥쏘,익스클루시브,id2,28,남
135,2026-09-09 12:22:08,14로6902,2026-10-06,본인,롯데손해보험,"1,757,460","2,110,190","352,730","롯데손해보험 | let:click 개인용자동차보험(인터넷) | 최종 보험료 | 1,757,460원 | 총 보험료 | 결제 2,110,190원 | 마일리지 환급 352,730원 | 바로 가입하기",현대,넥쏘,2022,넥쏘,모던(2021년),id2,28,남
136,2026-09-09 12:23:19,14로6902,2026-10-06,본인,롯데손해보험,"1,999,270","2,399,230","399,960","롯데손해보험 | let:click 개인용자동차보험(인터넷) | 최종 보험료 | 1,999,270원 | 총 보험료 | 결제 2,399,230원 | 마일리지 환급 399,960원 | 바로 가입하기",현대,넥쏘,2019,넥쏘 FCEV,프리미엄,id2,28,남
137,2026-09-09 12:24:36,14로6902,2026-10-06,본인,롯데손해보험,"1,501,920","1,804,610","302,690","롯데손해보험 | let:click 개인용자동차보험(인터넷) | 최종 보험료 | 1,501,920원 | 총 보험료 | 결제 1,804,610원 | 마일리지 환급 302,690원 | 바로 가입하기",기아,PV5,2026,PV5 WAV,베이직,id2,28,남
138,2026-09-09 12:25:47,14로6902,2026-10-06,본인,롯데손해보험,"1,778,260","2,137,440","359,180","롯데손해보험 | let:click 개인용자동차보험(인터넷) | 최종 보험료 | 1,778,260원 | 총 보험료 | 결제 2,137,440원 | 마일리지 환급 359,180원 | 바로 가입하기",기아,PV5,2025,PV5 패신저,플러스,id2,28,남
109,2026-09-08 20:54:16,14로6902,2026-10-06,본인,메리츠화재,"789,650","1,137,370","347,720","메리츠화재 | 메리츠화재 다이렉트 자동차보험(CM) | 최종 보험료 | 789,650원 | 총 보험료 | 결제 1,137,370원 | 마일리지 환급 347,720원 | 바로 가입하기",현대,캐스퍼,2026,더 뉴 캐스퍼 1.0,스마트,id2,28,남
110,2026-09-08 20:56:50,14로6902,2026-10-06,본인,메리츠화재,"962,020","1,380,980","418,960","메리츠화재 | 메리츠화재 다이렉트 자동차보험(CM) | 최종 보험료 | 962,020원 | 총 보험료 | 결제 1,380,980원 | 마일리지 환급 418,960원 | 바로 가입하기",현대,캐스퍼,2023,캐스퍼 1.0,스마트,id2,28,남
111,2026-09-08 20:57:51,14로6902,2026-10-06,본인,메리츠화재,"1,180,970","1,693,510","512,540","메리츠화재 | 메리츠화재 다이렉트 자동차보험(CM) | 최종 보험료 | 1,180,970원 | 총 보험료 | 결제 1,693,510원 | 마일리지 환급 512,540원 | 바로 가입하기",기아,모닝,2020,올뉴 모닝(2017),럭셔리,id2,28,남
112,2026-09-08 20:58:58,14로6902,2026-10-06,본인,메리츠화재,"1,206,730","1,727,680","520,950","메리츠화재 | 메리츠화재 다이렉트 자동차보험(CM) | 최종 보험료 | 1,206,730원 | 총 보험료 | 결제 1,727,680원 | 마일리지 환급 520,950원 | 바로 가입하기",기아,모닝,2017,올뉴 모닝(2017),럭셔리,id2,28,남
113,2026-09-08 21:00:01,14로6902,2026-10-06,본인,메리츠화재,"1,183,580","1,694,130","510,550","메리츠화재 | 메리츠화재 다이렉트 자동차보험(CM) | 최종 보험료 | 1,183,580원 | 총 보험료 | 결제 1,694,130원 | 마일리지 환급 510,550원 | 바로 가입하기",기아,모닝,2014,올뉴 모닝,럭셔리,id2,28,남
114,2026-09-08 21:01:11,14로6902,2026-10-06,본인,메리츠화재,"1,053,760","1,520,510","466,750","메리츠화재 | 메리츠화재 다이렉트 자동차보험(CM) | 최종 보험료 | 1,053,760원 | 총 보험료 | 결제 1,520,510원 | 마일리지 환급 466,750원 | 바로 가입하기",현대,아반떼,2026,더 뉴 아반떼1.6 하이브리드(CN7 F/L),스마트,id2,28,남
115,2026-09-08 21:03:48,14로6902,2026-10-06,본인,메리츠화재,"1,015,210","1,462,020","446,810","메리츠화재 | 메리츠화재 다이렉트 자동차보험(CM) | 최종 보험료 | 1,015,210원 | 총 보험료 | 결제 1,462,020원 | 마일리지 환급 446,810원 | 바로 가입하기",현대,아반떼,2023,올뉴아반떼1.6(7세대),스마트,id2,28,남
116,2026-09-08 21:05:05,14로6902,2026-10-06,본인,메리츠화재,"1,237,140","1,782,240","545,100","메리츠화재 | 메리츠화재 다이렉트 자동차보험(CM) | 최종 보험료 | 1,237,140원 | 총 보험료 | 결제 1,782,240원 | 마일리지 환급 545,100원 | 바로 가입하기",현대,아반떼,2020,올뉴아반떼1.6(7세대),스마트,id2,28,남
117,2026-09-08 21:06:18,14로6902,2026-10-06,본인,메리츠화재,"1,233,090","1,773,030","539,940","메리츠화재 | 메리츠화재 다이렉트 자동차보험(CM) | 최종 보험료 | 1,233,090원 | 총 보험료 | 결제 1,773,030원 | 마일리지 환급 539,940원 | 바로 가입하기",현대,아반떼,2017,아반떼AD 1.6GDI,밸류플러스,id2,28,남
118,2026-09-08 21:07:31,14로6902,2026-10-06,본인,메리츠화재,"1,250,760","1,794,890","544,130","메리츠화재 | 메리츠화재 다이렉트 자동차보험(CM) | 최종 보험료 | 1,250,760원 | 총 보험료 | 결제 1,794,890원 | 마일리지 환급 544,130원 | 바로 가입하기",현대,아반떼,2014,더 뉴 아반떼1.6GDI,스마트,id2,28,남
119,2026-09-08 21:08:40,14로6902,2026-10-06,본인,메리츠화재,"1,048,730","1,514,340","465,610","메리츠화재 | 메리츠화재 다이렉트 자동차보험(CM) | 최종 보험료 | 1,048,730원 | 총 보험료 | 결제 1,514,340원 | 마일리지 환급 465,610원 | 바로 가입하기",기아,K5,2026,더 뉴 K5 하이브리드,프레스티지,id2,28,남
120,2026-09-08 21:11:00,14로6902,2026-10-06,본인,메리츠화재,"1,225,900","1,767,790","541,890","메리츠화재 | 메리츠화재 다이렉트 자동차보험(CM) | 최종 보험료 | 1,225,900원 | 총 보험료 | 결제 1,767,790원 | 마일리지 환급 541,890원 | 바로 가입하기",기아,K5,2023,더 뉴 K5 하이브리드,프레스티지,id2,28,남
121,2026-09-08 21:12:18,14로6902,2026-10-06,본인,메리츠화재,"1,221,940","1,759,070","537,130","메리츠화재 | 메리츠화재 다이렉트 자동차보험(CM) | 최종 보험료 | 1,221,940원 | 총 보험료 | 결제 1,759,070원 | 마일리지 환급 537,130원 | 바로 가입하기",삼성,SM6,2020,SM6 2.0,LE,id2,28,남
122,2026-09-08 21:13:24,14로6902,2026-10-06,본인,메리츠화재,"1,150,920","1,652,280","501,360","메리츠화재 | 메리츠화재 다이렉트 자동차보험(CM) | 최종 보험료 | 1,150,920원 | 총 보험료 | 결제 1,652,280원 | 마일리지 환급 501,360원 | 바로 가입하기",현대,쏘나타,2017,LF쏘나타2.0,스마트,id2,28,남
123,2026-09-08 21:14:40,14로6902,2026-10-06,본인,메리츠화재,"1,130,120","1,620,480","490,360","메리츠화재 | 메리츠화재 다이렉트 자동차보험(CM) | 최종 보험료 | 1,130,120원 | 총 보험료 | 결제 1,620,480원 | 마일리지 환급 490,360원 | 바로 가입하기",기아,K5,2014,K5 2.0,프레스티지,id2,28,남
124,2026-09-08 21:15:47,14로6902,2026-10-06,본인,메리츠화재,"937,510","1,354,240","416,730","메리츠화재 | 메리츠화재 다이렉트 자동차보험(CM) | 최종 보험료 | 937,510원 | 총 보험료 | 결제 1,354,240원 | 마일리지 환급 416,730원 | 바로 가입하기",현대,제네시스,2026,제네시스 G80 2.5T(2024년형),2WD,id2,28,남
125,2026-09-08 21:18:16,14로6902,2026-10-06,본인,메리츠화재,"1,149,340","1,656,840","507,500","메리츠화재 | 메리츠화재 다이렉트 자동차보험(CM) | 최종 보험료 | 1,149,340원 | 총 보험료 | 결제 1,656,840원 | 마일리지 환급 507,500원 | 바로 가입하기",현대,제네시스,2023,제네시스 G80 2.5T(3세대),2WD,id2,28,남
126,2026-09-08 21:19:26,14로6902,2026-10-06,본인,메리츠화재,"1,149,780","1,653,980","504,200","메리츠화재 | 메리츠화재 다이렉트 자동차보험(CM) | 최종 보험료 | 1,149,780원 | 총 보험료 | 결제 1,653,980원 | 마일리지 환급 504,200원 | 바로 가입하기",현대,그랜져,2020,그랜져 IG(2019년형),IG240 프리미엄,id2,28,남
127,2026-09-08 21:20:42,14로6902,2026-10-06,본인,메리츠화재,"1,200,860","1,723,390","522,530","메리츠화재 | 메리츠화재 다이렉트 자동차보험(CM) | 최종 보험료 | 1,200,860원 | 총 보험료 | 결제 1,723,390원 | 마일리지 환급 522,530원 | 바로 가입하기",현대,그랜져,2017,그랜져 HG,HG240 모던,id2,28,남
128,2026-09-08 21:21:51,14로6902,2026-10-06,본인,메리츠화재,"1,373,500","1,971,890","598,390","메리츠화재 | 메리츠화재 다이렉트 자동차보험(CM) | 최종 보험료 | 1,373,500원 | 총 보험료 | 결제 1,971,890원 | 마일리지 환급 598,390원 | 바로 가입하기",현대,그랜져,2014,그랜져 HG,HG240 모던,id2,28,남
129,2026-09-08 21:22:58,14로6902,2026-10-06,본인,메리츠화재,"1,175,640","1,697,550","521,910","메리츠화재 | 메리츠화재 다이렉트 자동차보험(CM) | 최종 보험료 | 1,175,640원 | 총 보험료 | 결제 1,697,550원 | 마일리지 환급 521,910원 | 바로 가입하기",기아,카니발,2026,카니발 1.6 터보 하이브리드(9인승),노블레스(9인승),id2,28,남
130,2026-09-08 21:25:34,14로6902,2026-10-06,본인,메리츠화재,"1,502,540","2,165,850","663,310","메리츠화재 | 메리츠화재 다이렉트 자동차보험(CM) | 최종 보험료 | 1,502,540원 | 총 보험료 | 결제 2,165,850원 | 마일리지 환급 663,310원 | 바로 가입하기",기아,카니발,2023,카니발 1.6 터보 하이브리드(9인승),노블레스(9인승),id2,28,남
131,2026-09-08 21:26:46,14로6902,2026-10-06,본인,메리츠화재,"1,532,940","2,207,280","674,340","메리츠화재 | 메리츠화재 다이렉트 자동차보험(CM) | 최종 보험료 | 1,532,940원 | 총 보험료 | 결제 2,207,280원 | 마일리지 환급 674,340원 | 바로 가입하기",기아,카니발,2020,더뉴카니발 R2.2 디젤(9인승),프레스티지,id2,28,남
132,2026-09-08 21:27:56,14로6902,2026-10-06,본인,메리츠화재,"1,657,240","2,382,220","724,980","메리츠화재 | 메리츠화재 다이렉트 자동차보험(CM) | 최종 보험료 | 1,657,240원 | 총 보험료 | 결제 2,382,220원 | 마일리지 환급 724,980원 | 바로 가입하기",기아,카니발,2017,"올뉴카니발2.2(디젤,9인승)",프레스티지,id2,28,남
133,2026-09-08 21:29:10,14로6902,2026-10-06,본인,메리츠화재,"1,550,740","2,228,140","677,400","메리츠화재 | 메리츠화재 다이렉트 자동차보험(CM) | 최종 보험료 | 1,550,740원 | 총 보험료 | 결제 2,228,140원 | 마일리지 환급 677,400원 | 바로 가입하기",현대,싼타페,2014,싼타페 2.0(2WD),프리미엄,id2,28,남
134,2026-09-08 21:30:17,14로6902,2026-10-06,본인,메리츠화재,"1,036,700","1,495,790","459,090","메리츠화재 | 메리츠화재 다이렉트 자동차보험(CM) | 최종 보험료 | 1,036,700원 | 총 보험료 | 결제 1,495,790원 | 마일리지 환급 459,090원 | 바로 가입하기",기아,쏘렌토,2026,더 뉴 쏘렌토 1.6 터보 하이브리드,노블레스(2WD),id2,28,남
135,2026-09-08 21:32:45,14로6902,2026-10-06,본인,메리츠화재,"1,181,660","1,703,250","521,590","메리츠화재 | 메리츠화재 다이렉트 자동차보험(CM) | 최종 보험료 | 1,181,660원 | 총 보험료 | 결제 1,703,250원 | 마일리지 환급 521,590원 | 바로 가입하기",기아,쏘렌토,2023,쏘렌토 하이브리드(4세대),노블레스(2WD),id2,28,남
136,2026-09-08 21:33:53,14로6902,2026-10-06,본인,메리츠화재,"1,442,350","2,079,650","637,300","메리츠화재 | 메리츠화재 다이렉트 자동차보험(CM) | 최종 보험료 | 1,442,350원 | 총 보험료 | 결제 2,079,650원 | 마일리지 환급 637,300원 | 바로 가입하기",기아,NIRO,2020,The New NIRO 1.6(HEV),프레스티지,id2,28,남
137,2026-09-08 21:35:12,14로6902,2026-10-06,본인,메리츠화재,"1,439,040","2,068,280","629,240","메리츠화재 | 메리츠화재 다이렉트 자동차보험(CM) | 최종 보험료 | 1,439,040원 | 총 보험료 | 결제 2,068,280원 | 마일리지 환급 629,240원 | 바로 가입하기",현대,싼타페,2017,싼타페 2.0(2WD),프리미엄,id2,28,남
138,2026-09-08 21:36:21,14로6902,2026-10-06,본인,메리츠화재,"1,159,230","1,662,660","503,430","메리츠화재 | 메리츠화재 다이렉트 자동차보험(CM) | 최종 보험료 | 1,159,230원 | 총 보험료 | 결제 1,662,660원 | 마일리지 환급 503,430원 | 바로 가입하기",기아,스포티지,2014,스포티지R GDI(2WD),럭셔리,id2,28,남
139,2026-09-08 21:37:42,14로6902,2026-10-06,본인,메리츠화재,"1,574,440","2,276,710","702,270","메리츠화재 | 메리츠화재 다이렉트 자동차보험(CM) | 최종 보험료 | 1,574,440원 | 총 보험료 | 결제 2,276,710원 | 마일리지 환급 702,270원 | 바로 가입하기",BMW,5 Series,2026,520i,M Sport Package,id2,28,남
140,2026-09-08 21:40:19,14로6902,2026-10-06,본인,메리츠화재,"1,746,690","2,523,320","776,630","메리츠화재 | 메리츠화재 다이렉트 자동차보험(CM) | 최종 보험료 | 1,746,690원 | 총 보험료 | 결제 2,523,320원 | 마일리지 환급 776,630원 | 바로 가입하기",벤츠,Mercedes Benz E-Class,2023,New E 250,Avantgarde,id2,28,남
141,2026-09-08 21:41:39,14로6902,2026-10-06,본인,메리츠화재,"1,940,380","2,801,310","860,930","메리츠화재 | 메리츠화재 다이렉트 자동차보험(CM) | 최종 보험료 | 1,940,380원 | 총 보험료 | 결제 2,801,310원 | 마일리지 환급 860,930원 | 바로 가입하기",BMW,3 Series,2020,320d,ED (OE),id2,28,남
142,2026-09-08 21:42:58,14로6902,2026-10-06,본인,메리츠화재,"1,988,050","2,866,870","878,820","메리츠화재 | 메리츠화재 다이렉트 자동차보험(CM) | 최종 보험료 | 1,988,050원 | 총 보험료 | 결제 2,866,870원 | 마일리지 환급 878,820원 | 바로 가입하기",BMW,3 Series,2017,320d,ED,id2,28,남
143,2026-09-08 21:44:19,14로6902,2026-10-06,본인,메리츠화재,"1,875,550","2,702,310","826,760","메리츠화재 | 메리츠화재 다이렉트 자동차보험(CM) | 최종 보험료 | 1,875,550원 | 총 보험료 | 결제 2,702,310원 | 마일리지 환급 826,760원 | 바로 가입하기",BMW,5 Series,2014,520d,Luxury,id2,28,남
144,2026-09-08 21:45:30,14로6902,2026-10-06,본인,메리츠화재,"923,910","1,330,900","406,990","메리츠화재 | 메리츠화재 다이렉트 자동차보험(CM) | 최종 보험료 | 923,910원 | 총 보험료 | 결제 1,330,900원 | 마일리지 환급 406,990원 | 바로 가입하기",기아,RAY,2025,THE NEW RAY 1.0,베스트 셀렉션,id2,28,남
146,2026-09-08 21:49:07,14로6902,2026-10-06,본인,메리츠화재,"1,432,000","2,056,010","624,010","메리츠화재 | 메리츠화재 다이렉트 자동차보험(CM) | 최종 보험료 | 1,432,000원 | 총 보험료 | 결제 2,056,010원 | 마일리지 환급 624,010원 | 바로 가입하기",기아,RAY,2019,RAY 밴,VAN,id2,28,남
147,2026-09-08 21:50:20,14로6902,2026-10-06,본인,메리츠화재,"1,133,890","1,636,190","502,300","메리츠화재 | 메리츠화재 다이렉트 자동차보험(CM) | 최종 보험료 | 1,133,890원 | 총 보험료 | 결제 1,636,190원 | 마일리지 환급 502,300원 | 바로 가입하기",현대,투싼,2024,투싼 디젤2.0(4세대),프리미엄(4WD),id2,28,남
148,2026-09-08 21:51:30,14로6902,2026-10-06,본인,메리츠화재,"1,267,800","1,826,290","558,490","메리츠화재 | 메리츠화재 다이렉트 자동차보험(CM) | 최종 보험료 | 1,267,800원 | 총 보험료 | 결제 1,826,290원 | 마일리지 환급 558,490원 | 바로 가입하기",현대,투싼,2021,투싼 디젤2.0(4세대),모던(4WD),id2,28,남
149,2026-09-08 21:52:49,14로6902,2026-10-06,본인,메리츠화재,"1,241,470","1,786,630","545,160","메리츠화재 | 메리츠화재 다이렉트 자동차보험(CM) | 최종 보험료 | 1,241,470원 | 총 보험료 | 결제 1,786,630원 | 마일리지 환급 545,160원 | 바로 가입하기",현대,투싼,2018,올뉴투싼 1.6터보 GDI,스마트,id2,28,남
150,2026-09-08 21:55:21,14로6902,2026-10-06,본인,메리츠화재,"1,564,510","2,264,040","699,530","메리츠화재 | 메리츠화재 다이렉트 자동차보험(CM) | 최종 보험료 | 1,564,510원 | 총 보험료 | 결제 2,264,040원 | 마일리지 환급 699,530원 | 바로 가입하기",현대,아이오닉,2026,더 뉴 아이오닉 5,AWD,id2,28,남
151,2026-09-08 21:56:41,14로6902,2026-10-06,본인,메리츠화재,"1,356,200","1,960,130","603,930","메리츠화재 | 메리츠화재 다이렉트 자동차보험(CM) | 최종 보험료 | 1,356,200원 | 총 보험료 | 결제 1,960,130원 | 마일리지 환급 603,930원 | 바로 가입하기",현대,아이오닉,2023,더 뉴 아이오닉 일렉트릭,엔,id2,28,남
152,2026-09-08 21:57:55,14로6902,2026-10-06,본인,메리츠화재,"1,523,310","2,196,980","673,670","메리츠화재 | 메리츠화재 다이렉트 자동차보험(CM) | 최종 보험료 | 1,523,310원 | 총 보험료 | 결제 2,196,980원 | 마일리지 환급 673,670원 | 바로 가입하기",현대,아이오닉,2020,더 뉴 아이오닉 플러그인 하이브리드,큐,id2,28,남
153,2026-09-08 21:59:09,14로6902,2026-10-06,본인,메리츠화재,"1,056,950","1,526,450","469,500","메리츠화재 | 메리츠화재 다이렉트 자동차보험(CM) | 최종 보험료 | 1,056,950원 | 총 보험료 | 결제 1,526,450원 | 마일리지 환급 469,500원 | 바로 가입하기",기아,K9,2025,THE K9 3.8 GDI,플래티넘(AWD),id2,28,남
154,2026-09-08 22:00:25,14로6902,2026-10-06,본인,메리츠화재,"1,302,060","1,877,160","575,100","메리츠화재 | 메리츠화재 다이렉트 자동차보험(CM) | 최종 보험료 | 1,302,060원 | 총 보험료 | 결제 1,877,160원 | 마일리지 환급 575,100원 | 바로 가입하기",기아,K9,2022,THE K9 3.8 GDI,마스터즈(AWD),id2,28,남
155,2026-09-08 22:03:01,14로6902,2026-10-06,본인,메리츠화재,"1,504,450","2,166,480","662,030","메리츠화재 | 메리츠화재 다이렉트 자동차보험(CM) | 최종 보험료 | 1,504,450원 | 총 보험료 | 결제 2,166,480원 | 마일리지 환급 662,030원 | 바로 가입하기",기아,K9,2019,K9 5.0,퀀텀,id2,28,남
156,2026-09-08 22:04:50,14로6902,2026-10-06,본인,메리츠화재,"1,195,100","1,724,200","529,100","메리츠화재 | 메리츠화재 다이렉트 자동차보험(CM) | 최종 보험료 | 1,195,100원 | 총 보험료 | 결제 1,724,200원 | 마일리지 환급 529,100원 | 바로 가입하기",현대,팰리세이드,2024,팰리세이드 2.2D(22.05.19~),캘리그래피(4WD),id2,28,남
157,2026-09-08 22:06:08,14로6902,2026-10-06,본인,메리츠화재,"1,313,760","1,891,760","578,000","메리츠화재 | 메리츠화재 다이렉트 자동차보험(CM) | 최종 보험료 | 1,313,760원 | 총 보험료 | 결제 1,891,760원 | 마일리지 환급 578,000원 | 바로 가입하기",현대,팰리세이드,2021,팰리세이드 3.8(2WD),프레스티지,id2,28,남
158,2026-09-08 22:07:21,14로6902,2026-10-06,본인,메리츠화재,"1,698,390","2,445,960","747,570","메리츠화재 | 메리츠화재 다이렉트 자동차보험(CM) | 최종 보험료 | 1,698,390원 | 총 보험료 | 결제 2,445,960원 | 마일리지 환급 747,570원 | 바로 가입하기",현대,팰리세이드,2018,팰리세이드 2.2(4WD),프레스티지,id2,28,남
159,2026-09-08 22:08:45,14로6902,2026-10-06,본인,메리츠화재,"2,623,520","3,798,840","1,175,320","메리츠화재 | 메리츠화재 다이렉트 자동차보험(CM) | 최종 보험료 | 2,623,520원 | 총 보험료 | 결제 3,798,840원 | 마일리지 환급 1,175,320원 | 바로 가입하기",Tesla,Model 3,2026,Model 3,Long Range(2022~),id2,28,남
160,2026-09-08 22:11:20,14로6902,2026-10-06,본인,메리츠화재,"2,505,280","3,626,530","1,121,250","메리츠화재 | 메리츠화재 다이렉트 자동차보험(CM) | 최종 보험료 | 2,505,280원 | 총 보험료 | 결제 3,626,530원 | 마일리지 환급 1,121,250원 | 바로 가입하기",Tesla,Model 3,2024,Model 3 Premium Long Range AWD,오토,id2,28,남
161,2026-09-08 22:12:37,14로6902,2026-10-06,본인,메리츠화재,"3,196,330","4,626,180","1,429,850","메리츠화재 | 메리츠화재 다이렉트 자동차보험(CM) | 최종 보험료 | 3,196,330원 | 총 보험료 | 결제 4,626,180원 | 마일리지 환급 1,429,850원 | 바로 가입하기",Tesla,Model 3,2022,Model 3,Performance,id2,28,남
162,2026-09-08 22:14:00,14로6902,2026-10-06,본인,메리츠화재,"2,837,410","4,105,010","1,267,600","메리츠화재 | 메리츠화재 다이렉트 자동차보험(CM) | 최종 보험료 | 2,837,410원 | 총 보험료 | 결제 4,105,010원 | 마일리지 환급 1,267,600원 | 바로 가입하기",Tesla,Model 3,2020,Model 3,Standard Range Plus,id2,28,남
93,2026-09-09 11:17:15,14로6902,2026-10-06,본인,메리츠화재,"1,053,660","1,521,330","467,670","메리츠화재 | 메리츠화재 다이렉트 자동차보험(CM) | 최종 보험료 | 1,053,660원 | 총 보험료 | 결제 1,521,330원 | 마일리지 환급 467,670원 | 바로 가입하기",현대,코나,2025,디올뉴 코나 2.0,프리미엄(2WD),id2,28,남
94,2026-09-09 11:18:50,14로6902,2026-10-06,본인,메리츠화재,"1,063,010","1,530,390","467,380","메리츠화재 | 메리츠화재 다이렉트 자동차보험(CM) | 최종 보험료 | 1,063,010원 | 총 보험료 | 결제 1,530,390원 | 마일리지 환급 467,380원 | 바로 가입하기",현대,코나,2022,더뉴 코나 2.0,모던(4WD),id2,28,남
95,2026-09-09 11:20:50,14로6902,2026-10-06,본인,메리츠화재,"1,264,220","1,821,480","557,260","메리츠화재 | 메리츠화재 다이렉트 자동차보험(CM) | 최종 보험료 | 1,264,220원 | 총 보험료 | 결제 1,821,480원 | 마일리지 환급 557,260원 | 바로 가입하기",현대,코나,2020,더뉴 코나 1.6 터보,인스퍼레이션(4WD),id2,28,남
96,2026-09-09 11:23:51,14로6902,2026-10-06,본인,메리츠화재,"1,322,270","1,902,280","580,010","메리츠화재 | 메리츠화재 다이렉트 자동차보험(CM) | 최종 보험료 | 1,322,270원 | 총 보험료 | 결제 1,902,280원 | 마일리지 환급 580,010원 | 바로 가입하기",현대,코나,2017,코나 1.6 터보(4WD),스마트,id2,28,남
97,2026-09-09 11:25:55,14로6902,2026-10-06,본인,메리츠화재,"865,090","1,248,200","383,110","메리츠화재 | 메리츠화재 다이렉트 자동차보험(CM) | 최종 보험료 | 865,090원 | 총 보험료 | 결제 1,248,200원 | 마일리지 환급 383,110원 | 바로 가입하기",기아,셀토스,2026,셀토스 2.0,프레스티지(4WD),id2,28,남
98,2026-09-09 11:27:38,14로6902,2026-10-06,본인,메리츠화재,"1,119,350","1,612,940","493,590","메리츠화재 | 메리츠화재 다이렉트 자동차보험(CM) | 최종 보험료 | 1,119,350원 | 총 보험료 | 결제 1,612,940원 | 마일리지 환급 493,590원 | 바로 가입하기",기아,셀토스,2023,셀토스 1.6 디젤,노블레스(4WD),id2,28,남
99,2026-09-09 11:29:40,14로6902,2026-10-06,본인,메리츠화재,"1,225,130","1,764,840","539,710","메리츠화재 | 메리츠화재 다이렉트 자동차보험(CM) | 최종 보험료 | 1,225,130원 | 총 보험료 | 결제 1,764,840원 | 마일리지 환급 539,710원 | 바로 가입하기",기아,셀토스,2021,셀토스 1.6 터보,그래비티(4WD),id2,28,남
100,2026-09-09 11:33:18,14로6902,2026-10-06,본인,메리츠화재,"1,345,780","1,938,950","593,170","메리츠화재 | 메리츠화재 다이렉트 자동차보험(CM) | 최종 보험료 | 1,345,780원 | 총 보험료 | 결제 1,938,950원 | 마일리지 환급 593,170원 | 바로 가입하기",기아,셀토스,2019,셀토스 1.6 디젤,트렌디(4WD),id2,28,남
101,2026-09-09 11:34:25,14로6902,2026-10-06,본인,메리츠화재,"1,130,080","1,631,190","501,110","메리츠화재 | 메리츠화재 다이렉트 자동차보험(CM) | 최종 보험료 | 1,130,080원 | 총 보험료 | 결제 1,631,190원 | 마일리지 환급 501,110원 | 바로 가입하기",현대,스타리아,2025,스타리아 투어러,모던(4WD),id2,28,남
102,2026-09-09 11:35:39,14로6902,2026-10-06,본인,메리츠화재,"1,435,290","2,066,680","631,390","메리츠화재 | 메리츠화재 다이렉트 자동차보험(CM) | 최종 보험료 | 1,435,290원 | 총 보험료 | 결제 2,066,680원 | 마일리지 환급 631,390원 | 바로 가입하기",현대,스타리아,2022,스타리아 라운지,리무진(2WD),id2,28,남
103,2026-09-09 11:36:48,14로6902,2026-10-06,본인,메리츠화재,"1,075,160","1,551,070","475,910","메리츠화재 | 메리츠화재 다이렉트 자동차보험(CM) | 최종 보험료 | 1,075,160원 | 총 보험료 | 결제 1,551,070원 | 마일리지 환급 475,910원 | 바로 가입하기",현대,쏘나타,2024,쏘나타 디 엣지 2.0,익스클루시브,id2,28,남
104,2026-09-09 11:37:55,14로6902,2026-10-06,본인,메리츠화재,"1,304,970","1,880,540","575,570","메리츠화재 | 메리츠화재 다이렉트 자동차보험(CM) | 최종 보험료 | 1,304,970원 | 총 보험료 | 결제 1,880,540원 | 마일리지 환급 575,570원 | 바로 가입하기",현대,쏘나타,2021,쏘나타 센슈어스 1.6,프리미엄,id2,28,남
105,2026-09-09 11:40:26,14로6902,2026-10-06,본인,메리츠화재,"1,748,230","2,530,310","782,080","메리츠화재 | 메리츠화재 다이렉트 자동차보험(CM) | 최종 보험료 | 1,748,230원 | 총 보험료 | 결제 2,530,310원 | 마일리지 환급 782,080원 | 바로 가입하기",기아,EV4,2026,EV4 GT,오토,id2,28,남
106,2026-09-09 11:41:34,14로6902,2026-10-06,본인,메리츠화재,"1,470,130","2,127,170","657,040","메리츠화재 | 메리츠화재 다이렉트 자동차보험(CM) | 최종 보험료 | 1,470,130원 | 총 보험료 | 결제 2,127,170원 | 마일리지 환급 657,040원 | 바로 가입하기",기아,EV5,2025,EV5,롱레인지 어스(2WD),id2,28,남
107,2026-09-09 11:42:41,14로6902,2026-10-06,본인,메리츠화재,"1,028,010","1,482,090","454,080","메리츠화재 | 메리츠화재 다이렉트 자동차보험(CM) | 최종 보험료 | 1,028,010원 | 총 보험료 | 결제 1,482,090원 | 마일리지 환급 454,080원 | 바로 가입하기",기아,스포티지,2024,The New 스포티지 가솔린 터보 1.6,프레스티지(4WD),id2,28,남
108,2026-09-09 11:43:55,14로6902,2026-10-06,본인,메리츠화재,"1,061,210","1,526,890","465,680","메리츠화재 | 메리츠화재 다이렉트 자동차보험(CM) | 최종 보험료 | 1,061,210원 | 총 보험료 | 결제 1,526,890원 | 마일리지 환급 465,680원 | 바로 가입하기",기아,스포티지,2021,스포티지 더 볼드 누우2.0 가솔린,프레스티지(2WD),id2,28,남
109,2026-09-09 11:45:03,14로6902,2026-10-06,본인,메리츠화재,"1,223,950","1,760,650","536,700","메리츠화재 | 메리츠화재 다이렉트 자동차보험(CM) | 최종 보험료 | 1,223,950원 | 총 보험료 | 결제 1,760,650원 | 마일리지 환급 536,700원 | 바로 가입하기",기아,스포티지,2019,THE SUV 스포티지(2WD),프레스티지,id2,28,남
110,2026-09-09 11:47:37,14로6902,2026-10-06,본인,메리츠화재,"1,337,770","1,922,570","584,800","메리츠화재 | 메리츠화재 다이렉트 자동차보험(CM) | 최종 보험료 | 1,337,770원 | 총 보험료 | 결제 1,922,570원 | 마일리지 환급 584,800원 | 바로 가입하기",기아,스포티지,2016,THE SUV 스포티지(2WD),노블레스,id2,28,남
111,2026-09-09 11:48:51,14로6902,2026-10-06,본인,메리츠화재,"1,068,940","1,537,340","468,400","메리츠화재 | 메리츠화재 다이렉트 자동차보험(CM) | 최종 보험료 | 1,068,940원 | 총 보험료 | 결제 1,537,340원 | 마일리지 환급 468,400원 | 바로 가입하기",삼성,SM5,2020,뉴SM5(신형)2.0,Classic,id2,28,남
112,2026-09-09 11:49:57,14로6902,2026-10-06,본인,메리츠화재,"1,224,400","1,758,780","534,380","메리츠화재 | 메리츠화재 다이렉트 자동차보험(CM) | 최종 보험료 | 1,224,400원 | 총 보험료 | 결제 1,758,780원 | 마일리지 환급 534,380원 | 바로 가입하기",삼성,SM5,2017,뉴SM5(신형)1.6,TCE,id2,28,남
113,2026-09-09 11:51:10,14로6902,2026-10-06,본인,메리츠화재,"959,540","1,385,080","425,540","메리츠화재 | 메리츠화재 다이렉트 자동차보험(CM) | 최종 보험료 | 959,540원 | 총 보험료 | 결제 1,385,080원 | 마일리지 환급 425,540원 | 바로 가입하기",삼성,그랑 콜레오스,2026,그랑 콜레오스 2.0 터보,테크노,id2,28,남
114,2026-09-09 11:52:26,14로6902,2026-10-06,본인,메리츠화재,"1,621,530","2,342,260","720,730","메리츠화재 | 메리츠화재 다이렉트 자동차보험(CM) | 최종 보험료 | 1,621,530원 | 총 보험료 | 결제 2,342,260원 | 마일리지 환급 720,730원 | 바로 가입하기",삼성,그랑 콜레오스,2024,그랑 콜레오스 1.5 하이브리드,아이코닉,id2,28,남
115,2026-09-09 11:54:49,14로6902,2026-10-06,본인,메리츠화재,"1,364,710","1,962,120","597,410","메리츠화재 | 메리츠화재 다이렉트 자동차보험(CM) | 최종 보험료 | 1,364,710원 | 총 보험료 | 결제 1,962,120원 | 마일리지 환급 597,410원 | 바로 가입하기",삼성,QM5,2017,뉴QM5 2.0(4WD),LE,id2,28,남
116,2026-09-09 11:56:07,14로6902,2026-10-06,본인,메리츠화재,"1,105,430","1,595,390","489,960","메리츠화재 | 메리츠화재 다이렉트 자동차보험(CM) | 최종 보험료 | 1,105,430원 | 총 보험료 | 결제 1,595,390원 | 마일리지 환급 489,960원 | 바로 가입하기",쌍용,티볼리,2025,더 뉴 티볼리 1.6,V3(2WD),id2,28,남
117,2026-09-09 11:57:10,14로6902,2026-10-06,본인,메리츠화재,"1,438,560","2,074,340","635,780","메리츠화재 | 메리츠화재 다이렉트 자동차보험(CM) | 최종 보험료 | 1,438,560원 | 총 보험료 | 결제 2,074,340원 | 마일리지 환급 635,780원 | 바로 가입하기",쌍용,티볼리,2022,리스펙 티볼리 1.5,업비트(4WD),id2,28,남
118,2026-09-09 11:58:16,14로6902,2026-10-06,본인,메리츠화재,"1,546,890","2,230,420","683,530","메리츠화재 | 메리츠화재 다이렉트 자동차보험(CM) | 최종 보험료 | 1,546,890원 | 총 보험료 | 결제 2,230,420원 | 마일리지 환급 683,530원 | 바로 가입하기",쌍용,티볼리,2019,베리 뉴 티볼리 1.5,V7,id2,28,남
119,2026-09-09 11:59:27,14로6902,2026-10-06,본인,메리츠화재,"1,204,320","1,738,710","534,390","메리츠화재 | 메리츠화재 다이렉트 자동차보험(CM) | 최종 보험료 | 1,204,320원 | 총 보험료 | 결제 1,738,710원 | 마일리지 환급 534,390원 | 바로 가입하기",쌍용,토레스,2026,토레스 1.5,TL7,id2,28,남
120,2026-09-09 12:01:56,14로6902,2026-10-06,본인,메리츠화재,"1,350,260","1,947,590","597,330","메리츠화재 | 메리츠화재 다이렉트 자동차보험(CM) | 최종 보험료 | 1,350,260원 | 총 보험료 | 결제 1,947,590원 | 마일리지 환급 597,330원 | 바로 가입하기",쌍용,토레스,2023,토레스 1.5,TL5,id2,28,남
121,2026-09-09 12:03:01,14로6902,2026-10-06,본인,메리츠화재,"1,161,970","1,677,340","515,370","메리츠화재 | 메리츠화재 다이렉트 자동차보험(CM) | 최종 보험료 | 1,161,970원 | 총 보험료 | 결제 1,677,340원 | 마일리지 환급 515,370원 | 바로 가입하기",대우,트레일블레이저,2025,트레일블레이저 1.35,RS,id2,28,남
122,2026-09-09 12:04:11,14로6902,2026-10-06,본인,메리츠화재,"1,212,800","1,747,160","534,360","메리츠화재 | 메리츠화재 다이렉트 자동차보험(CM) | 최종 보험료 | 1,212,800원 | 총 보험료 | 결제 1,747,160원 | 마일리지 환급 534,360원 | 바로 가입하기",대우,트레일블레이저,2022,트레일블레이저 1.2,LS,id2,28,남
123,2026-09-09 12:05:26,14로6902,2026-10-06,본인,메리츠화재,"1,706,390","2,468,720","762,330","메리츠화재 | 메리츠화재 다이렉트 자동차보험(CM) | 최종 보험료 | 1,706,390원 | 총 보험료 | 결제 2,468,720원 | 마일리지 환급 762,330원 | 바로 가입하기",BMW,MINI Cooper,2024,Mini Cooper SE,Classic,id2,28,남
124,2026-09-09 12:06:44,14로6902,2026-10-06,본인,메리츠화재,"1,774,480","2,561,920","787,440","메리츠화재 | 메리츠화재 다이렉트 자동차보험(CM) | 최종 보험료 | 1,774,480원 | 총 보험료 | 결제 2,561,920원 | 마일리지 환급 787,440원 | 바로 가입하기",BMW,MINI Cooper,2021,New Cooper D,3door,id2,28,남
125,2026-09-09 12:09:16,14로6902,2026-10-06,본인,메리츠화재,"1,696,080","2,446,580","750,500","메리츠화재 | 메리츠화재 다이렉트 자동차보험(CM) | 최종 보험료 | 1,696,080원 | 총 보험료 | 결제 2,446,580원 | 마일리지 환급 750,500원 | 바로 가입하기",BMW,MINI Cooper,2018,New Mini Cooper,5door,id2,28,남
126,2026-09-09 12:10:28,14로6902,2026-10-06,본인,메리츠화재,"1,185,080","1,712,420","527,340","메리츠화재 | 메리츠화재 다이렉트 자동차보험(CM) | 최종 보험료 | 1,185,080원 | 총 보험료 | 결제 1,712,420원 | 마일리지 환급 527,340원 | 바로 가입하기",Volkswagen,Golf,2026,The Golf 8,GTI,id2,28,남
127,2026-09-09 12:11:43,14로6902,2026-10-06,본인,메리츠화재,"1,354,190","1,954,480","600,290","메리츠화재 | 메리츠화재 다이렉트 자동차보험(CM) | 최종 보험료 | 1,354,190원 | 총 보험료 | 결제 1,954,480원 | 마일리지 환급 600,290원 | 바로 가입하기",Volkswagen,Golf,2023,The Golf 8,2.0 TDI Premium,id2,28,남
130,2026-09-09 12:14:29,14로6902,2026-10-06,본인,메리츠화재,"2,204,790","3,186,020","981,230","메리츠화재 | 메리츠화재 다이렉트 자동차보험(CM) | 최종 보험료 | 2,204,790원 | 총 보험료 | 결제 3,186,020원 | 마일리지 환급 981,230원 | 바로 가입하기",Audi,A5,2022,A5 40 TDI,Quattro Premium Sportback,id2,28,남
131,2026-09-09 12:15:47,14로6902,2026-10-06,본인,메리츠화재,"2,216,510","3,201,510","985,000","메리츠화재 | 메리츠화재 다이렉트 자동차보험(CM) | 최종 보험료 | 2,216,510원 | 총 보험료 | 결제 3,201,510원 | 마일리지 환급 985,000원 | 바로 가입하기",Audi,A5,2020,A5 40 TDI,Quattro Premium Sportback,id2,28,남
132,2026-09-09 12:17:01,14로6902,2026-10-06,본인,메리츠화재,"1,268,500","1,835,050","566,550","메리츠화재 | 메리츠화재 다이렉트 자동차보험(CM) | 최종 보험료 | 1,268,500원 | 총 보험료 | 결제 1,835,050원 | 마일리지 환급 566,550원 | 바로 가입하기",BYD,SEALION 7,2026,SEALION 7 Plus,오토,id2,28,남
133,2026-09-09 12:18:06,14로6902,2026-10-06,본인,메리츠화재,"1,109,740","1,604,950","495,210","메리츠화재 | 메리츠화재 다이렉트 자동차보험(CM) | 최종 보험료 | 1,109,740원 | 총 보험료 | 결제 1,604,950원 | 마일리지 환급 495,210원 | 바로 가입하기",BYD,DOLPHIN,2026,DOLPHIN,오토,id2,28,남
134,2026-09-09 12:19:20,14로6902,2026-10-06,본인,메리츠화재,"1,384,370","2,002,880","618,510","메리츠화재 | 메리츠화재 다이렉트 자동차보험(CM) | 최종 보험료 | 1,384,370원 | 총 보험료 | 결제 2,002,880원 | 마일리지 환급 618,510원 | 바로 가입하기",현대,넥쏘,2025,디 올 뉴 넥쏘,익스클루시브,id2,28,남
135,2026-09-09 12:22:08,14로6902,2026-10-06,본인,메리츠화재,"1,946,830","2,815,320","868,490","메리츠화재 | 메리츠화재 다이렉트 자동차보험(CM) | 최종 보험료 | 1,946,830원 | 총 보험료 | 결제 2,815,320원 | 마일리지 환급 868,490원 | 바로 가입하기",현대,넥쏘,2022,넥쏘,모던(2021년),id2,28,남
136,2026-09-09 12:23:19,14로6902,2026-10-06,본인,메리츠화재,"1,980,870","2,862,850","881,980","메리츠화재 | 메리츠화재 다이렉트 자동차보험(CM) | 최종 보험료 | 1,980,870원 | 총 보험료 | 결제 2,862,850원 | 마일리지 환급 881,980원 | 바로 가입하기",현대,넥쏘,2019,넥쏘 FCEV,프리미엄,id2,28,남
137,2026-09-09 12:24:36,14로6902,2026-10-06,본인,메리츠화재,"1,245,000","1,800,980","555,980","메리츠화재 | 메리츠화재 다이렉트 자동차보험(CM) | 최종 보험료 | 1,245,000원 | 총 보험료 | 결제 1,800,980원 | 마일리지 환급 555,980원 | 바로 가입하기",기아,PV5,2026,PV5 WAV,베이직,id2,28,남
138,2026-09-09 12:25:47,14로6902,2026-10-06,본인,메리츠화재,"1,371,330","1,983,980","612,650","메리츠화재 | 메리츠화재 다이렉트 자동차보험(CM) | 최종 보험료 | 1,371,330원 | 총 보험료 | 결제 1,983,980원 | 마일리지 환급 612,650원 | 바로 가입하기",기아,PV5,2025,PV5 패신저,플러스,id2,28,남
109,2026-09-08 20:54:16,14로6902,2026-10-06,본인,삼성화재,"869,980","1,057,190","187,210","삼성화재 | 개인용애니카다이렉트자동차보험(플랫폼) | 최종 보험료 | 869,980원 | 총 보험료 | 결제 1,057,190원 | 마일리지 환급 187,210원 | 바로 가입하기",현대,캐스퍼,2026,더 뉴 캐스퍼 1.0,스마트,id2,28,남
110,2026-09-08 20:56:50,14로6902,2026-10-06,본인,삼성화재,"1,060,720","1,287,280","226,560","삼성화재 | 개인용애니카다이렉트자동차보험(플랫폼) | 최종 보험료 | 1,060,720원 | 총 보험료 | 결제 1,287,280원 | 마일리지 환급 226,560원 | 바로 가입하기",현대,캐스퍼,2023,캐스퍼 1.0,스마트,id2,28,남
111,2026-09-08 20:57:51,14로6902,2026-10-06,본인,삼성화재,"1,241,850","1,507,930","266,080","삼성화재 | 개인용애니카다이렉트자동차보험(플랫폼) | 최종 보험료 | 1,241,850원 | 총 보험료 | 결제 1,507,930원 | 마일리지 환급 266,080원 | 바로 가입하기",기아,모닝,2020,올뉴 모닝(2017),럭셔리,id2,28,남
112,2026-09-08 20:58:58,14로6902,2026-10-06,본인,삼성화재,"1,273,380","1,545,820","272,440","삼성화재 | 개인용애니카다이렉트자동차보험(플랫폼) | 최종 보험료 | 1,273,380원 | 총 보험료 | 결제 1,545,820원 | 마일리지 환급 272,440원 | 바로 가입하기",기아,모닝,2017,올뉴 모닝(2017),럭셔리,id2,28,남
113,2026-09-08 21:00:01,14로6902,2026-10-06,본인,삼성화재,"1,266,590","1,536,240","269,650","삼성화재 | 개인용애니카다이렉트자동차보험(플랫폼) | 최종 보험료 | 1,266,590원 | 총 보험료 | 결제 1,536,240원 | 마일리지 환급 269,650원 | 바로 가입하기",기아,모닝,2014,올뉴 모닝,럭셔리,id2,28,남
114,2026-09-08 21:01:11,14로6902,2026-10-06,본인,삼성화재,"1,058,070","1,287,730","229,660","삼성화재 | 개인용애니카다이렉트자동차보험(플랫폼) | 최종 보험료 | 1,058,070원 | 총 보험료 | 결제 1,287,730원 | 마일리지 환급 229,660원 | 바로 가입하기",현대,아반떼,2026,더 뉴 아반떼1.6 하이브리드(CN7 F/L),스마트,id2,28,남
115,2026-09-08 21:03:48,14로6902,2026-10-06,본인,삼성화재,"1,072,960","1,304,720","231,760","삼성화재 | 개인용애니카다이렉트자동차보험(플랫폼) | 최종 보험료 | 1,072,960원 | 총 보험료 | 결제 1,304,720원 | 마일리지 환급 231,760원 | 바로 가입하기",현대,아반떼,2023,올뉴아반떼1.6(7세대),스마트,id2,28,남
116,2026-09-08 21:05:05,14로6902,2026-10-06,본인,삼성화재,"1,193,820","1,451,250","257,430","삼성화재 | 개인용애니카다이렉트자동차보험(플랫폼) | 최종 보험료 | 1,193,820원 | 총 보험료 | 결제 1,451,250원 | 마일리지 환급 257,430원 | 바로 가입하기",현대,아반떼,2020,올뉴아반떼1.6(7세대),스마트,id2,28,남
117,2026-09-08 21:06:18,14로6902,2026-10-06,본인,삼성화재,"1,337,350","1,625,470","288,120","삼성화재 | 개인용애니카다이렉트자동차보험(플랫폼) | 최종 보험료 | 1,337,350원 | 총 보험료 | 결제 1,625,470원 | 마일리지 환급 288,120원 | 바로 가입하기",현대,아반떼,2017,아반떼AD 1.6GDI,밸류플러스,id2,28,남
118,2026-09-08 21:07:31,14로6902,2026-10-06,본인,삼성화재,"1,348,390","1,637,860","289,470","삼성화재 | 개인용애니카다이렉트자동차보험(플랫폼) | 최종 보험료 | 1,348,390원 | 총 보험료 | 결제 1,637,860원 | 마일리지 환급 289,470원 | 바로 가입하기",현대,아반떼,2014,더 뉴 아반떼1.6GDI,스마트,id2,28,남
119,2026-09-08 21:08:40,14로6902,2026-10-06,본인,삼성화재,"1,156,000","1,406,750","250,750","삼성화재 | 개인용애니카다이렉트자동차보험(플랫폼) | 최종 보험료 | 1,156,000원 | 총 보험료 | 결제 1,406,750원 | 마일리지 환급 250,750원 | 바로 가입하기",기아,K5,2026,더 뉴 K5 하이브리드,프레스티지,id2,28,남
120,2026-09-08 21:11:00,14로6902,2026-10-06,본인,삼성화재,"1,449,320","1,763,040","313,720","삼성화재 | 개인용애니카다이렉트자동차보험(플랫폼) | 최종 보험료 | 1,449,320원 | 총 보험료 | 결제 1,763,040원 | 마일리지 환급 313,720원 | 바로 가입하기",기아,K5,2023,더 뉴 K5 하이브리드,프레스티지,id2,28,남
121,2026-09-08 21:12:18,14로6902,2026-10-06,본인,삼성화재,"1,674,820","2,038,380","363,560","삼성화재 | 개인용애니카다이렉트자동차보험(플랫폼) | 최종 보험료 | 1,674,820원 | 총 보험료 | 결제 2,038,380원 | 마일리지 환급 363,560원 | 바로 가입하기",삼성,SM6,2020,SM6 2.0,LE,id2,28,남
122,2026-09-08 21:13:24,14로6902,2026-10-06,본인,삼성화재,"1,509,750","1,836,450","326,700","삼성화재 | 개인용애니카다이렉트자동차보험(플랫폼) | 최종 보험료 | 1,509,750원 | 총 보험료 | 결제 1,836,450원 | 마일리지 환급 326,700원 | 바로 가입하기",현대,쏘나타,2017,LF쏘나타2.0,스마트,id2,28,남
123,2026-09-08 21:14:40,14로6902,2026-10-06,본인,삼성화재,"1,495,860","1,817,390","321,530","삼성화재 | 개인용애니카다이렉트자동차보험(플랫폼) | 최종 보험료 | 1,495,860원 | 총 보험료 | 결제 1,817,390원 | 마일리지 환급 321,530원 | 바로 가입하기",기아,K5,2014,K5 2.0,프레스티지,id2,28,남
124,2026-09-08 21:15:47,14로6902,2026-10-06,본인,삼성화재,"914,590","1,113,470","198,880","삼성화재 | 개인용애니카다이렉트자동차보험(플랫폼) | 최종 보험료 | 914,590원 | 총 보험료 | 결제 1,113,470원 | 마일리지 환급 198,880원 | 바로 가입하기",현대,제네시스,2026,제네시스 G80 2.5T(2024년형),2WD,id2,28,남
125,2026-09-08 21:18:16,14로6902,2026-10-06,본인,삼성화재,"1,245,980","1,515,780","269,800","삼성화재 | 개인용애니카다이렉트자동차보험(플랫폼) | 최종 보험료 | 1,245,980원 | 총 보험료 | 결제 1,515,780원 | 마일리지 환급 269,800원 | 바로 가입하기",현대,제네시스,2023,제네시스 G80 2.5T(3세대),2WD,id2,28,남
126,2026-09-08 21:19:26,14로6902,2026-10-06,본인,삼성화재,"1,109,990","1,349,520","239,530","삼성화재 | 개인용애니카다이렉트자동차보험(플랫폼) | 최종 보험료 | 1,109,990원 | 총 보험료 | 결제 1,349,520원 | 마일리지 환급 239,530원 | 바로 가입하기",현대,그랜져,2020,그랜져 IG(2019년형),IG240 프리미엄,id2,28,남
127,2026-09-08 21:20:42,14로6902,2026-10-06,본인,삼성화재,"1,341,630","1,631,630","290,000","삼성화재 | 개인용애니카다이렉트자동차보험(플랫폼) | 최종 보험료 | 1,341,630원 | 총 보험료 | 결제 1,631,630원 | 마일리지 환급 290,000원 | 바로 가입하기",현대,그랜져,2017,그랜져 HG,HG240 모던,id2,28,남
128,2026-09-08 21:21:51,14로6902,2026-10-06,본인,삼성화재,"1,377,650","1,672,560","294,910","삼성화재 | 개인용애니카다이렉트자동차보험(플랫폼) | 최종 보험료 | 1,377,650원 | 총 보험료 | 결제 1,672,560원 | 마일리지 환급 294,910원 | 바로 가입하기",현대,그랜져,2014,그랜져 HG,HG240 모던,id2,28,남
129,2026-09-08 21:22:58,14로6902,2026-10-06,본인,삼성화재,"735,130","892,710","157,580","삼성화재 | 개인용애니카다이렉트자동차보험(플랫폼) | 최종 보험료 | 735,130원 | 총 보험료 | 결제 892,710원 | 마일리지 환급 157,580원 | 바로 가입하기",기아,카니발,2026,카니발 1.6 터보 하이브리드(9인승),노블레스(9인승),id2,28,남
130,2026-09-08 21:25:34,14로6902,2026-10-06,본인,삼성화재,"1,006,970","1,220,900","213,930","삼성화재 | 개인용애니카다이렉트자동차보험(플랫폼) | 최종 보험료 | 1,006,970원 | 총 보험료 | 결제 1,220,900원 | 마일리지 환급 213,930원 | 바로 가입하기",기아,카니발,2023,카니발 1.6 터보 하이브리드(9인승),노블레스(9인승),id2,28,남
131,2026-09-08 21:26:46,14로6902,2026-10-06,본인,삼성화재,"1,401,270","1,701,360","300,090","삼성화재 | 개인용애니카다이렉트자동차보험(플랫폼) | 최종 보험료 | 1,401,270원 | 총 보험료 | 결제 1,701,360원 | 마일리지 환급 300,090원 | 바로 가입하기",기아,카니발,2020,더뉴카니발 R2.2 디젤(9인승),프레스티지,id2,28,남
132,2026-09-08 21:27:56,14로6902,2026-10-06,본인,삼성화재,"1,376,230","1,670,440","294,210","삼성화재 | 개인용애니카다이렉트자동차보험(플랫폼) | 최종 보험료 | 1,376,230원 | 총 보험료 | 결제 1,670,440원 | 마일리지 환급 294,210원 | 바로 가입하기",기아,카니발,2017,"올뉴카니발2.2(디젤,9인승)",프레스티지,id2,28,남
133,2026-09-08 21:29:10,14로6902,2026-10-06,본인,삼성화재,"1,449,840","1,758,710","308,870","삼성화재 | 개인용애니카다이렉트자동차보험(플랫폼) | 최종 보험료 | 1,449,840원 | 총 보험료 | 결제 1,758,710원 | 마일리지 환급 308,870원 | 바로 가입하기",현대,싼타페,2014,싼타페 2.0(2WD),프리미엄,id2,28,남
134,2026-09-08 21:30:17,14로6902,2026-10-06,본인,삼성화재,"911,740","1,109,270","197,530","삼성화재 | 개인용애니카다이렉트자동차보험(플랫폼) | 최종 보험료 | 911,740원 | 총 보험료 | 결제 1,109,270원 | 마일리지 환급 197,530원 | 바로 가입하기",기아,쏘렌토,2026,더 뉴 쏘렌토 1.6 터보 하이브리드,노블레스(2WD),id2,28,남
135,2026-09-08 21:32:45,14로6902,2026-10-06,본인,삼성화재,"1,171,360","1,424,500","253,140","삼성화재 | 개인용애니카다이렉트자동차보험(플랫폼) | 최종 보험료 | 1,171,360원 | 총 보험료 | 결제 1,424,500원 | 마일리지 환급 253,140원 | 바로 가입하기",기아,쏘렌토,2023,쏘렌토 하이브리드(4세대),노블레스(2WD),id2,28,남
136,2026-09-08 21:33:53,14로6902,2026-10-06,본인,삼성화재,"1,351,540","1,643,310","291,770","삼성화재 | 개인용애니카다이렉트자동차보험(플랫폼) | 최종 보험료 | 1,351,540원 | 총 보험료 | 결제 1,643,310원 | 마일리지 환급 291,770원 | 바로 가입하기",기아,NIRO,2020,The New NIRO 1.6(HEV),프레스티지,id2,28,남
137,2026-09-08 21:35:12,14로6902,2026-10-06,본인,삼성화재,"1,396,760","1,696,820","300,060","삼성화재 | 개인용애니카다이렉트자동차보험(플랫폼) | 최종 보험료 | 1,396,760원 | 총 보험료 | 결제 1,696,820원 | 마일리지 환급 300,060원 | 바로 가입하기",현대,싼타페,2017,싼타페 2.0(2WD),프리미엄,id2,28,남
138,2026-09-08 21:36:21,14로6902,2026-10-06,본인,삼성화재,"1,568,240","1,905,650","337,410","삼성화재 | 개인용애니카다이렉트자동차보험(플랫폼) | 최종 보험료 | 1,568,240원 | 총 보험료 | 결제 1,905,650원 | 마일리지 환급 337,410원 | 바로 가입하기",기아,스포티지,2014,스포티지R GDI(2WD),럭셔리,id2,28,남
139,2026-09-08 21:37:42,14로6902,2026-10-06,본인,삼성화재,"1,568,500","1,910,130","341,630","삼성화재 | 개인용애니카다이렉트자동차보험(플랫폼) | 최종 보험료 | 1,568,500원 | 총 보험료 | 결제 1,910,130원 | 마일리지 환급 341,630원 | 바로 가입하기",BMW,5 Series,2026,520i,M Sport Package,id2,28,남
140,2026-09-08 21:40:19,14로6902,2026-10-06,본인,삼성화재,"1,771,790","2,156,830","385,040","삼성화재 | 개인용애니카다이렉트자동차보험(플랫폼) | 최종 보험료 | 1,771,790원 | 총 보험료 | 결제 2,156,830원 | 마일리지 환급 385,040원 | 바로 가입하기",벤츠,Mercedes Benz E-Class,2023,New E 250,Avantgarde,id2,28,남
141,2026-09-08 21:41:39,14로6902,2026-10-06,본인,삼성화재,"2,219,430","2,701,460","482,030","삼성화재 | 개인용애니카다이렉트자동차보험(플랫폼) | 최종 보험료 | 2,219,430원 | 총 보험료 | 결제 2,701,460원 | 마일리지 환급 482,030원 | 바로 가입하기",BMW,3 Series,2020,320d,ED (OE),id2,28,남
142,2026-09-08 21:42:58,14로6902,2026-10-06,본인,삼성화재,"2,122,680","2,582,680","460,000","삼성화재 | 개인용애니카다이렉트자동차보험(플랫폼) | 최종 보험료 | 2,122,680원 | 총 보험료 | 결제 2,582,680원 | 마일리지 환급 460,000원 | 바로 가입하기",BMW,3 Series,2017,320d,ED,id2,28,남
143,2026-09-08 21:44:19,14로6902,2026-10-06,본인,삼성화재,"2,292,760","2,787,380","494,620","삼성화재 | 개인용애니카다이렉트자동차보험(플랫폼) | 최종 보험료 | 2,292,760원 | 총 보험료 | 결제 2,787,380원 | 마일리지 환급 494,620원 | 바로 가입하기",BMW,5 Series,2014,520d,Luxury,id2,28,남
144,2026-09-08 21:45:30,14로6902,2026-10-06,본인,삼성화재,"1,092,900","1,328,380","235,480","삼성화재 | 개인용애니카다이렉트자동차보험(플랫폼) | 최종 보험료 | 1,092,900원 | 총 보험료 | 결제 1,328,380원 | 마일리지 환급 235,480원 | 바로 가입하기",기아,RAY,2025,THE NEW RAY 1.0,베스트 셀렉션,id2,28,남
146,2026-09-08 21:49:07,14로6902,2026-10-06,본인,삼성화재,"1,427,270","1,733,990","306,720","삼성화재 | 개인용애니카다이렉트자동차보험(플랫폼) | 최종 보험료 | 1,427,270원 | 총 보험료 | 결제 1,733,990원 | 마일리지 환급 306,720원 | 바로 가입하기",기아,RAY,2019,RAY 밴,VAN,id2,28,남
147,2026-09-08 21:50:20,14로6902,2026-10-06,본인,삼성화재,"1,410,260","1,716,310","306,050","삼성화재 | 개인용애니카다이렉트자동차보험(플랫폼) | 최종 보험료 | 1,410,260원 | 총 보험료 | 결제 1,716,310원 | 마일리지 환급 306,050원 | 바로 가입하기",현대,투싼,2024,투싼 디젤2.0(4세대),프리미엄(4WD),id2,28,남
148,2026-09-08 21:51:30,14로6902,2026-10-06,본인,삼성화재,"1,502,310","1,827,510","325,200","삼성화재 | 개인용애니카다이렉트자동차보험(플랫폼) | 최종 보험료 | 1,502,310원 | 총 보험료 | 결제 1,827,510원 | 마일리지 환급 325,200원 | 바로 가입하기",현대,투싼,2021,투싼 디젤2.0(4세대),모던(4WD),id2,28,남
149,2026-09-08 21:52:49,14로6902,2026-10-06,본인,삼성화재,"1,283,280","1,559,800","276,520","삼성화재 | 개인용애니카다이렉트자동차보험(플랫폼) | 최종 보험료 | 1,283,280원 | 총 보험료 | 결제 1,559,800원 | 마일리지 환급 276,520원 | 바로 가입하기",현대,투싼,2018,올뉴투싼 1.6터보 GDI,스마트,id2,28,남
150,2026-09-08 21:55:21,14로6902,2026-10-06,본인,삼성화재,"2,018,920","2,583,630","564,710","삼성화재 | 개인용애니카다이렉트자동차보험(플랫폼) | 최종 보험료 | 2,018,920원 | 총 보험료 | 결제 2,583,630원 | 마일리지 환급 564,710원 | 바로 가입하기",현대,아이오닉,2026,더 뉴 아이오닉 5,AWD,id2,28,남
151,2026-09-08 21:56:41,14로6902,2026-10-06,본인,삼성화재,"1,476,200","1,886,370","410,170","삼성화재 | 개인용애니카다이렉트자동차보험(플랫폼) | 최종 보험료 | 1,476,200원 | 총 보험료 | 결제 1,886,370원 | 마일리지 환급 410,170원 | 바로 가입하기",현대,아이오닉,2023,더 뉴 아이오닉 일렉트릭,엔,id2,28,남
152,2026-09-08 21:57:55,14로6902,2026-10-06,본인,삼성화재,"1,634,550","1,988,450","353,900","삼성화재 | 개인용애니카다이렉트자동차보험(플랫폼) | 최종 보험료 | 1,634,550원 | 총 보험료 | 결제 1,988,450원 | 마일리지 환급 353,900원 | 바로 가입하기",현대,아이오닉,2020,더 뉴 아이오닉 플러그인 하이브리드,큐,id2,28,남
153,2026-09-08 21:59:09,14로6902,2026-10-06,본인,삼성화재,"975,890","1,187,270","211,380","삼성화재 | 개인용애니카다이렉트자동차보험(플랫폼) | 최종 보험료 | 975,890원 | 총 보험료 | 결제 1,187,270원 | 마일리지 환급 211,380원 | 바로 가입하기",기아,K9,2025,THE K9 3.8 GDI,플래티넘(AWD),id2,28,남
154,2026-09-08 22:00:25,14로6902,2026-10-06,본인,삼성화재,"1,206,120","1,465,800","259,680","삼성화재 | 개인용애니카다이렉트자동차보험(플랫폼) | 최종 보험료 | 1,206,120원 | 총 보험료 | 결제 1,465,800원 | 마일리지 환급 259,680원 | 바로 가입하기",기아,K9,2022,THE K9 3.8 GDI,마스터즈(AWD),id2,28,남
155,2026-09-08 22:03:01,14로6902,2026-10-06,본인,삼성화재,"1,544,090","1,877,470","333,380","삼성화재 | 개인용애니카다이렉트자동차보험(플랫폼) | 최종 보험료 | 1,544,090원 | 총 보험료 | 결제 1,877,470원 | 마일리지 환급 333,380원 | 바로 가입하기",기아,K9,2019,K9 5.0,퀀텀,id2,28,남
156,2026-09-08 22:04:50,14로6902,2026-10-06,본인,삼성화재,"1,064,850","1,294,890","230,040","삼성화재 | 개인용애니카다이렉트자동차보험(플랫폼) | 최종 보험료 | 1,064,850원 | 총 보험료 | 결제 1,294,890원 | 마일리지 환급 230,040원 | 바로 가입하기",현대,팰리세이드,2024,팰리세이드 2.2D(22.05.19~),캘리그래피(4WD),id2,28,남
157,2026-09-08 22:06:08,14로6902,2026-10-06,본인,삼성화재,"1,047,560","1,272,880","225,320","삼성화재 | 개인용애니카다이렉트자동차보험(플랫폼) | 최종 보험료 | 1,047,560원 | 총 보험료 | 결제 1,272,880원 | 마일리지 환급 225,320원 | 바로 가입하기",현대,팰리세이드,2021,팰리세이드 3.8(2WD),프레스티지,id2,28,남
158,2026-09-08 22:07:21,14로6902,2026-10-06,본인,삼성화재,"1,416,020","1,720,860","304,840","삼성화재 | 개인용애니카다이렉트자동차보험(플랫폼) | 최종 보험료 | 1,416,020원 | 총 보험료 | 결제 1,720,860원 | 마일리지 환급 304,840원 | 바로 가입하기",현대,팰리세이드,2018,팰리세이드 2.2(4WD),프레스티지,id2,28,남
159,2026-09-08 22:08:45,14로6902,2026-10-06,본인,삼성화재,"2,426,070","3,105,710","679,640","삼성화재 | 개인용애니카다이렉트자동차보험(플랫폼) | 최종 보험료 | 2,426,070원 | 총 보험료 | 결제 3,105,710원 | 마일리지 환급 679,640원 | 바로 가입하기",Tesla,Model 3,2026,Model 3,Long Range(2022~),id2,28,남
160,2026-09-08 22:11:20,14로6902,2026-10-06,본인,삼성화재,"2,158,710","2,761,710","603,000","삼성화재 | 개인용애니카다이렉트자동차보험(플랫폼) | 최종 보험료 | 2,158,710원 | 총 보험료 | 결제 2,761,710원 | 마일리지 환급 603,000원 | 바로 가입하기",Tesla,Model 3,2024,Model 3 Premium Long Range AWD,오토,id2,28,남
161,2026-09-08 22:12:37,14로6902,2026-10-06,본인,삼성화재,"2,386,690","3,052,590","665,900","삼성화재 | 개인용애니카다이렉트자동차보험(플랫폼) | 최종 보험료 | 2,386,690원 | 총 보험료 | 결제 3,052,590원 | 마일리지 환급 665,900원 | 바로 가입하기",Tesla,Model 3,2022,Model 3,Performance,id2,28,남
162,2026-09-08 22:14:00,14로6902,2026-10-06,본인,삼성화재,"2,421,720","3,096,890","675,170","삼성화재 | 개인용애니카다이렉트자동차보험(플랫폼) | 최종 보험료 | 2,421,720원 | 총 보험료 | 결제 3,096,890원 | 마일리지 환급 675,170원 | 바로 가입하기",Tesla,Model 3,2020,Model 3,Standard Range Plus,id2,28,남
93,2026-09-09 11:17:15,14로6902,2026-10-06,본인,삼성화재,"1,169,120","1,423,050","253,930","삼성화재 | 개인용애니카다이렉트자동차보험(플랫폼) | 최종 보험료 | 1,169,120원 | 총 보험료 | 결제 1,423,050원 | 마일리지 환급 253,930원 | 바로 가입하기",현대,코나,2025,디올뉴 코나 2.0,프리미엄(2WD),id2,28,남
94,2026-09-09 11:18:50,14로6902,2026-10-06,본인,삼성화재,"1,350,980","1,643,760","292,780","삼성화재 | 개인용애니카다이렉트자동차보험(플랫폼) | 최종 보험료 | 1,350,980원 | 총 보험료 | 결제 1,643,760원 | 마일리지 환급 292,780원 | 바로 가입하기",현대,코나,2022,더뉴 코나 2.0,모던(4WD),id2,28,남
95,2026-09-09 11:20:50,14로6902,2026-10-06,본인,삼성화재,"1,155,240","1,404,180","248,940","삼성화재 | 개인용애니카다이렉트자동차보험(플랫폼) | 최종 보험료 | 1,155,240원 | 총 보험료 | 결제 1,404,180원 | 마일리지 환급 248,940원 | 바로 가입하기",현대,코나,2020,더뉴 코나 1.6 터보,인스퍼레이션(4WD),id2,28,남
96,2026-09-09 11:23:51,14로6902,2026-10-06,본인,삼성화재,"1,342,620","1,631,900","289,280","삼성화재 | 개인용애니카다이렉트자동차보험(플랫폼) | 최종 보험료 | 1,342,620원 | 총 보험료 | 결제 1,631,900원 | 마일리지 환급 289,280원 | 바로 가입하기",현대,코나,2017,코나 1.6 터보(4WD),스마트,id2,28,남
97,2026-09-09 11:25:55,14로6902,2026-10-06,본인,삼성화재,"1,020,370","1,241,920","221,550","삼성화재 | 개인용애니카다이렉트자동차보험(플랫폼) | 최종 보험료 | 1,020,370원 | 총 보험료 | 결제 1,241,920원 | 마일리지 환급 221,550원 | 바로 가입하기",기아,셀토스,2026,셀토스 2.0,프레스티지(4WD),id2,28,남
98,2026-09-09 11:27:38,14로6902,2026-10-06,본인,삼성화재,"1,223,510","1,487,250","263,740","삼성화재 | 개인용애니카다이렉트자동차보험(플랫폼) | 최종 보험료 | 1,223,510원 | 총 보험료 | 결제 1,487,250원 | 마일리지 환급 263,740원 | 바로 가입하기",기아,셀토스,2023,셀토스 1.6 디젤,노블레스(4WD),id2,28,남
99,2026-09-09 11:29:40,14로6902,2026-10-06,본인,삼성화재,"1,163,620","1,414,560","250,940","삼성화재 | 개인용애니카다이렉트자동차보험(플랫폼) | 최종 보험료 | 1,163,620원 | 총 보험료 | 결제 1,414,560원 | 마일리지 환급 250,940원 | 바로 가입하기",기아,셀토스,2021,셀토스 1.6 터보,그래비티(4WD),id2,28,남
100,2026-09-09 11:33:18,14로6902,2026-10-06,본인,삼성화재,"1,292,000","1,569,530","277,530","삼성화재 | 개인용애니카다이렉트자동차보험(플랫폼) | 최종 보험료 | 1,292,000원 | 총 보험료 | 결제 1,569,530원 | 마일리지 환급 277,530원 | 바로 가입하기",기아,셀토스,2019,셀토스 1.6 디젤,트렌디(4WD),id2,28,남
101,2026-09-09 11:34:25,14로6902,2026-10-06,본인,삼성화재,"935,010","1,135,650","200,640","삼성화재 | 개인용애니카다이렉트자동차보험(플랫폼) | 최종 보험료 | 935,010원 | 총 보험료 | 결제 1,135,650원 | 마일리지 환급 200,640원 | 바로 가입하기",현대,스타리아,2025,스타리아 투어러,모던(4WD),id2,28,남
102,2026-09-09 11:35:39,14로6902,2026-10-06,본인,삼성화재,"1,219,830","1,480,760","260,930","삼성화재 | 개인용애니카다이렉트자동차보험(플랫폼) | 최종 보험료 | 1,219,830원 | 총 보험료 | 결제 1,480,760원 | 마일리지 환급 260,930원 | 바로 가입하기",현대,스타리아,2022,스타리아 라운지,리무진(2WD),id2,28,남
103,2026-09-09 11:36:48,14로6902,2026-10-06,본인,삼성화재,"1,219,730","1,484,400","264,670","삼성화재 | 개인용애니카다이렉트자동차보험(플랫폼) | 최종 보험료 | 1,219,730원 | 총 보험료 | 결제 1,484,400원 | 마일리지 환급 264,670원 | 바로 가입하기",현대,쏘나타,2024,쏘나타 디 엣지 2.0,익스클루시브,id2,28,남
104,2026-09-09 11:37:55,14로6902,2026-10-06,본인,삼성화재,"1,183,030","1,438,200","255,170","삼성화재 | 개인용애니카다이렉트자동차보험(플랫폼) | 최종 보험료 | 1,183,030원 | 총 보험료 | 결제 1,438,200원 | 마일리지 환급 255,170원 | 바로 가입하기",현대,쏘나타,2021,쏘나타 센슈어스 1.6,프리미엄,id2,28,남
105,2026-09-09 11:40:26,14로6902,2026-10-06,본인,삼성화재,"1,811,270","2,317,430","506,160","삼성화재 | 개인용애니카다이렉트자동차보험(플랫폼) | 최종 보험료 | 1,811,270원 | 총 보험료 | 결제 2,317,430원 | 마일리지 환급 506,160원 | 바로 가입하기",기아,EV4,2026,EV4 GT,오토,id2,28,남
106,2026-09-09 11:41:34,14로6902,2026-10-06,본인,삼성화재,"1,852,570","2,370,400","517,830","삼성화재 | 개인용애니카다이렉트자동차보험(플랫폼) | 최종 보험료 | 1,852,570원 | 총 보험료 | 결제 2,370,400원 | 마일리지 환급 517,830원 | 바로 가입하기",기아,EV5,2025,EV5,롱레인지 어스(2WD),id2,28,남
107,2026-09-09 11:42:41,14로6902,2026-10-06,본인,삼성화재,"1,138,240","1,384,850","246,610","삼성화재 | 개인용애니카다이렉트자동차보험(플랫폼) | 최종 보험료 | 1,138,240원 | 총 보험료 | 결제 1,384,850원 | 마일리지 환급 246,610원 | 바로 가입하기",기아,스포티지,2024,The New 스포티지 가솔린 터보 1.6,프레스티지(4WD),id2,28,남
108,2026-09-09 11:43:55,14로6902,2026-10-06,본인,삼성화재,"1,254,870","1,526,340","271,470","삼성화재 | 개인용애니카다이렉트자동차보험(플랫폼) | 최종 보험료 | 1,254,870원 | 총 보험료 | 결제 1,526,340원 | 마일리지 환급 271,470원 | 바로 가입하기",기아,스포티지,2021,스포티지 더 볼드 누우2.0 가솔린,프레스티지(2WD),id2,28,남
109,2026-09-09 11:45:03,14로6902,2026-10-06,본인,삼성화재,"1,559,030","1,896,410","337,380","삼성화재 | 개인용애니카다이렉트자동차보험(플랫폼) | 최종 보험료 | 1,559,030원 | 총 보험료 | 결제 1,896,410원 | 마일리지 환급 337,380원 | 바로 가입하기",기아,스포티지,2019,THE SUV 스포티지(2WD),프레스티지,id2,28,남
110,2026-09-09 11:47:37,14로6902,2026-10-06,본인,삼성화재,"1,622,510","1,972,470","349,960","삼성화재 | 개인용애니카다이렉트자동차보험(플랫폼) | 최종 보험료 | 1,622,510원 | 총 보험료 | 결제 1,972,470원 | 마일리지 환급 349,960원 | 바로 가입하기",기아,스포티지,2016,THE SUV 스포티지(2WD),노블레스,id2,28,남
111,2026-09-09 11:48:51,14로6902,2026-10-06,본인,삼성화재,"1,381,640","1,680,840","299,200","삼성화재 | 개인용애니카다이렉트자동차보험(플랫폼) | 최종 보험료 | 1,381,640원 | 총 보험료 | 결제 1,680,840원 | 마일리지 환급 299,200원 | 바로 가입하기",삼성,SM5,2020,뉴SM5(신형)2.0,Classic,id2,28,남
112,2026-09-09 11:49:57,14로6902,2026-10-06,본인,삼성화재,"1,455,470","1,768,560","313,090","삼성화재 | 개인용애니카다이렉트자동차보험(플랫폼) | 최종 보험료 | 1,455,470원 | 총 보험료 | 결제 1,768,560원 | 마일리지 환급 313,090원 | 바로 가입하기",삼성,SM5,2017,뉴SM5(신형)1.6,TCE,id2,28,남
113,2026-09-09 11:51:10,14로6902,2026-10-06,본인,삼성화재,"974,690","1,186,220","211,530","삼성화재 | 개인용애니카다이렉트자동차보험(플랫폼) | 최종 보험료 | 974,690원 | 총 보험료 | 결제 1,186,220원 | 마일리지 환급 211,530원 | 바로 가입하기",삼성,그랑 콜레오스,2026,그랑 콜레오스 2.0 터보,테크노,id2,28,남
114,2026-09-09 11:52:26,14로6902,2026-10-06,본인,삼성화재,"1,201,570","1,461,240","259,670","삼성화재 | 개인용애니카다이렉트자동차보험(플랫폼) | 최종 보험료 | 1,201,570원 | 총 보험료 | 결제 1,461,240원 | 마일리지 환급 259,670원 | 바로 가입하기",삼성,그랑 콜레오스,2024,그랑 콜레오스 1.5 하이브리드,아이코닉,id2,28,남
115,2026-09-09 11:54:49,14로6902,2026-10-06,본인,삼성화재,"1,626,390","1,977,970","351,580","삼성화재 | 개인용애니카다이렉트자동차보험(플랫폼) | 최종 보험료 | 1,626,390원 | 총 보험료 | 결제 1,977,970원 | 마일리지 환급 351,580원 | 바로 가입하기",삼성,QM5,2017,뉴QM5 2.0(4WD),LE,id2,28,남
116,2026-09-09 11:56:07,14로6902,2026-10-06,본인,삼성화재,"1,136,310","1,382,880","246,570","삼성화재 | 개인용애니카다이렉트자동차보험(플랫폼) | 최종 보험료 | 1,136,310원 | 총 보험료 | 결제 1,382,880원 | 마일리지 환급 246,570원 | 바로 가입하기",쌍용,티볼리,2025,더 뉴 티볼리 1.6,V3(2WD),id2,28,남
117,2026-09-09 11:57:10,14로6902,2026-10-06,본인,삼성화재,"1,429,000","1,738,000","309,000","삼성화재 | 개인용애니카다이렉트자동차보험(플랫폼) | 최종 보험료 | 1,429,000원 | 총 보험료 | 결제 1,738,000원 | 마일리지 환급 309,000원 | 바로 가입하기",쌍용,티볼리,2022,리스펙 티볼리 1.5,업비트(4WD),id2,28,남
118,2026-09-09 11:58:16,14로6902,2026-10-06,본인,삼성화재,"1,587,900","1,931,460","343,560","삼성화재 | 개인용애니카다이렉트자동차보험(플랫폼) | 최종 보험료 | 1,587,900원 | 총 보험료 | 결제 1,931,460원 | 마일리지 환급 343,560원 | 바로 가입하기",쌍용,티볼리,2019,베리 뉴 티볼리 1.5,V7,id2,28,남
119,2026-09-09 11:59:27,14로6902,2026-10-06,본인,삼성화재,"1,271,120","1,547,380","276,260","삼성화재 | 개인용애니카다이렉트자동차보험(플랫폼) | 최종 보험료 | 1,271,120원 | 총 보험료 | 결제 1,547,380원 | 마일리지 환급 276,260원 | 바로 가입하기",쌍용,토레스,2026,토레스 1.5,TL7,id2,28,남
120,2026-09-09 12:01:56,14로6902,2026-10-06,본인,삼성화재,"1,421,280","1,729,040","307,760","삼성화재 | 개인용애니카다이렉트자동차보험(플랫폼) | 최종 보험료 | 1,421,280원 | 총 보험료 | 결제 1,729,040원 | 마일리지 환급 307,760원 | 바로 가입하기",쌍용,토레스,2023,토레스 1.5,TL5,id2,28,남
121,2026-09-09 12:03:01,14로6902,2026-10-06,본인,삼성화재,"1,182,240","1,438,720","256,480","삼성화재 | 개인용애니카다이렉트자동차보험(플랫폼) | 최종 보험료 | 1,182,240원 | 총 보험료 | 결제 1,438,720원 | 마일리지 환급 256,480원 | 바로 가입하기",대우,트레일블레이저,2025,트레일블레이저 1.35,RS,id2,28,남
122,2026-09-09 12:04:11,14로6902,2026-10-06,본인,삼성화재,"1,154,550","1,403,300","248,750","삼성화재 | 개인용애니카다이렉트자동차보험(플랫폼) | 최종 보험료 | 1,154,550원 | 총 보험료 | 결제 1,403,300원 | 마일리지 환급 248,750원 | 바로 가입하기",대우,트레일블레이저,2022,트레일블레이저 1.2,LS,id2,28,남
123,2026-09-09 12:05:26,14로6902,2026-10-06,본인,삼성화재,"1,827,580","2,337,160","509,580","삼성화재 | 개인용애니카다이렉트자동차보험(플랫폼) | 최종 보험료 | 1,827,580원 | 총 보험료 | 결제 2,337,160원 | 마일리지 환급 509,580원 | 바로 가입하기",BMW,MINI Cooper,2024,Mini Cooper SE,Classic,id2,28,남
124,2026-09-09 12:06:44,14로6902,2026-10-06,본인,삼성화재,"1,738,950","2,113,890","374,940","삼성화재 | 개인용애니카다이렉트자동차보험(플랫폼) | 최종 보험료 | 1,738,950원 | 총 보험료 | 결제 2,113,890원 | 마일리지 환급 374,940원 | 바로 가입하기",BMW,MINI Cooper,2021,New Cooper D,3door,id2,28,남
125,2026-09-09 12:09:16,14로6902,2026-10-06,본인,삼성화재,"1,423,760","1,730,240","306,480","삼성화재 | 개인용애니카다이렉트자동차보험(플랫폼) | 최종 보험료 | 1,423,760원 | 총 보험료 | 결제 1,730,240원 | 마일리지 환급 306,480원 | 바로 가입하기",BMW,MINI Cooper,2018,New Mini Cooper,5door,id2,28,남
126,2026-09-09 12:10:28,14로6902,2026-10-06,본인,삼성화재,"1,232,780","1,501,020","268,240","삼성화재 | 개인용애니카다이렉트자동차보험(플랫폼) | 최종 보험료 | 1,232,780원 | 총 보험료 | 결제 1,501,020원 | 마일리지 환급 268,240원 | 바로 가입하기",Volkswagen,Golf,2026,The Golf 8,GTI,id2,28,남
127,2026-09-09 12:11:43,14로6902,2026-10-06,본인,삼성화재,"1,512,820","1,840,920","328,100","삼성화재 | 개인용애니카다이렉트자동차보험(플랫폼) | 최종 보험료 | 1,512,820원 | 총 보험료 | 결제 1,840,920원 | 마일리지 환급 328,100원 | 바로 가입하기",Volkswagen,Golf,2023,The Golf 8,2.0 TDI Premium,id2,28,남
130,2026-09-09 12:14:29,14로6902,2026-10-06,본인,삼성화재,"2,326,750","2,832,730","505,980","삼성화재 | 개인용애니카다이렉트자동차보험(플랫폼) | 최종 보험료 | 2,326,750원 | 총 보험료 | 결제 2,832,730원 | 마일리지 환급 505,980원 | 바로 가입하기",Audi,A5,2022,A5 40 TDI,Quattro Premium Sportback,id2,28,남
131,2026-09-09 12:15:47,14로6902,2026-10-06,본인,삼성화재,"2,314,090","2,816,910","502,820","삼성화재 | 개인용애니카다이렉트자동차보험(플랫폼) | 최종 보험료 | 2,314,090원 | 총 보험료 | 결제 2,816,910원 | 마일리지 환급 502,820원 | 바로 가입하기",Audi,A5,2020,A5 40 TDI,Quattro Premium Sportback,id2,28,남
132,2026-09-09 12:17:01,14로6902,2026-10-06,본인,삼성화재,"1,367,790","1,749,460","381,670","삼성화재 | 개인용애니카다이렉트자동차보험(플랫폼) | 최종 보험료 | 1,367,790원 | 총 보험료 | 결제 1,749,460원 | 마일리지 환급 381,670원 | 바로 가입하기",BYD,SEALION 7,2026,SEALION 7 Plus,오토,id2,28,남
133,2026-09-09 12:18:06,14로6902,2026-10-06,본인,삼성화재,"1,125,230","1,438,490","313,260","삼성화재 | 개인용애니카다이렉트자동차보험(플랫폼) | 최종 보험료 | 1,125,230원 | 총 보험료 | 결제 1,438,490원 | 마일리지 환급 313,260원 | 바로 가입하기",BYD,DOLPHIN,2026,DOLPHIN,오토,id2,28,남
134,2026-09-09 12:19:20,14로6902,2026-10-06,본인,삼성화재,"1,464,090","1,872,350","408,260","삼성화재 | 개인용애니카다이렉트자동차보험(플랫폼) | 최종 보험료 | 1,464,090원 | 총 보험료 | 결제 1,872,350원 | 마일리지 환급 408,260원 | 바로 가입하기",현대,넥쏘,2025,디 올 뉴 넥쏘,익스클루시브,id2,28,남
135,2026-09-09 12:22:08,14로6902,2026-10-06,본인,삼성화재,"1,767,990","2,259,220","491,230","삼성화재 | 개인용애니카다이렉트자동차보험(플랫폼) | 최종 보험료 | 1,767,990원 | 총 보험료 | 결제 2,259,220원 | 마일리지 환급 491,230원 | 바로 가입하기",현대,넥쏘,2022,넥쏘,모던(2021년),id2,28,남
136,2026-09-09 12:23:19,14로6902,2026-10-06,본인,삼성화재,"1,907,010","2,436,530","529,520","삼성화재 | 개인용애니카다이렉트자동차보험(플랫폼) | 최종 보험료 | 1,907,010원 | 총 보험료 | 결제 2,436,530원 | 마일리지 환급 529,520원 | 바로 가입하기",현대,넥쏘,2019,넥쏘 FCEV,프리미엄,id2,28,남
137,2026-09-09 12:24:36,14로6902,2026-10-06,본인,삼성화재,"1,636,030","2,093,270","457,240","삼성화재 | 개인용애니카다이렉트자동차보험(플랫폼) | 최종 보험료 | 1,636,030원 | 총 보험료 | 결제 2,093,270원 | 마일리지 환급 457,240원 | 바로 가입하기",기아,PV5,2026,PV5 WAV,베이직,id2,28,남
138,2026-09-09 12:25:47,14로6902,2026-10-06,본인,삼성화재,"1,801,510","2,304,940","503,430","삼성화재 | 개인용애니카다이렉트자동차보험(플랫폼) | 최종 보험료 | 1,801,510원 | 총 보험료 | 결제 2,304,940원 | 마일리지 환급 503,430원 | 바로 가입하기",기아,PV5,2025,PV5 패신저,플러스,id2,28,남
109,2026-09-08 20:54:16,14로6902,2026-10-06,본인,하나손해보험,"761,430","993,850","232,420","하나손해보험 | 하나 다이렉트 자동차보험 | 최종 보험료 | 761,430원 | 총 보험료 | 결제 993,850원 | 마일리지 환급 232,420원 | 마일리지 선할인 222,610원 | 바로 가입하기",현대,캐스퍼,2026,더 뉴 캐스퍼 1.0,스마트,id2,28,남
110,2026-09-08 20:56:50,14로6902,2026-10-06,본인,하나손해보험,"855,700","1,115,270","259,570","하나손해보험 | 하나 다이렉트 자동차보험 | 최종 보험료 | 855,700원 | 총 보험료 | 결제 1,115,270원 | 마일리지 환급 259,570원 | 마일리지 선할인 248,610원 | 바로 가입하기",현대,캐스퍼,2023,캐스퍼 1.0,스마트,id2,28,남
111,2026-09-08 20:57:51,14로6902,2026-10-06,본인,하나손해보험,"1,113,320","1,450,200","336,880","하나손해보험 | 하나 다이렉트 자동차보험 | 최종 보험료 | 1,113,320원 | 총 보험료 | 결제 1,450,200원 | 마일리지 환급 336,880원 | 마일리지 선할인 322,670원 | 바로 가입하기",기아,모닝,2020,올뉴 모닝(2017),럭셔리,id2,28,남
112,2026-09-08 20:58:58,14로6902,2026-10-06,본인,하나손해보험,"1,175,420","1,531,590","356,170","하나손해보험 | 하나 다이렉트 자동차보험 | 최종 보험료 | 1,175,420원 | 총 보험료 | 결제 1,531,590원 | 마일리지 환급 356,170원 | 마일리지 선할인 341,140원 | 바로 가입하기",기아,모닝,2017,올뉴 모닝(2017),럭셔리,id2,28,남
113,2026-09-08 21:00:01,14로6902,2026-10-06,본인,하나손해보험,"1,120,060","1,459,030","338,970","하나손해보험 | 하나 다이렉트 자동차보험 | 최종 보험료 | 1,120,060원 | 총 보험료 | 결제 1,459,030원 | 마일리지 환급 338,970원 | 마일리지 선할인 324,670원 | 바로 가입하기",기아,모닝,2014,올뉴 모닝,럭셔리,id2,28,남
114,2026-09-08 21:01:11,14로6902,2026-10-06,본인,하나손해보험,"981,430","1,311,110","329,680","하나손해보험 | 하나 다이렉트 자동차보험 | 최종 보험료 | 981,430원 | 총 보험료 | 결제 1,311,110원 | 마일리지 환급 329,680원 | 마일리지 선할인 316,700원 | 바로 가입하기",현대,아반떼,2026,더 뉴 아반떼1.6 하이브리드(CN7 F/L),스마트,id2,28,남
115,2026-09-08 21:03:48,14로6902,2026-10-06,본인,하나손해보험,"993,000","1,295,220","302,220","하나손해보험 | 하나 다이렉트 자동차보험 | 최종 보험료 | 993,000원 | 총 보험료 | 결제 1,295,220원 | 마일리지 환급 302,220원 | 마일리지 선할인 289,460원 | 바로 가입하기",현대,아반떼,2023,올뉴아반떼1.6(7세대),스마트,id2,28,남
116,2026-09-08 21:05:05,14로6902,2026-10-06,본인,하나손해보험,"1,207,810","1,574,040","366,230","하나손해보험 | 하나 다이렉트 자동차보험 | 최종 보험료 | 1,207,810원 | 총 보험료 | 결제 1,574,040원 | 마일리지 환급 366,230원 | 마일리지 선할인 350,780원 | 바로 가입하기",현대,아반떼,2020,올뉴아반떼1.6(7세대),스마트,id2,28,남
117,2026-09-08 21:06:18,14로6902,2026-10-06,본인,하나손해보험,"1,241,660","1,618,410","376,750","하나손해보험 | 하나 다이렉트 자동차보험 | 최종 보험료 | 1,241,660원 | 총 보험료 | 결제 1,618,410원 | 마일리지 환급 376,750원 | 마일리지 선할인 360,850원 | 바로 가입하기",현대,아반떼,2017,아반떼AD 1.6GDI,밸류플러스,id2,28,남
118,2026-09-08 21:07:31,14로6902,2026-10-06,본인,하나손해보험,"1,228,520","1,601,180","372,660","하나손해보험 | 하나 다이렉트 자동차보험 | 최종 보험료 | 1,228,520원 | 총 보험료 | 결제 1,601,180원 | 마일리지 환급 372,660원 | 마일리지 선할인 356,940원 | 바로 가입하기",현대,아반떼,2014,더 뉴 아반떼1.6GDI,스마트,id2,28,남
119,2026-09-08 21:08:40,14로6902,2026-10-06,본인,하나손해보험,"1,098,130","1,468,620","370,490","하나손해보험 | 하나 다이렉트 자동차보험 | 최종 보험료 | 1,098,130원 | 총 보험료 | 결제 1,468,620원 | 마일리지 환급 370,490원 | 마일리지 선할인 355,900원 | 바로 가입하기",기아,K5,2026,더 뉴 K5 하이브리드,프레스티지,id2,28,남
120,2026-09-08 21:11:00,14로6902,2026-10-06,본인,하나손해보험,"1,259,430","1,682,590","423,160","하나손해보험 | 하나 다이렉트 자동차보험 | 최종 보험료 | 1,259,430원 | 총 보험료 | 결제 1,682,590원 | 마일리지 환급 423,160원 | 마일리지 선할인 406,500원 | 바로 가입하기",기아,K5,2023,더 뉴 K5 하이브리드,프레스티지,id2,28,남
121,2026-09-08 21:12:18,14로6902,2026-10-06,본인,하나손해보험,"1,519,360","1,983,240","463,880","하나손해보험 | 하나 다이렉트 자동차보험 | 최종 보험료 | 1,519,360원 | 총 보험료 | 결제 1,983,240원 | 마일리지 환급 463,880원 | 마일리지 선할인 444,310원 | 바로 가입하기",삼성,SM6,2020,SM6 2.0,LE,id2,28,남
122,2026-09-08 21:13:24,14로6902,2026-10-06,본인,하나손해보험,"1,408,220","1,837,580","429,360","하나손해보험 | 하나 다이렉트 자동차보험 | 최종 보험료 | 1,408,220원 | 총 보험료 | 결제 1,837,580원 | 마일리지 환급 429,360원 | 마일리지 선할인 411,240원 | 바로 가입하기",현대,쏘나타,2017,LF쏘나타2.0,스마트,id2,28,남
123,2026-09-08 21:14:40,14로6902,2026-10-06,본인,하나손해보험,"1,393,160","1,817,840","424,680","하나손해보험 | 하나 다이렉트 자동차보험 | 최종 보험료 | 1,393,160원 | 총 보험료 | 결제 1,817,840원 | 마일리지 환급 424,680원 | 마일리지 선할인 406,760원 | 바로 가입하기",기아,K5,2014,K5 2.0,프레스티지,id2,28,남
124,2026-09-08 21:15:47,14로6902,2026-10-06,본인,하나손해보험,"1,020,910","1,334,910","314,000","하나손해보험 | 하나 다이렉트 자동차보험 | 최종 보험료 | 1,020,910원 | 총 보험료 | 결제 1,334,910원 | 마일리지 환급 314,000원 | 마일리지 선할인 300,750원 | 바로 가입하기",현대,제네시스,2026,제네시스 G80 2.5T(2024년형),2WD,id2,28,남
125,2026-09-08 21:18:16,14로6902,2026-10-06,본인,하나손해보험,"1,288,860","1,684,050","395,190","하나손해보험 | 하나 다이렉트 자동차보험 | 최종 보험료 | 1,288,860원 | 총 보험료 | 결제 1,684,050원 | 마일리지 환급 395,190원 | 마일리지 선할인 378,510원 | 바로 가입하기",현대,제네시스,2023,제네시스 G80 2.5T(3세대),2WD,id2,28,남
126,2026-09-08 21:19:26,14로6902,2026-10-06,본인,하나손해보험,"1,315,660","1,716,270","400,610","하나손해보험 | 하나 다이렉트 자동차보험 | 최종 보험료 | 1,315,660원 | 총 보험료 | 결제 1,716,270원 | 마일리지 환급 400,610원 | 마일리지 선할인 383,710원 | 바로 가입하기",현대,그랜져,2020,그랜져 IG(2019년형),IG240 프리미엄,id2,28,남
127,2026-09-08 21:20:42,14로6902,2026-10-06,본인,하나손해보험,"1,515,250","1,977,860","462,610","하나손해보험 | 하나 다이렉트 자동차보험 | 최종 보험료 | 1,515,250원 | 총 보험료 | 결제 1,977,860원 | 마일리지 환급 462,610원 | 마일리지 선할인 443,090원 | 바로 가입하기",현대,그랜져,2017,그랜져 HG,HG240 모던,id2,28,남
128,2026-09-08 21:21:51,14로6902,2026-10-06,본인,하나손해보험,"1,510,940","1,972,210","461,270","하나손해보험 | 하나 다이렉트 자동차보험 | 최종 보험료 | 1,510,940원 | 총 보험료 | 결제 1,972,210원 | 마일리지 환급 461,270원 | 마일리지 선할인 441,810원 | 바로 가입하기",현대,그랜져,2014,그랜져 HG,HG240 모던,id2,28,남
129,2026-09-08 21:22:58,14로6902,2026-10-06,본인,하나손해보험,"690,770","922,330","231,560","하나손해보험 | 하나 다이렉트 자동차보험 | 최종 보험료 | 690,770원 | 총 보험료 | 결제 922,330원 | 마일리지 환급 231,560원 | 마일리지 선할인 222,440원 | 바로 가입하기",기아,카니발,2026,카니발 1.6 터보 하이브리드(9인승),노블레스(9인승),id2,28,남
130,2026-09-08 21:25:34,14로6902,2026-10-06,본인,하나손해보험,"828,680","1,104,110","275,430","하나손해보험 | 하나 다이렉트 자동차보험 | 최종 보험료 | 828,680원 | 총 보험료 | 결제 1,104,110원 | 마일리지 환급 275,430원 | 마일리지 선할인 264,590원 | 바로 가입하기",기아,카니발,2023,카니발 1.6 터보 하이브리드(9인승),노블레스(9인승),id2,28,남
131,2026-09-08 21:26:46,14로6902,2026-10-06,본인,하나손해보험,"1,081,400","1,408,090","326,690","하나손해보험 | 하나 다이렉트 자동차보험 | 최종 보험료 | 1,081,400원 | 총 보험료 | 결제 1,408,090원 | 마일리지 환급 326,690원 | 마일리지 선할인 312,900원 | 바로 가입하기",기아,카니발,2020,더뉴카니발 R2.2 디젤(9인승),프레스티지,id2,28,남
132,2026-09-08 21:27:56,14로6902,2026-10-06,본인,하나손해보험,"1,111,520","1,447,560","336,040","하나손해보험 | 하나 다이렉트 자동차보험 | 최종 보험료 | 1,111,520원 | 총 보험료 | 결제 1,447,560원 | 마일리지 환급 336,040원 | 마일리지 선할인 321,860원 | 바로 가입하기",기아,카니발,2017,"올뉴카니발2.2(디젤,9인승)",프레스티지,id2,28,남
133,2026-09-08 21:29:10,14로6902,2026-10-06,본인,하나손해보험,"1,120,120","1,458,840","338,720","하나손해보험 | 하나 다이렉트 자동차보험 | 최종 보험료 | 1,120,120원 | 총 보험료 | 결제 1,458,840원 | 마일리지 환급 338,720원 | 마일리지 선할인 324,420원 | 바로 가입하기",현대,싼타페,2014,싼타페 2.0(2WD),프리미엄,id2,28,남
134,2026-09-08 21:30:17,14로6902,2026-10-06,본인,하나손해보험,"1,029,710","1,375,830","346,120","하나손해보험 | 하나 다이렉트 자동차보험 | 최종 보험료 | 1,029,710원 | 총 보험료 | 결제 1,375,830원 | 마일리지 환급 346,120원 | 마일리지 선할인 332,490원 | 바로 가입하기",기아,쏘렌토,2026,더 뉴 쏘렌토 1.6 터보 하이브리드,노블레스(2WD),id2,28,남
135,2026-09-08 21:32:45,14로6902,2026-10-06,본인,하나손해보험,"1,133,160","1,512,160","379,000","하나손해보험 | 하나 다이렉트 자동차보험 | 최종 보험료 | 1,133,160원 | 총 보험료 | 결제 1,512,160원 | 마일리지 환급 379,000원 | 마일리지 선할인 364,070원 | 바로 가입하기",기아,쏘렌토,2023,쏘렌토 하이브리드(4세대),노블레스(2WD),id2,28,남
136,2026-09-08 21:33:53,14로6902,2026-10-06,본인,하나손해보험,"1,248,270","1,663,490","415,220","하나손해보험 | 하나 다이렉트 자동차보험 | 최종 보험료 | 1,248,270원 | 총 보험료 | 결제 1,663,490원 | 마일리지 환급 415,220원 | 마일리지 선할인 398,870원 | 바로 가입하기",기아,NIRO,2020,The New NIRO 1.6(HEV),프레스티지,id2,28,남
137,2026-09-08 21:35:12,14로6902,2026-10-06,본인,하나손해보험,"1,130,070","1,471,880","341,810","하나손해보험 | 하나 다이렉트 자동차보험 | 최종 보험료 | 1,130,070원 | 총 보험료 | 결제 1,471,880원 | 마일리지 환급 341,810원 | 마일리지 선할인 327,380원 | 바로 가입하기",현대,싼타페,2017,싼타페 2.0(2WD),프리미엄,id2,28,남
138,2026-09-08 21:36:21,14로6902,2026-10-06,본인,하나손해보험,"1,440,510","1,879,900","439,390","하나손해보험 | 하나 다이렉트 자동차보험 | 최종 보험료 | 1,440,510원 | 총 보험료 | 결제 1,879,900원 | 마일리지 환급 439,390원 | 마일리지 선할인 420,850원 | 바로 가입하기",기아,스포티지,2014,스포티지R GDI(2WD),럭셔리,id2,28,남
139,2026-09-08 21:37:42,14로6902,2026-10-06,본인,하나손해보험,"1,506,430","1,971,250","464,820","하나손해보험 | 하나 다이렉트 자동차보험 | 최종 보험료 | 1,506,430원 | 총 보험료 | 결제 1,971,250원 | 마일리지 환급 464,820원 | 마일리지 선할인 445,200원 | 바로 가입하기",BMW,5 Series,2026,520i,M Sport Package,id2,28,남
140,2026-09-08 21:40:19,14로6902,2026-10-06,본인,하나손해보험,"1,603,130","2,095,930","492,800","하나손해보험 | 하나 다이렉트 자동차보험 | 최종 보험료 | 1,603,130원 | 총 보험료 | 결제 2,095,930원 | 마일리지 환급 492,800원 | 마일리지 선할인 472,010원 | 바로 가입하기",벤츠,Mercedes Benz E-Class,2023,New E 250,Avantgarde,id2,28,남
141,2026-09-08 21:41:39,14로6902,2026-10-06,본인,하나손해보험,"2,064,620","2,697,870","633,250","하나손해보험 | 하나 다이렉트 자동차보험 | 최종 보험료 | 2,064,620원 | 총 보험료 | 결제 2,697,870원 | 마일리지 환급 633,250원 | 마일리지 선할인 606,530원 | 바로 가입하기",BMW,3 Series,2020,320d,ED (OE),id2,28,남
142,2026-09-08 21:42:58,14로6902,2026-10-06,본인,하나손해보험,"1,862,910","2,433,500","570,590","하나손해보험 | 하나 다이렉트 자동차보험 | 최종 보험료 | 1,862,910원 | 총 보험료 | 결제 2,433,500원 | 마일리지 환급 570,590원 | 마일리지 선할인 546,520원 | 바로 가입하기",BMW,3 Series,2017,320d,ED,id2,28,남
143,2026-09-08 21:44:19,14로6902,2026-10-06,본인,하나손해보험,"2,175,560","2,843,270","667,710","하나손해보험 | 하나 다이렉트 자동차보험 | 최종 보험료 | 2,175,560원 | 총 보험료 | 결제 2,843,270원 | 마일리지 환급 667,710원 | 마일리지 선할인 639,540원 | 바로 가입하기",BMW,5 Series,2014,520d,Luxury,id2,28,남
144,2026-09-08 21:45:30,14로6902,2026-10-06,본인,하나손해보험,"905,610","1,182,810","277,200","하나손해보험 | 하나 다이렉트 자동차보험 | 최종 보험료 | 905,610원 | 총 보험료 | 결제 1,182,810원 | 마일리지 환급 277,200원 | 마일리지 선할인 265,510원 | 바로 가입하기",기아,RAY,2025,THE NEW RAY 1.0,베스트 셀렉션,id2,28,남
146,2026-09-08 21:49:07,14로6902,2026-10-06,본인,하나손해보험,"1,282,480","1,671,910","389,430","하나손해보험 | 하나 다이렉트 자동차보험 | 최종 보험료 | 1,282,480원 | 총 보험료 | 결제 1,671,910원 | 마일리지 환급 389,430원 | 마일리지 선할인 373,000원 | 바로 가입하기",기아,RAY,2019,RAY 밴,VAN,id2,28,남
147,2026-09-08 21:50:20,14로6902,2026-10-06,본인,하나손해보험,"1,209,770","1,582,440","372,670","하나손해보험 | 하나 다이렉트 자동차보험 | 최종 보험료 | 1,209,770원 | 총 보험료 | 결제 1,582,440원 | 마일리지 환급 372,670원 | 마일리지 선할인 356,940원 | 바로 가입하기",현대,투싼,2024,투싼 디젤2.0(4세대),프리미엄(4WD),id2,28,남
148,2026-09-08 21:51:30,14로6902,2026-10-06,본인,하나손해보험,"1,393,310","1,820,940","427,630","하나손해보험 | 하나 다이렉트 자동차보험 | 최종 보험료 | 1,393,310원 | 총 보험료 | 결제 1,820,940원 | 마일리지 환급 427,630원 | 마일리지 선할인 409,590원 | 바로 가입하기",현대,투싼,2021,투싼 디젤2.0(4세대),모던(4WD),id2,28,남
149,2026-09-08 21:52:49,14로6902,2026-10-06,본인,하나손해보험,"1,278,380","1,666,530","388,150","하나손해보험 | 하나 다이렉트 자동차보험 | 최종 보험료 | 1,278,380원 | 총 보험료 | 결제 1,666,530원 | 마일리지 환급 388,150원 | 마일리지 선할인 371,770원 | 바로 가입하기",현대,투싼,2018,올뉴투싼 1.6터보 GDI,스마트,id2,28,남
150,2026-09-08 21:55:21,14로6902,2026-10-06,본인,하나손해보험,"1,529,330","2,046,630","517,300","하나손해보험 | 하나 다이렉트 자동차보험 | 최종 보험료 | 1,529,330원 | 총 보험료 | 결제 2,046,630원 | 마일리지 환급 517,300원 | 마일리지 선할인 496,940원 | 바로 가입하기",현대,아이오닉,2026,더 뉴 아이오닉 5,AWD,id2,28,남
151,2026-09-08 21:56:41,14로6902,2026-10-06,본인,하나손해보험,"1,495,980","1,999,680","503,700","하나손해보험 | 하나 다이렉트 자동차보험 | 최종 보험료 | 1,495,980원 | 총 보험료 | 결제 1,999,680원 | 마일리지 환급 503,700원 | 마일리지 선할인 483,870원 | 바로 가입하기",현대,아이오닉,2023,더 뉴 아이오닉 일렉트릭,엔,id2,28,남
152,2026-09-08 21:57:55,14로6902,2026-10-06,본인,하나손해보험,"1,398,960","1,865,490","466,530","하나손해보험 | 하나 다이렉트 자동차보험 | 최종 보험료 | 1,398,960원 | 총 보험료 | 결제 1,865,490원 | 마일리지 환급 466,530원 | 마일리지 선할인 448,160원 | 바로 가입하기",현대,아이오닉,2020,더 뉴 아이오닉 플러그인 하이브리드,큐,id2,28,남
153,2026-09-08 21:59:09,14로6902,2026-10-06,본인,하나손해보험,"1,278,060","1,671,940","393,880","하나손해보험 | 하나 다이렉트 자동차보험 | 최종 보험료 | 1,278,060원 | 총 보험료 | 결제 1,671,940원 | 마일리지 환급 393,880원 | 마일리지 선할인 377,260원 | 바로 가입하기",기아,K9,2025,THE K9 3.8 GDI,플래티넘(AWD),id2,28,남
154,2026-09-08 22:00:25,14로6902,2026-10-06,본인,하나손해보험,"1,700,630","2,223,720","523,090","하나손해보험 | 하나 다이렉트 자동차보험 | 최종 보험료 | 1,700,630원 | 총 보험료 | 결제 2,223,720원 | 마일리지 환급 523,090원 | 마일리지 선할인 501,020원 | 바로 가입하기",기아,K9,2022,THE K9 3.8 GDI,마스터즈(AWD),id2,28,남
155,2026-09-08 22:03:01,14로6902,2026-10-06,본인,하나손해보험,"1,875,030","2,449,390","574,360","하나손해보험 | 하나 다이렉트 자동차보험 | 최종 보험료 | 1,875,030원 | 총 보험료 | 결제 2,449,390원 | 마일리지 환급 574,360원 | 마일리지 선할인 550,130원 | 바로 가입하기",기아,K9,2019,K9 5.0,퀀텀,id2,28,남
156,2026-09-08 22:04:50,14로6902,2026-10-06,본인,하나손해보험,"893,420","1,167,610","274,190","하나손해보험 | 하나 다이렉트 자동차보험 | 최종 보험료 | 893,420원 | 총 보험료 | 결제 1,167,610원 | 마일리지 환급 274,190원 | 마일리지 선할인 262,620원 | 바로 가입하기",현대,팰리세이드,2024,팰리세이드 2.2D(22.05.19~),캘리그래피(4WD),id2,28,남
157,2026-09-08 22:06:08,14로6902,2026-10-06,본인,하나손해보험,"1,042,470","1,360,150","317,680","하나손해보험 | 하나 다이렉트 자동차보험 | 최종 보험료 | 1,042,470원 | 총 보험료 | 결제 1,360,150원 | 마일리지 환급 317,680원 | 마일리지 선할인 304,270원 | 바로 가입하기",현대,팰리세이드,2021,팰리세이드 3.8(2WD),프레스티지,id2,28,남
158,2026-09-08 22:07:21,14로6902,2026-10-06,본인,하나손해보험,"1,231,110","1,604,300","373,190","하나손해보험 | 하나 다이렉트 자동차보험 | 최종 보험료 | 1,231,110원 | 총 보험료 | 결제 1,604,300원 | 마일리지 환급 373,190원 | 마일리지 선할인 357,440원 | 바로 가입하기",현대,팰리세이드,2018,팰리세이드 2.2(4WD),프레스티지,id2,28,남
159,2026-09-08 22:08:45,14로6902,2026-10-06,본인,하나손해보험,"2,554,190","3,420,440","866,250","하나손해보험 | 하나 다이렉트 자동차보험 | 최종 보험료 | 2,554,190원 | 총 보험료 | 결제 3,420,440원 | 마일리지 환급 866,250원 | 마일리지 선할인 832,150원 | 바로 가입하기",Tesla,Model 3,2026,Model 3,Long Range(2022~),id2,28,남
160,2026-09-08 22:11:20,14로6902,2026-10-06,본인,하나손해보험,"2,244,670","3,005,530","760,860","하나손해보험 | 하나 다이렉트 자동차보험 | 최종 보험료 | 2,244,670원 | 총 보험료 | 결제 3,005,530원 | 마일리지 환급 760,860원 | 마일리지 선할인 730,910원 | 바로 가입하기",Tesla,Model 3,2024,Model 3 Premium Long Range AWD,오토,id2,28,남
161,2026-09-08 22:12:37,14로6902,2026-10-06,본인,하나손해보험,"3,090,260","4,136,790","1,046,530","하나손해보험 | 하나 다이렉트 자동차보험 | 최종 보험료 | 3,090,260원 | 총 보험료 | 결제 4,136,790원 | 마일리지 환급 1,046,530원 | 마일리지 선할인 1,005,330원 | 바로 가입하기",Tesla,Model 3,2022,Model 3,Performance,id2,28,남
162,2026-09-08 22:14:00,14로6902,2026-10-06,본인,하나손해보험,"2,633,260","3,521,010","887,750","하나손해보험 | 하나 다이렉트 자동차보험 | 최종 보험료 | 2,633,260원 | 총 보험료 | 결제 3,521,010원 | 마일리지 환급 887,750원 | 마일리지 선할인 852,800원 | 바로 가입하기",Tesla,Model 3,2020,Model 3,Standard Range Plus,id2,28,남
93,2026-09-09 11:17:15,14로6902,2026-10-06,본인,하나손해보험,"1,088,200","1,423,110","334,910","하나손해보험 | 하나 다이렉트 자동차보험 | 최종 보험료 | 1,088,200원 | 총 보험료 | 결제 1,423,110원 | 마일리지 환급 334,910원 | 마일리지 선할인 320,780원 | 바로 가입하기",현대,코나,2025,디올뉴 코나 2.0,프리미엄(2WD),id2,28,남
94,2026-09-09 11:18:50,14로6902,2026-10-06,본인,하나손해보험,"1,206,150","1,575,650","369,500","하나손해보험 | 하나 다이렉트 자동차보험 | 최종 보험료 | 1,206,150원 | 총 보험료 | 결제 1,575,650원 | 마일리지 환급 369,500원 | 마일리지 선할인 353,910원 | 바로 가입하기",현대,코나,2022,더뉴 코나 2.0,모던(4WD),id2,28,남
95,2026-09-09 11:20:50,14로6902,2026-10-06,본인,하나손해보험,"1,194,010","1,555,960","361,950","하나손해보험 | 하나 다이렉트 자동차보험 | 최종 보험료 | 1,194,010원 | 총 보험료 | 결제 1,555,960원 | 마일리지 환급 361,950원 | 마일리지 선할인 346,670원 | 바로 가입하기",현대,코나,2020,더뉴 코나 1.6 터보,인스퍼레이션(4WD),id2,28,남
96,2026-09-09 11:23:51,14로6902,2026-10-06,본인,하나손해보험,"1,350,130","1,760,570","410,440","하나손해보험 | 하나 다이렉트 자동차보험 | 최종 보험료 | 1,350,130원 | 총 보험료 | 결제 1,760,570원 | 마일리지 환급 410,440원 | 마일리지 선할인 393,120원 | 바로 가입하기",현대,코나,2017,코나 1.6 터보(4WD),스마트,id2,28,남
97,2026-09-09 11:25:55,14로6902,2026-10-06,본인,하나손해보험,"964,430","1,260,890","296,460","하나손해보험 | 하나 다이렉트 자동차보험 | 최종 보험료 | 964,430원 | 총 보험료 | 결제 1,260,890원 | 마일리지 환급 296,460원 | 마일리지 선할인 283,950원 | 바로 가입하기",기아,셀토스,2026,셀토스 2.0,프레스티지(4WD),id2,28,남
98,2026-09-09 11:27:38,14로6902,2026-10-06,본인,하나손해보험,"1,131,090","1,476,200","345,110","하나손해보험 | 하나 다이렉트 자동차보험 | 최종 보험료 | 1,131,090원 | 총 보험료 | 결제 1,476,200원 | 마일리지 환급 345,110원 | 마일리지 선할인 330,550원 | 바로 가입하기",기아,셀토스,2023,셀토스 1.6 디젤,노블레스(4WD),id2,28,남
99,2026-09-09 11:29:40,14로6902,2026-10-06,본인,하나손해보험,"1,232,450","1,609,040","376,590","하나손해보험 | 하나 다이렉트 자동차보험 | 최종 보험료 | 1,232,450원 | 총 보험료 | 결제 1,609,040원 | 마일리지 환급 376,590원 | 마일리지 선할인 360,700원 | 바로 가입하기",기아,셀토스,2021,셀토스 1.6 터보,그래비티(4WD),id2,28,남
100,2026-09-09 11:33:18,14로6902,2026-10-06,본인,하나손해보험,"1,295,740","1,689,280","393,540","하나손해보험 | 하나 다이렉트 자동차보험 | 최종 보험료 | 1,295,740원 | 총 보험료 | 결제 1,689,280원 | 마일리지 환급 393,540원 | 마일리지 선할인 376,940원 | 바로 가입하기",기아,셀토스,2019,셀토스 1.6 디젤,트렌디(4WD),id2,28,남
101,2026-09-09 11:34:25,14로6902,2026-10-06,본인,하나손해보험,"683,310","892,240","208,930","하나손해보험 | 하나 다이렉트 자동차보험 | 최종 보험료 | 683,310원 | 총 보험료 | 결제 892,240원 | 마일리지 환급 208,930원 | 마일리지 선할인 200,110원 | 바로 가입하기",현대,스타리아,2025,스타리아 투어러,모던(4WD),id2,28,남
102,2026-09-09 11:35:39,14로6902,2026-10-06,본인,하나손해보험,"991,380","1,293,190","301,810","하나손해보험 | 하나 다이렉트 자동차보험 | 최종 보험료 | 991,380원 | 총 보험료 | 결제 1,293,190원 | 마일리지 환급 301,810원 | 마일리지 선할인 289,070원 | 바로 가입하기",현대,스타리아,2022,스타리아 라운지,리무진(2WD),id2,28,남
103,2026-09-09 11:36:48,14로6902,2026-10-06,본인,하나손해보험,"1,129,120","1,476,740","347,620","하나손해보험 | 하나 다이렉트 자동차보험 | 최종 보험료 | 1,129,120원 | 총 보험료 | 결제 1,476,740원 | 마일리지 환급 347,620원 | 마일리지 선할인 332,950원 | 바로 가입하기",현대,쏘나타,2024,쏘나타 디 엣지 2.0,익스클루시브,id2,28,남
104,2026-09-09 11:37:55,14로6902,2026-10-06,본인,하나손해보험,"1,299,490","1,696,910","397,420","하나손해보험 | 하나 다이렉트 자동차보험 | 최종 보험료 | 1,299,490원 | 총 보험료 | 결제 1,696,910원 | 마일리지 환급 397,420원 | 마일리지 선할인 380,650원 | 바로 가입하기",현대,쏘나타,2021,쏘나타 센슈어스 1.6,프리미엄,id2,28,남
105,2026-09-09 11:40:26,14로6902,2026-10-06,본인,하나손해보험,"1,519,520","2,033,490","513,970","하나손해보험 | 하나 다이렉트 자동차보험 | 최종 보험료 | 1,519,520원 | 총 보험료 | 결제 2,033,490원 | 마일리지 환급 513,970원 | 마일리지 선할인 493,730원 | 바로 가입하기",기아,EV4,2026,EV4 GT,오토,id2,28,남
106,2026-09-09 11:41:34,14로6902,2026-10-06,본인,하나손해보험,"1,512,730","2,024,380","511,650","하나손해보험 | 하나 다이렉트 자동차보험 | 최종 보험료 | 1,512,730원 | 총 보험료 | 결제 2,024,380원 | 마일리지 환급 511,650원 | 마일리지 선할인 491,510원 | 바로 가입하기",기아,EV5,2025,EV5,롱레인지 어스(2WD),id2,28,남
107,2026-09-09 11:42:41,14로6902,2026-10-06,본인,하나손해보험,"1,016,470","1,328,110","311,640","하나손해보험 | 하나 다이렉트 자동차보험 | 최종 보험료 | 1,016,470원 | 총 보험료 | 결제 1,328,110원 | 마일리지 환급 311,640원 | 마일리지 선할인 298,490원 | 바로 가입하기",기아,스포티지,2024,The New 스포티지 가솔린 터보 1.6,프레스티지(4WD),id2,28,남
108,2026-09-09 11:43:55,14로6902,2026-10-06,본인,하나손해보험,"1,270,290","1,659,710","389,420","하나손해보험 | 하나 다이렉트 자동차보험 | 최종 보험료 | 1,270,290원 | 총 보험료 | 결제 1,659,710원 | 마일리지 환급 389,420원 | 마일리지 선할인 372,990원 | 바로 가입하기",기아,스포티지,2021,스포티지 더 볼드 누우2.0 가솔린,프레스티지(2WD),id2,28,남
109,2026-09-09 11:45:03,14로6902,2026-10-06,본인,하나손해보험,"1,504,770","1,964,120","459,350","하나손해보험 | 하나 다이렉트 자동차보험 | 최종 보험료 | 1,504,770원 | 총 보험료 | 결제 1,964,120원 | 마일리지 환급 459,350원 | 마일리지 선할인 439,970원 | 바로 가입하기",기아,스포티지,2019,THE SUV 스포티지(2WD),프레스티지,id2,28,남
110,2026-09-09 11:47:37,14로6902,2026-10-06,본인,하나손해보험,"1,550,650","2,024,250","473,600","하나손해보험 | 하나 다이렉트 자동차보험 | 최종 보험료 | 1,550,650원 | 총 보험료 | 결제 2,024,250원 | 마일리지 환급 473,600원 | 마일리지 선할인 453,620원 | 바로 가입하기",기아,스포티지,2016,THE SUV 스포티지(2WD),노블레스,id2,28,남
111,2026-09-09 11:48:51,14로6902,2026-10-06,본인,하나손해보험,"1,360,020","1,774,410","414,390","하나손해보험 | 하나 다이렉트 자동차보험 | 최종 보험료 | 1,360,020원 | 총 보험료 | 결제 1,774,410원 | 마일리지 환급 414,390원 | 마일리지 선할인 396,900원 | 바로 가입하기",삼성,SM5,2020,뉴SM5(신형)2.0,Classic,id2,28,남
112,2026-09-09 11:49:57,14로6902,2026-10-06,본인,하나손해보험,"1,499,470","1,957,170","457,700","하나손해보험 | 하나 다이렉트 자동차보험 | 최종 보험료 | 1,499,470원 | 총 보험료 | 결제 1,957,170원 | 마일리지 환급 457,700원 | 마일리지 선할인 438,390원 | 바로 가입하기",삼성,SM5,2017,뉴SM5(신형)1.6,TCE,id2,28,남
113,2026-09-09 11:51:10,14로6902,2026-10-06,본인,하나손해보험,"1,122,710","1,468,340","345,630","하나손해보험 | 하나 다이렉트 자동차보험 | 최종 보험료 | 1,122,710원 | 총 보험료 | 결제 1,468,340원 | 마일리지 환급 345,630원 | 마일리지 선할인 331,040원 | 바로 가입하기",삼성,그랑 콜레오스,2026,그랑 콜레오스 2.0 터보,테크노,id2,28,남
114,2026-09-09 11:52:26,14로6902,2026-10-06,본인,하나손해보험,"1,288,810","1,723,140","434,330","하나손해보험 | 하나 다이렉트 자동차보험 | 최종 보험료 | 1,288,810원 | 총 보험료 | 결제 1,723,140원 | 마일리지 환급 434,330원 | 마일리지 선할인 417,230원 | 바로 가입하기",삼성,그랑 콜레오스,2024,그랑 콜레오스 1.5 하이브리드,아이코닉,id2,28,남
115,2026-09-09 11:54:49,14로6902,2026-10-06,본인,하나손해보험,"1,621,510","2,117,120","495,610","하나손해보험 | 하나 다이렉트 자동차보험 | 최종 보험료 | 1,621,510원 | 총 보험료 | 결제 2,117,120원 | 마일리지 환급 495,610원 | 마일리지 선할인 474,700원 | 바로 가입하기",삼성,QM5,2017,뉴QM5 2.0(4WD),LE,id2,28,남
116,2026-09-09 11:56:07,14로6902,2026-10-06,본인,하나손해보험,"1,031,080","1,347,260","316,180","하나손해보험 | 하나 다이렉트 자동차보험 | 최종 보험료 | 1,031,080원 | 총 보험료 | 결제 1,347,260원 | 마일리지 환급 316,180원 | 마일리지 선할인 302,840원 | 바로 가입하기",쌍용,티볼리,2025,더 뉴 티볼리 1.6,V3(2WD),id2,28,남
117,2026-09-09 11:57:10,14로6902,2026-10-06,본인,하나손해보험,"1,413,610","1,846,470","432,860","하나손해보험 | 하나 다이렉트 자동차보험 | 최종 보험료 | 1,413,610원 | 총 보험료 | 결제 1,846,470원 | 마일리지 환급 432,860원 | 마일리지 선할인 414,600원 | 바로 가입하기",쌍용,티볼리,2022,리스펙 티볼리 1.5,업비트(4WD),id2,28,남
118,2026-09-09 11:58:16,14로6902,2026-10-06,본인,하나손해보험,"1,511,120","1,971,560","460,440","하나손해보험 | 하나 다이렉트 자동차보험 | 최종 보험료 | 1,511,120원 | 총 보험료 | 결제 1,971,560원 | 마일리지 환급 460,440원 | 마일리지 선할인 441,020원 | 바로 가입하기",쌍용,티볼리,2019,베리 뉴 티볼리 1.5,V7,id2,28,남
119,2026-09-09 11:59:27,14로6902,2026-10-06,본인,하나손해보험,"1,249,540","1,633,580","384,040","하나손해보험 | 하나 다이렉트 자동차보험 | 최종 보험료 | 1,249,540원 | 총 보험료 | 결제 1,633,580원 | 마일리지 환급 384,040원 | 마일리지 선할인 367,830원 | 바로 가입하기",쌍용,토레스,2026,토레스 1.5,TL7,id2,28,남
120,2026-09-09 12:01:56,14로6902,2026-10-06,본인,하나손해보험,"1,332,050","1,739,580","407,530","하나손해보험 | 하나 다이렉트 자동차보험 | 최종 보험료 | 1,332,050원 | 총 보험료 | 결제 1,739,580원 | 마일리지 환급 407,530원 | 마일리지 선할인 390,330원 | 바로 가입하기",쌍용,토레스,2023,토레스 1.5,TL5,id2,28,남
121,2026-09-09 12:03:01,14로6902,2026-10-06,본인,하나손해보험,"1,081,990","1,413,980","331,990","하나손해보험 | 하나 다이렉트 자동차보험 | 최종 보험료 | 1,081,990원 | 총 보험료 | 결제 1,413,980원 | 마일리지 환급 331,990원 | 마일리지 선할인 317,980원 | 바로 가입하기",대우,트레일블레이저,2025,트레일블레이저 1.35,RS,id2,28,남
122,2026-09-09 12:04:11,14로6902,2026-10-06,본인,하나손해보험,"1,227,780","1,602,920","375,140","하나손해보험 | 하나 다이렉트 자동차보험 | 최종 보험료 | 1,227,780원 | 총 보험료 | 결제 1,602,920원 | 마일리지 환급 375,140원 | 마일리지 선할인 359,310원 | 바로 가입하기",대우,트레일블레이저,2022,트레일블레이저 1.2,LS,id2,28,남
123,2026-09-09 12:05:26,14로6902,2026-10-06,본인,하나손해보험,"2,002,810","2,681,330","678,520","하나손해보험 | 하나 다이렉트 자동차보험 | 최종 보험료 | 2,002,810원 | 총 보험료 | 결제 2,681,330원 | 마일리지 환급 678,520원 | 마일리지 선할인 651,800원 | 바로 가입하기",BMW,MINI Cooper,2024,Mini Cooper SE,Classic,id2,28,남
124,2026-09-09 12:06:44,14로6902,2026-10-06,본인,하나손해보험,"1,961,900","2,565,070","603,170","하나손해보험 | 하나 다이렉트 자동차보험 | 최종 보험료 | 1,961,900원 | 총 보험료 | 결제 2,565,070원 | 마일리지 환급 603,170원 | 마일리지 선할인 577,720원 | 바로 가입하기",BMW,MINI Cooper,2021,New Cooper D,3door,id2,28,남
125,2026-09-09 12:09:16,14로6902,2026-10-06,본인,하나손해보험,"1,777,460","2,320,640","543,180","하나손해보험 | 하나 다이렉트 자동차보험 | 최종 보험료 | 1,777,460원 | 총 보험료 | 결제 2,320,640원 | 마일리지 환급 543,180원 | 마일리지 선할인 520,260원 | 바로 가입하기",BMW,MINI Cooper,2018,New Mini Cooper,5door,id2,28,남
126,2026-09-09 12:10:28,14로6902,2026-10-06,본인,하나손해보험,"1,316,320","1,722,080","405,760","하나손해보험 | 하나 다이렉트 자동차보험 | 최종 보험료 | 1,316,320원 | 총 보험료 | 결제 1,722,080원 | 마일리지 환급 405,760원 | 마일리지 선할인 388,640원 | 바로 가입하기",Volkswagen,Golf,2026,The Golf 8,GTI,id2,28,남
127,2026-09-09 12:11:43,14로6902,2026-10-06,본인,하나손해보험,"1,488,140","1,945,230","457,090","하나손해보험 | 하나 다이렉트 자동차보험 | 최종 보험료 | 1,488,140원 | 총 보험료 | 결제 1,945,230원 | 마일리지 환급 457,090원 | 마일리지 선할인 437,800원 | 바로 가입하기",Volkswagen,Golf,2023,The Golf 8,2.0 TDI Premium,id2,28,남
130,2026-09-09 12:14:29,14로6902,2026-10-06,본인,하나손해보험,"2,264,980","2,963,360","698,380","하나손해보험 | 하나 다이렉트 자동차보험 | 최종 보험료 | 2,264,980원 | 총 보험료 | 결제 2,963,360원 | 마일리지 환급 698,380원 | 마일리지 선할인 668,920원 | 바로 가입하기",Audi,A5,2022,A5 40 TDI,Quattro Premium Sportback,id2,28,남
131,2026-09-09 12:15:47,14로6902,2026-10-06,본인,하나손해보험,"2,263,400","2,958,400","695,000","하나손해보험 | 하나 다이렉트 자동차보험 | 최종 보험료 | 2,263,400원 | 총 보험료 | 결제 2,958,400원 | 마일리지 환급 695,000원 | 마일리지 선할인 665,670원 | 바로 가입하기",Audi,A5,2020,A5 40 TDI,Quattro Premium Sportback,id2,28,남
132,2026-09-09 12:17:01,14로6902,2026-10-06,본인,하나손해보험,"1,405,120","1,880,130","475,010","하나손해보험 | 하나 다이렉트 자동차보험 | 최종 보험료 | 1,405,120원 | 총 보험료 | 결제 1,880,130원 | 마일리지 환급 475,010원 | 마일리지 선할인 456,310원 | 바로 가입하기",BYD,SEALION 7,2026,SEALION 7 Plus,오토,id2,28,남
133,2026-09-09 12:18:06,14로6902,2026-10-06,본인,하나손해보험,"1,211,250","1,620,250","409,000","하나손해보험 | 하나 다이렉트 자동차보험 | 최종 보험료 | 1,211,250원 | 총 보험료 | 결제 1,620,250원 | 마일리지 환급 409,000원 | 마일리지 선할인 392,900원 | 바로 가입하기",BYD,DOLPHIN,2026,DOLPHIN,오토,id2,28,남
134,2026-09-09 12:19:20,14로6902,2026-10-06,본인,하나손해보험,"1,508,890","2,019,230","510,340","하나손해보험 | 하나 다이렉트 자동차보험 | 최종 보험료 | 1,508,890원 | 총 보험료 | 결제 2,019,230원 | 마일리지 환급 510,340원 | 마일리지 선할인 490,250원 | 바로 가입하기",현대,넥쏘,2025,디 올 뉴 넥쏘,익스클루시브,id2,28,남
135,2026-09-09 12:22:08,14로6902,2026-10-06,본인,하나손해보험,"1,898,510","2,539,270","640,760","하나손해보험 | 하나 다이렉트 자동차보험 | 최종 보험료 | 1,898,510원 | 총 보험료 | 결제 2,539,270원 | 마일리지 환급 640,760원 | 마일리지 선할인 615,530원 | 바로 가입하기",현대,넥쏘,2022,넥쏘,모던(2021년),id2,28,남
136,2026-09-09 12:23:19,14로6902,2026-10-06,본인,하나손해보험,"1,954,420","2,611,040","656,620","하나손해보험 | 하나 다이렉트 자동차보험 | 최종 보험료 | 1,954,420원 | 총 보험료 | 결제 2,611,040원 | 마일리지 환급 656,620원 | 마일리지 선할인 630,770원 | 바로 가입하기",현대,넥쏘,2019,넥쏘 FCEV,프리미엄,id2,28,남
137,2026-09-09 12:24:36,14로6902,2026-10-06,본인,하나손해보험,"1,363,830","1,824,790","460,960","하나손해보험 | 하나 다이렉트 자동차보험 | 최종 보험료 | 1,363,830원 | 총 보험료 | 결제 1,824,790원 | 마일리지 환급 460,960원 | 마일리지 선할인 442,810원 | 바로 가입하기",기아,PV5,2026,PV5 WAV,베이직,id2,28,남
138,2026-09-09 12:25:47,14로6902,2026-10-06,본인,하나손해보험,"1,462,070","1,956,470","494,400","하나손해보험 | 하나 다이렉트 자동차보험 | 최종 보험료 | 1,462,070원 | 총 보험료 | 결제 1,956,470원 | 마일리지 환급 494,400원 | 마일리지 선할인 474,940원 | 바로 가입하기",기아,PV5,2025,PV5 패신저,플러스,id2,28,남
109,2026-09-08 20:54:16,14로6902,2026-10-06,본인,한화손보,"884,780","1,126,730","241,950","한화손보 | 캐롯 자동차보험 | 최종 보험료 | 884,780원 | 총 보험료 | 결제 1,126,730원 | 마일리지 환급 241,950원 | 월 납입 시 136,460원 | 바로 가입하기",현대,캐스퍼,2026,더 뉴 캐스퍼 1.0,스마트,id2,28,남
110,2026-09-08 20:56:50,14로6902,2026-10-06,본인,한화손보,"971,800","1,077,280","105,480","한화손보 | 캐롯 자동차보험 | 최종 보험료 | 971,800원 | 총 보험료 | 결제 1,077,280원 | 마일리지 환급 105,480원 | 월 납입 시 163,630원 | 바로 가입하기",현대,캐스퍼,2023,캐스퍼 1.0,스마트,id2,28,남
111,2026-09-08 20:57:51,14로6902,2026-10-06,본인,한화손보,"1,225,920","1,359,130","133,210","한화손보 | 캐롯 자동차보험 | 최종 보험료 | 1,225,920원 | 총 보험료 | 결제 1,359,130원 | 마일리지 환급 133,210원 | 월 납입 시 205,310원 | 바로 가입하기",기아,모닝,2020,올뉴 모닝(2017),럭셔리,id2,28,남
112,2026-09-08 20:58:58,14로6902,2026-10-06,본인,한화손보,"1,261,910","1,399,180","137,270","한화손보 | 캐롯 자동차보험 | 최종 보험료 | 1,261,910원 | 총 보험료 | 결제 1,399,180원 | 마일리지 환급 137,270원 | 월 납입 시 210,300원 | 바로 가입하기",기아,모닝,2017,올뉴 모닝(2017),럭셔리,id2,28,남
113,2026-09-08 21:00:01,14로6902,2026-10-06,본인,한화손보,"1,462,720","1,622,580","159,860","한화손보 | 캐롯 자동차보험 | 최종 보험료 | 1,462,720원 | 총 보험료 | 결제 1,622,580원 | 마일리지 환급 159,860원 | 월 납입 시 238,030원 | 바로 가입하기",기아,모닝,2014,올뉴 모닝,럭셔리,id2,28,남
114,2026-09-08 21:01:11,14로6902,2026-10-06,본인,한화손보,"1,160,690","1,480,510","319,820","한화손보 | 캐롯 자동차보험 | 최종 보험료 | 1,160,690원 | 총 보험료 | 결제 1,480,510원 | 마일리지 환급 319,820원 | 월 납입 시 171,350원 | 바로 가입하기",현대,아반떼,2026,더 뉴 아반떼1.6 하이브리드(CN7 F/L),스마트,id2,28,남
115,2026-09-08 21:03:48,14로6902,2026-10-06,본인,한화손보,"1,299,180","1,442,530","143,350","한화손보 | 캐롯 자동차보험 | 최종 보험료 | 1,299,180원 | 총 보험료 | 결제 1,442,530원 | 마일리지 환급 143,350원 | 월 납입 시 200,740원 | 바로 가입하기",현대,아반떼,2023,올뉴아반떼1.6(7세대),스마트,id2,28,남
116,2026-09-08 21:05:05,14로6902,2026-10-06,본인,한화손보,"1,352,740","1,501,280","148,540","한화손보 | 캐롯 자동차보험 | 최종 보험료 | 1,352,740원 | 총 보험료 | 결제 1,501,280원 | 마일리지 환급 148,540원 | 월 납입 시 214,560원 | 바로 가입하기",현대,아반떼,2020,올뉴아반떼1.6(7세대),스마트,id2,28,남
117,2026-09-08 21:06:18,14로6902,2026-10-06,본인,한화손보,"1,488,340","1,652,140","163,800","한화손보 | 캐롯 자동차보험 | 최종 보험료 | 1,488,340원 | 총 보험료 | 결제 1,652,140원 | 마일리지 환급 163,800원 | 월 납입 시 233,300원 | 바로 가입하기",현대,아반떼,2017,아반떼AD 1.6GDI,밸류플러스,id2,28,남
118,2026-09-08 21:07:31,14로6902,2026-10-06,본인,한화손보,"1,651,840","1,834,040","182,200","한화손보 | 캐롯 자동차보험 | 최종 보험료 | 1,651,840원 | 총 보험료 | 결제 1,834,040원 | 마일리지 환급 182,200원 | 월 납입 시 255,970원 | 바로 가입하기",현대,아반떼,2014,더 뉴 아반떼1.6GDI,스마트,id2,28,남
119,2026-09-08 21:08:40,14로6902,2026-10-06,본인,한화손보,"975,150","1,243,780","268,630","한화손보 | 캐롯 자동차보험 | 최종 보험료 | 975,150원 | 총 보험료 | 결제 1,243,780원 | 마일리지 환급 268,630원 | 월 납입 시 144,060원 | 바로 가입하기",기아,K5,2026,더 뉴 K5 하이브리드,프레스티지,id2,28,남
120,2026-09-08 21:11:00,14로6902,2026-10-06,본인,한화손보,"1,113,640","1,236,360","122,720","한화손보 | 캐롯 자동차보험 | 최종 보험료 | 1,113,640원 | 총 보험료 | 결제 1,236,360원 | 마일리지 환급 122,720원 | 월 납입 시 173,170원 | 바로 가입하기",기아,K5,2023,더 뉴 K5 하이브리드,프레스티지,id2,28,남
121,2026-09-08 21:12:18,14로6902,2026-10-06,본인,한화손보,"1,303,260","1,446,430","143,170","한화손보 | 캐롯 자동차보험 | 최종 보험료 | 1,303,260원 | 총 보험료 | 결제 1,446,430원 | 마일리지 환급 143,170원 | 월 납입 시 206,070원 | 바로 가입하기",삼성,SM6,2020,SM6 2.0,LE,id2,28,남
122,2026-09-08 21:13:24,14로6902,2026-10-06,본인,한화손보,"1,324,260","1,469,790","145,530","한화손보 | 캐롯 자동차보험 | 최종 보험료 | 1,324,260원 | 총 보험료 | 결제 1,469,790원 | 마일리지 환급 145,530원 | 월 납입 시 209,160원 | 바로 가입하기",현대,쏘나타,2017,LF쏘나타2.0,스마트,id2,28,남
123,2026-09-08 21:14:40,14로6902,2026-10-06,본인,한화손보,"1,428,220","1,585,450","157,230","한화손보 | 캐롯 자동차보험 | 최종 보험료 | 1,428,220원 | 총 보험료 | 결제 1,585,450원 | 마일리지 환급 157,230원 | 월 납입 시 223,450원 | 바로 가입하기",기아,K5,2014,K5 2.0,프레스티지,id2,28,남
124,2026-09-08 21:15:47,14로6902,2026-10-06,본인,한화손보,"924,400","1,179,010","254,610","한화손보 | 캐롯 자동차보험 | 최종 보험료 | 924,400원 | 총 보험료 | 결제 1,179,010원 | 마일리지 환급 254,610원 | 월 납입 시 136,590원 | 바로 가입하기",현대,제네시스,2026,제네시스 G80 2.5T(2024년형),2WD,id2,28,남
125,2026-09-08 21:18:16,14로6902,2026-10-06,본인,한화손보,"1,307,830","1,452,550","144,720","한화손보 | 캐롯 자동차보험 | 최종 보험료 | 1,307,830원 | 총 보험료 | 결제 1,452,550원 | 마일리지 환급 144,720원 | 월 납입 시 198,520원 | 바로 가입하기",현대,제네시스,2023,제네시스 G80 2.5T(3세대),2WD,id2,28,남
126,2026-09-08 21:19:26,14로6902,2026-10-06,본인,한화손보,"1,228,460","1,363,350","134,890","한화손보 | 캐롯 자동차보험 | 최종 보험료 | 1,228,460원 | 총 보험료 | 결제 1,363,350원 | 마일리지 환급 134,890원 | 월 납입 시 194,830원 | 바로 가입하기",현대,그랜져,2020,그랜져 IG(2019년형),IG240 프리미엄,id2,28,남
127,2026-09-08 21:20:42,14로6902,2026-10-06,본인,한화손보,"1,498,940","1,664,270","165,330","한화손보 | 캐롯 자동차보험 | 최종 보험료 | 1,498,940원 | 총 보험료 | 결제 1,664,270원 | 마일리지 환급 165,330원 | 월 납입 시 232,180원 | 바로 가입하기",현대,그랜져,2017,그랜져 HG,HG240 모던,id2,28,남
128,2026-09-08 21:21:51,14로6902,2026-10-06,본인,한화손보,"1,539,330","1,709,210","169,880","한화손보 | 캐롯 자동차보험 | 최종 보험료 | 1,539,330원 | 총 보험료 | 결제 1,709,210원 | 마일리지 환급 169,880원 | 월 납입 시 237,730원 | 바로 가입하기",현대,그랜져,2014,그랜져 HG,HG240 모던,id2,28,남
129,2026-09-08 21:22:58,14로6902,2026-10-06,본인,한화손보,"890,490","1,135,130","244,640","한화손보 | 캐롯 자동차보험 | 최종 보험료 | 890,490원 | 총 보험료 | 결제 1,135,130원 | 마일리지 환급 244,640원 | 월 납입 시 133,540원 | 바로 가입하기",기아,카니발,2026,카니발 1.6 터보 하이브리드(9인승),노블레스(9인승),id2,28,남
130,2026-09-08 21:25:34,14로6902,2026-10-06,본인,한화손보,"1,114,230","1,236,870","122,640","한화손보 | 캐롯 자동차보험 | 최종 보험료 | 1,114,230원 | 총 보험료 | 결제 1,236,870원 | 마일리지 환급 122,640원 | 월 납입 시 174,260원 | 바로 가입하기",기아,카니발,2023,카니발 1.6 터보 하이브리드(9인승),노블레스(9인승),id2,28,남
131,2026-09-08 21:26:46,14로6902,2026-10-06,본인,한화손보,"1,486,560","1,650,080","163,520","한화손보 | 캐롯 자동차보험 | 최종 보험료 | 1,486,560원 | 총 보험료 | 결제 1,650,080원 | 마일리지 환급 163,520원 | 월 납입 시 233,350원 | 바로 가입하기",기아,카니발,2020,더뉴카니발 R2.2 디젤(9인승),프레스티지,id2,28,남
132,2026-09-08 21:27:56,14로6902,2026-10-06,본인,한화손보,"1,472,410","1,634,340","161,930","한화손보 | 캐롯 자동차보험 | 최종 보험료 | 1,472,410원 | 총 보험료 | 결제 1,634,340원 | 마일리지 환급 161,930원 | 월 납입 시 231,450원 | 바로 가입하기",기아,카니발,2017,"올뉴카니발2.2(디젤,9인승)",프레스티지,id2,28,남
133,2026-09-08 21:29:10,14로6902,2026-10-06,본인,한화손보,"1,538,320","1,707,670","169,350","한화손보 | 캐롯 자동차보험 | 최종 보험료 | 1,538,320원 | 총 보험료 | 결제 1,707,670원 | 마일리지 환급 169,350원 | 월 납입 시 240,640원 | 바로 가입하기",현대,싼타페,2014,싼타페 2.0(2WD),프리미엄,id2,28,남
134,2026-09-08 21:30:17,14로6902,2026-10-06,본인,한화손보,"1,053,040","1,342,850","289,810","한화손보 | 캐롯 자동차보험 | 최종 보험료 | 1,053,040원 | 총 보험료 | 결제 1,342,850원 | 마일리지 환급 289,810원 | 월 납입 시 156,490원 | 바로 가입하기",기아,쏘렌토,2026,더 뉴 쏘렌토 1.6 터보 하이브리드,노블레스(2WD),id2,28,남
135,2026-09-08 21:32:45,14로6902,2026-10-06,본인,한화손보,"1,421,390","1,578,500","157,110","한화손보 | 캐롯 자동차보험 | 최종 보험료 | 1,421,390원 | 총 보험료 | 결제 1,578,500원 | 마일리지 환급 157,110원 | 월 납입 시 217,450원 | 바로 가입하기",기아,쏘렌토,2023,쏘렌토 하이브리드(4세대),노블레스(2WD),id2,28,남
136,2026-09-08 21:33:53,14로6902,2026-10-06,본인,한화손보,"1,434,950","1,592,740","157,790","한화손보 | 캐롯 자동차보험 | 최종 보험료 | 1,434,950원 | 총 보험료 | 결제 1,592,740원 | 마일리지 환급 157,790원 | 월 납입 시 225,920원 | 바로 가입하기",기아,NIRO,2020,The New NIRO 1.6(HEV),프레스티지,id2,28,남
137,2026-09-08 21:35:12,14로6902,2026-10-06,본인,한화손보,"1,493,620","1,657,940","164,320","한화손보 | 캐롯 자동차보험 | 최종 보험료 | 1,493,620원 | 총 보험료 | 결제 1,657,940원 | 마일리지 환급 164,320원 | 월 납입 시 234,460원 | 바로 가입하기",현대,싼타페,2017,싼타페 2.0(2WD),프리미엄,id2,28,남
138,2026-09-08 21:36:21,14로6902,2026-10-06,본인,한화손보,"1,434,610","1,592,560","157,950","한화손보 | 캐롯 자동차보험 | 최종 보험료 | 1,434,610원 | 총 보험료 | 결제 1,592,560원 | 마일리지 환급 157,950원 | 월 납입 시 224,420원 | 바로 가입하기",기아,스포티지,2014,스포티지R GDI(2WD),럭셔리,id2,28,남
139,2026-09-08 21:37:42,14로6902,2026-10-06,본인,한화손보,"1,608,810","2,054,090","445,280","한화손보 | 캐롯 자동차보험 | 최종 보험료 | 1,608,810원 | 총 보험료 | 결제 2,054,090원 | 마일리지 환급 445,280원 | 월 납입 시 230,600원 | 바로 가입하기",BMW,5 Series,2026,520i,M Sport Package,id2,28,남
140,2026-09-08 21:40:19,14로6902,2026-10-06,본인,한화손보,"1,611,870","1,790,660","178,790","한화손보 | 캐롯 자동차보험 | 최종 보험료 | 1,611,870원 | 총 보험료 | 결제 1,790,660원 | 마일리지 환급 178,790원 | 월 납입 시 241,110원 | 바로 가입하기",벤츠,Mercedes Benz E-Class,2023,New E 250,Avantgarde,id2,28,남
141,2026-09-08 21:41:39,14로6902,2026-10-06,본인,한화손보,"1,820,620","2,022,010","201,390","한화손보 | 캐롯 자동차보험 | 최종 보험료 | 1,820,620원 | 총 보험료 | 결제 2,022,010원 | 마일리지 환급 201,390원 | 월 납입 시 276,770원 | 바로 가입하기",BMW,3 Series,2020,320d,ED (OE),id2,28,남
142,2026-09-08 21:42:58,14로6902,2026-10-06,본인,한화손보,"1,835,230","2,038,260","203,030","한화손보 | 캐롯 자동차보험 | 최종 보험료 | 1,835,230원 | 총 보험료 | 결제 2,038,260원 | 마일리지 환급 203,030원 | 월 납입 시 278,950원 | 바로 가입하기",BMW,3 Series,2017,320d,ED,id2,28,남
143,2026-09-08 21:44:19,14로6902,2026-10-06,본인,한화손보,"2,246,540","2,495,860","249,320","한화손보 | 캐롯 자동차보험 | 최종 보험료 | 2,246,540원 | 총 보험료 | 결제 2,495,860원 | 마일리지 환급 249,320원 | 월 납입 시 335,390원 | 바로 가입하기",BMW,5 Series,2014,520d,Luxury,id2,28,남
144,2026-09-08 21:45:30,14로6902,2026-10-06,본인,한화손보,"1,067,080","1,185,030","117,950","한화손보 | 캐롯 자동차보험 | 최종 보험료 | 1,067,080원 | 총 보험료 | 결제 1,185,030원 | 마일리지 환급 117,950원 | 월 납입 시 163,460원 | 바로 가입하기",기아,RAY,2025,THE NEW RAY 1.0,베스트 셀렉션,id2,28,남
146,2026-09-08 21:49:07,14로6902,2026-10-06,본인,한화손보,"1,775,820","1,970,920","195,100","한화손보 | 캐롯 자동차보험 | 최종 보험료 | 1,775,820원 | 총 보험료 | 결제 1,970,920원 | 마일리지 환급 195,100원 | 월 납입 시 281,160원 | 바로 가입하기",기아,RAY,2019,RAY 밴,VAN,id2,28,남
147,2026-09-08 21:50:20,14로6902,2026-10-06,본인,한화손보,"1,153,100","1,281,040","127,940","한화손보 | 캐롯 자동차보험 | 최종 보험료 | 1,153,100원 | 총 보험료 | 결제 1,281,040원 | 마일리지 환급 127,940원 | 월 납입 시 172,600원 | 바로 가입하기",현대,투싼,2024,투싼 디젤2.0(4세대),프리미엄(4WD),id2,28,남
148,2026-09-08 21:51:30,14로6902,2026-10-06,본인,한화손보,"1,270,690","1,411,090","140,400","한화손보 | 캐롯 자동차보험 | 최종 보험료 | 1,270,690원 | 총 보험료 | 결제 1,411,090원 | 마일리지 환급 140,400원 | 월 납입 시 194,810원 | 바로 가입하기",현대,투싼,2021,투싼 디젤2.0(4세대),모던(4WD),id2,28,남
149,2026-09-08 21:52:49,14로6902,2026-10-06,본인,한화손보,"1,385,220","1,537,410","152,190","한화손보 | 캐롯 자동차보험 | 최종 보험료 | 1,385,220원 | 총 보험료 | 결제 1,537,410원 | 마일리지 환급 152,190원 | 월 납입 시 219,090원 | 바로 가입하기",현대,투싼,2018,올뉴투싼 1.6터보 GDI,스마트,id2,28,남
150,2026-09-08 21:55:21,14로6902,2026-10-06,본인,한화손보,"1,629,120","2,079,490","450,370","한화손보 | 캐롯 자동차보험 | 최종 보험료 | 1,629,120원 | 총 보험료 | 결제 2,079,490원 | 마일리지 환급 450,370원 | 월 납입 시 235,460원 | 바로 가입하기",현대,아이오닉,2026,더 뉴 아이오닉 5,AWD,id2,28,남
151,2026-09-08 21:56:41,14로6902,2026-10-06,본인,한화손보,"1,369,770","1,520,860","151,090","한화손보 | 캐롯 자동차보험 | 최종 보험료 | 1,369,770원 | 총 보험료 | 결제 1,520,860원 | 마일리지 환급 151,090원 | 월 납입 시 211,920원 | 바로 가입하기",현대,아이오닉,2023,더 뉴 아이오닉 일렉트릭,엔,id2,28,남
152,2026-09-08 21:57:55,14로6902,2026-10-06,본인,한화손보,"1,577,220","1,751,020","173,800","한화손보 | 캐롯 자동차보험 | 최종 보험료 | 1,577,220원 | 총 보험료 | 결제 1,751,020원 | 마일리지 환급 173,800원 | 월 납입 시 245,360원 | 바로 가입하기",현대,아이오닉,2020,더 뉴 아이오닉 플러그인 하이브리드,큐,id2,28,남
153,2026-09-08 21:59:09,14로6902,2026-10-06,본인,한화손보,"1,018,700","1,131,930","113,230","한화손보 | 캐롯 자동차보험 | 최종 보험료 | 1,018,700원 | 총 보험료 | 결제 1,131,930원 | 마일리지 환급 113,230원 | 월 납입 시 150,780원 | 바로 가입하기",기아,K9,2025,THE K9 3.8 GDI,플래티넘(AWD),id2,28,남
154,2026-09-08 22:00:25,14로6902,2026-10-06,본인,한화손보,"1,530,510","1,700,290","169,780","한화손보 | 캐롯 자동차보험 | 최종 보험료 | 1,530,510원 | 총 보험료 | 결제 1,700,290원 | 마일리지 환급 169,780원 | 월 납입 시 229,000원 | 바로 가입하기",기아,K9,2022,THE K9 3.8 GDI,마스터즈(AWD),id2,28,남
155,2026-09-08 22:03:01,14로6902,2026-10-06,본인,한화손보,"1,873,170","2,080,610","207,440","한화손보 | 캐롯 자동차보험 | 최종 보험료 | 1,873,170원 | 총 보험료 | 결제 2,080,610원 | 마일리지 환급 207,440원 | 월 납입 시 283,010원 | 바로 가입하기",기아,K9,2019,K9 5.0,퀀텀,id2,28,남
156,2026-09-08 22:04:50,14로6902,2026-10-06,본인,한화손보,"934,220","1,037,480","103,260","한화손보 | 캐롯 자동차보험 | 최종 보험료 | 934,220원 | 총 보험료 | 결제 1,037,480원 | 마일리지 환급 103,260원 | 월 납입 시 142,700원 | 바로 가입하기",현대,팰리세이드,2024,팰리세이드 2.2D(22.05.19~),캘리그래피(4WD),id2,28,남
157,2026-09-08 22:06:08,14로6902,2026-10-06,본인,한화손보,"992,960","1,101,950","108,990","한화손보 | 캐롯 자동차보험 | 최종 보험료 | 992,960원 | 총 보험료 | 결제 1,101,950원 | 마일리지 환급 108,990원 | 월 납입 시 157,600원 | 바로 가입하기",현대,팰리세이드,2021,팰리세이드 3.8(2WD),프레스티지,id2,28,남
158,2026-09-08 22:07:21,14로6902,2026-10-06,본인,한화손보,"1,557,940","1,729,490","171,550","한화손보 | 캐롯 자동차보험 | 최종 보험료 | 1,557,940원 | 총 보험료 | 결제 1,729,490원 | 마일리지 환급 171,550원 | 월 납입 시 242,910원 | 바로 가입하기",현대,팰리세이드,2018,팰리세이드 2.2(4WD),프레스티지,id2,28,남
159,2026-09-08 22:08:45,14로6902,2026-10-06,본인,한화손보,"2,601,930","3,323,370","721,440","한화손보 | 캐롯 자동차보험 | 최종 보험료 | 2,601,930원 | 총 보험료 | 결제 3,323,370원 | 마일리지 환급 721,440원 | 월 납입 시 368,700원 | 바로 가입하기",Tesla,Model 3,2026,Model 3,Long Range(2022~),id2,28,남
160,2026-09-08 22:11:20,14로6902,2026-10-06,본인,한화손보,"2,443,100","2,715,810","272,710","한화손보 | 캐롯 자동차보험 | 최종 보험료 | 2,443,100원 | 총 보험료 | 결제 2,715,810원 | 마일리지 환급 272,710원 | 월 납입 시 352,070원 | 바로 가입하기",Tesla,Model 3,2024,Model 3 Premium Long Range AWD,오토,id2,28,남
161,2026-09-08 22:12:37,14로6902,2026-10-06,본인,한화손보,"2,846,380","3,163,530","317,150","한화손보 | 캐롯 자동차보험 | 최종 보험료 | 2,846,380원 | 총 보험료 | 결제 3,163,530원 | 마일리지 환급 317,150원 | 월 납입 시 414,670원 | 바로 가입하기",Tesla,Model 3,2022,Model 3,Performance,id2,28,남
162,2026-09-08 22:14:00,14로6902,2026-10-06,본인,한화손보,"2,532,700","2,813,460","280,760","한화손보 | 캐롯 자동차보험 | 최종 보험료 | 2,532,700원 | 총 보험료 | 결제 2,813,460원 | 마일리지 환급 280,760원 | 월 납입 시 380,150원 | 바로 가입하기",Tesla,Model 3,2020,Model 3,Standard Range Plus,id2,28,남
93,2026-09-09 11:17:15,14로6902,2026-10-06,본인,한화손보,"1,008,600","1,120,630","112,030","한화손보 | 캐롯 자동차보험 | 최종 보험료 | 1,008,600원 | 총 보험료 | 결제 1,120,630원 | 마일리지 환급 112,030원 | 월 납입 시 150,070원 | 바로 가입하기",현대,코나,2025,디올뉴 코나 2.0,프리미엄(2WD),id2,28,남
94,2026-09-09 11:18:50,14로6902,2026-10-06,본인,한화손보,"1,153,680","1,280,910","127,230","한화손보 | 캐롯 자동차보험 | 최종 보험료 | 1,153,680원 | 총 보험료 | 결제 1,280,910원 | 마일리지 환급 127,230원 | 월 납입 시 178,710원 | 바로 가입하기",현대,코나,2022,더뉴 코나 2.0,모던(4WD),id2,28,남
95,2026-09-09 11:20:50,14로6902,2026-10-06,본인,한화손보,"1,302,810","1,445,730","142,920","한화손보 | 캐롯 자동차보험 | 최종 보험료 | 1,302,810원 | 총 보험료 | 결제 1,445,730원 | 마일리지 환급 142,920원 | 월 납입 시 207,630원 | 바로 가입하기",현대,코나,2020,더뉴 코나 1.6 터보,인스퍼레이션(4WD),id2,28,남
96,2026-09-09 11:23:51,14로6902,2026-10-06,본인,한화손보,"1,467,110","1,628,520","161,410","한화손보 | 캐롯 자동차보험 | 최종 보험료 | 1,467,110원 | 총 보험료 | 결제 1,628,520원 | 마일리지 환급 161,410원 | 월 납입 시 230,350원 | 바로 가입하기",현대,코나,2017,코나 1.6 터보(4WD),스마트,id2,28,남
97,2026-09-09 11:25:55,14로6902,2026-10-06,본인,한화손보,"934,760","1,192,140","257,380","한화손보 | 캐롯 자동차보험 | 최종 보험료 | 934,760원 | 총 보험료 | 결제 1,192,140원 | 마일리지 환급 257,380원 | 월 납입 시 138,590원 | 바로 가입하기",기아,셀토스,2026,셀토스 2.0,프레스티지(4WD),id2,28,남
98,2026-09-09 11:27:38,14로6902,2026-10-06,본인,한화손보,"1,301,620","1,445,250","143,630","한화손보 | 캐롯 자동차보험 | 최종 보험료 | 1,301,620원 | 총 보험료 | 결제 1,445,250원 | 마일리지 환급 143,630원 | 월 납입 시 201,040원 | 바로 가입하기",기아,셀토스,2023,셀토스 1.6 디젤,노블레스(4WD),id2,28,남
99,2026-09-09 11:29:40,14로6902,2026-10-06,본인,한화손보,"1,295,810","1,438,790","142,980","한화손보 | 캐롯 자동차보험 | 최종 보험료 | 1,295,810원 | 총 보험료 | 결제 1,438,790원 | 마일리지 환급 142,980원 | 월 납입 시 200,200원 | 바로 가입하기",기아,셀토스,2021,셀토스 1.6 터보,그래비티(4WD),id2,28,남
100,2026-09-09 11:33:18,14로6902,2026-10-06,본인,한화손보,"1,268,460","1,407,510","139,050","한화손보 | 캐롯 자동차보험 | 최종 보험료 | 1,268,460원 | 총 보험료 | 결제 1,407,510원 | 마일리지 환급 139,050원 | 월 납입 시 202,980원 | 바로 가입하기",기아,셀토스,2019,셀토스 1.6 디젤,트렌디(4WD),id2,28,남
101,2026-09-09 11:34:25,14로6902,2026-10-06,본인,한화손보,"785,140","871,890","86,750","한화손보 | 캐롯 자동차보험 | 최종 보험료 | 785,140원 | 총 보험료 | 결제 871,890원 | 마일리지 환급 86,750원 | 월 납입 시 120,260원 | 바로 가입하기",현대,스타리아,2025,스타리아 투어러,모던(4WD),id2,28,남
102,2026-09-09 11:35:39,14로6902,2026-10-06,본인,한화손보,"1,076,790","1,195,210","118,420","한화손보 | 캐롯 자동차보험 | 최종 보험료 | 1,076,790원 | 총 보험료 | 결제 1,195,210원 | 마일리지 환급 118,420원 | 월 납입 시 169,110원 | 바로 가입하기",현대,스타리아,2022,스타리아 라운지,리무진(2WD),id2,28,남
103,2026-09-09 11:36:48,14로6902,2026-10-06,본인,한화손보,"1,151,950","1,279,760","127,810","한화손보 | 캐롯 자동차보험 | 최종 보험료 | 1,151,950원 | 총 보험료 | 결제 1,279,760원 | 마일리지 환급 127,810원 | 월 납입 시 172,330원 | 바로 가입하기",현대,쏘나타,2024,쏘나타 디 엣지 2.0,익스클루시브,id2,28,남
104,2026-09-09 11:37:55,14로6902,2026-10-06,본인,한화손보,"1,385,290","1,538,340","153,050","한화손보 | 캐롯 자동차보험 | 최종 보험료 | 1,385,290원 | 총 보험료 | 결제 1,538,340원 | 마일리지 환급 153,050원 | 월 납입 시 212,340원 | 바로 가입하기",현대,쏘나타,2021,쏘나타 센슈어스 1.6,프리미엄,id2,28,남
105,2026-09-09 11:40:26,14로6902,2026-10-06,본인,한화손보,"1,685,180","2,151,050","465,870","한화손보 | 캐롯 자동차보험 | 최종 보험료 | 1,685,180원 | 총 보험료 | 결제 2,151,050원 | 마일리지 환급 465,870원 | 월 납입 시 243,560원 | 바로 가입하기",기아,EV4,2026,EV4 GT,오토,id2,28,남
106,2026-09-09 11:41:34,14로6902,2026-10-06,본인,한화손보,"1,331,620","1,479,680","148,060","한화손보 | 캐롯 자동차보험 | 최종 보험료 | 1,331,620원 | 총 보험료 | 결제 1,479,680원 | 마일리지 환급 148,060원 | 월 납입 시 196,810원 | 바로 가입하기",기아,EV5,2025,EV5,롱레인지 어스(2WD),id2,28,남
107,2026-09-09 11:42:41,14로6902,2026-10-06,본인,한화손보,"1,318,700","1,465,070","146,370","한화손보 | 캐롯 자동차보험 | 최종 보험료 | 1,318,700원 | 총 보험료 | 결제 1,465,070원 | 마일리지 환급 146,370원 | 월 납입 시 197,120원 | 바로 가입하기",기아,스포티지,2024,The New 스포티지 가솔린 터보 1.6,프레스티지(4WD),id2,28,남
108,2026-09-09 11:43:55,14로6902,2026-10-06,본인,한화손보,"1,083,120","1,202,410","119,290","한화손보 | 캐롯 자동차보험 | 최종 보험료 | 1,083,120원 | 총 보험료 | 결제 1,202,410원 | 마일리지 환급 119,290원 | 월 납입 시 169,110원 | 바로 가입하기",기아,스포티지,2021,스포티지 더 볼드 누우2.0 가솔린,프레스티지(2WD),id2,28,남
109,2026-09-09 11:45:03,14로6902,2026-10-06,본인,한화손보,"1,294,770","1,436,980","142,210","한화손보 | 캐롯 자동차보험 | 최종 보험료 | 1,294,770원 | 총 보험료 | 결제 1,436,980원 | 마일리지 환급 142,210원 | 월 납입 시 205,100원 | 바로 가입하기",기아,스포티지,2019,THE SUV 스포티지(2WD),프레스티지,id2,28,남
110,2026-09-09 11:47:37,14로6902,2026-10-06,본인,한화손보,"1,446,930","1,606,270","159,340","한화손보 | 캐롯 자동차보험 | 최종 보험료 | 1,446,930원 | 총 보험료 | 결제 1,606,270원 | 마일리지 환급 159,340원 | 월 납입 시 226,020원 | 바로 가입하기",기아,스포티지,2016,THE SUV 스포티지(2WD),노블레스,id2,28,남
111,2026-09-09 11:48:51,14로6902,2026-10-06,본인,한화손보,"1,155,210","1,281,720","126,510","한화손보 | 캐롯 자동차보험 | 최종 보험료 | 1,155,210원 | 총 보험료 | 결제 1,281,720원 | 마일리지 환급 126,510원 | 월 납입 시 185,790원 | 바로 가입하기",삼성,SM5,2020,뉴SM5(신형)2.0,Classic,id2,28,남
112,2026-09-09 11:49:57,14로6902,2026-10-06,본인,한화손보,"1,254,270","1,391,920","137,650","한화손보 | 캐롯 자동차보험 | 최종 보험료 | 1,254,270원 | 총 보험료 | 결제 1,391,920원 | 마일리지 환급 137,650원 | 월 납입 시 199,400원 | 바로 가입하기",삼성,SM5,2017,뉴SM5(신형)1.6,TCE,id2,28,남
113,2026-09-09 11:51:10,14로6902,2026-10-06,본인,한화손보,"1,045,260","1,333,440","288,180","한화손보 | 캐롯 자동차보험 | 최종 보험료 | 1,045,260원 | 총 보험료 | 결제 1,333,440원 | 마일리지 환급 288,180원 | 월 납입 시 153,630원 | 바로 가입하기",삼성,그랑 콜레오스,2026,그랑 콜레오스 2.0 터보,테크노,id2,28,남
114,2026-09-09 11:52:26,14로6902,2026-10-06,본인,한화손보,"1,699,120","1,888,300","189,180","한화손보 | 캐롯 자동차보험 | 최종 보험료 | 1,699,120원 | 총 보험료 | 결제 1,888,300원 | 마일리지 환급 189,180원 | 월 납입 시 249,130원 | 바로 가입하기",삼성,그랑 콜레오스,2024,그랑 콜레오스 1.5 하이브리드,아이코닉,id2,28,남
115,2026-09-09 11:54:49,14로6902,2026-10-06,본인,한화손보,"1,412,910","1,568,420","155,510","한화손보 | 캐롯 자동차보험 | 최종 보험료 | 1,412,910원 | 총 보험료 | 결제 1,568,420원 | 마일리지 환급 155,510원 | 월 납입 시 221,290원 | 바로 가입하기",삼성,QM5,2017,뉴QM5 2.0(4WD),LE,id2,28,남
116,2026-09-09 11:56:07,14로6902,2026-10-06,본인,한화손보,"1,193,120","1,325,690","132,570","한화손보 | 캐롯 자동차보험 | 최종 보험료 | 1,193,120원 | 총 보험료 | 결제 1,325,690원 | 마일리지 환급 132,570원 | 월 납입 시 177,180원 | 바로 가입하기",쌍용,티볼리,2025,더 뉴 티볼리 1.6,V3(2WD),id2,28,남
117,2026-09-09 11:57:10,14로6902,2026-10-06,본인,한화손보,"1,654,830","1,838,210","183,380","한화손보 | 캐롯 자동차보험 | 최종 보험료 | 1,654,830원 | 총 보험료 | 결제 1,838,210원 | 마일리지 환급 183,380원 | 월 납입 시 249,510원 | 바로 가입하기",쌍용,티볼리,2022,리스펙 티볼리 1.5,업비트(4WD),id2,28,남
118,2026-09-09 11:58:16,14로6902,2026-10-06,본인,한화손보,"1,680,160","1,865,540","185,380","한화손보 | 캐롯 자동차보험 | 최종 보험료 | 1,680,160원 | 총 보험료 | 결제 1,865,540원 | 마일리지 환급 185,380원 | 월 납입 시 259,550원 | 바로 가입하기",쌍용,티볼리,2019,베리 뉴 티볼리 1.5,V7,id2,28,남
119,2026-09-09 11:59:27,14로6902,2026-10-06,본인,한화손보,"1,210,370","1,544,040","333,670","한화손보 | 캐롯 자동차보험 | 최종 보험료 | 1,210,370원 | 총 보험료 | 결제 1,544,040원 | 마일리지 환급 333,670원 | 월 납입 시 178,070원 | 바로 가입하기",쌍용,토레스,2026,토레스 1.5,TL7,id2,28,남
120,2026-09-09 12:01:56,14로6902,2026-10-06,본인,한화손보,"1,579,370","1,754,250","174,880","한화손보 | 캐롯 자동차보험 | 최종 보험료 | 1,579,370원 | 총 보험료 | 결제 1,754,250원 | 마일리지 환급 174,880원 | 월 납입 시 239,140원 | 바로 가입하기",쌍용,토레스,2023,토레스 1.5,TL5,id2,28,남
121,2026-09-09 12:03:01,14로6902,2026-10-06,본인,한화손보,"1,064,990","1,183,140","118,150","한화손보 | 캐롯 자동차보험 | 최종 보험료 | 1,064,990원 | 총 보험료 | 결제 1,183,140원 | 마일리지 환급 118,150원 | 월 납입 시 159,510원 | 바로 가입하기",대우,트레일블레이저,2025,트레일블레이저 1.35,RS,id2,28,남
122,2026-09-09 12:04:11,14로6902,2026-10-06,본인,한화손보,"1,263,870","1,403,250","139,380","한화손보 | 캐롯 자동차보험 | 최종 보험료 | 1,263,870원 | 총 보험료 | 결제 1,403,250원 | 마일리지 환급 139,380원 | 월 납입 시 195,890원 | 바로 가입하기",대우,트레일블레이저,2022,트레일블레이저 1.2,LS,id2,28,남
123,2026-09-09 12:05:26,14로6902,2026-10-06,본인,한화손보,"1,859,440","2,066,470","207,030","한화손보 | 캐롯 자동차보험 | 최종 보험료 | 1,859,440원 | 총 보험료 | 결제 2,066,470원 | 마일리지 환급 207,030원 | 월 납입 시 272,310원 | 바로 가입하기",BMW,MINI Cooper,2024,Mini Cooper SE,Classic,id2,28,남
124,2026-09-09 12:06:44,14로6902,2026-10-06,본인,한화손보,"1,946,820","2,163,050","216,230","한화손보 | 캐롯 자동차보험 | 최종 보험료 | 1,946,820원 | 총 보험료 | 결제 2,163,050원 | 마일리지 환급 216,230원 | 월 납입 시 289,420원 | 바로 가입하기",BMW,MINI Cooper,2021,New Cooper D,3door,id2,28,남
125,2026-09-09 12:09:16,14로6902,2026-10-06,본인,한화손보,"1,682,520","1,868,170","185,650","한화손보 | 캐롯 자동차보험 | 최종 보험료 | 1,682,520원 | 총 보험료 | 결제 1,868,170원 | 마일리지 환급 185,650원 | 월 납입 시 259,630원 | 바로 가입하기",BMW,MINI Cooper,2018,New Mini Cooper,5door,id2,28,남
126,2026-09-09 12:10:28,14로6902,2026-10-06,본인,한화손보,"1,157,510","1,476,980","319,470","한화손보 | 캐롯 자동차보험 | 최종 보험료 | 1,157,510원 | 총 보험료 | 결제 1,476,980원 | 마일리지 환급 319,470원 | 월 납입 시 168,840원 | 바로 가입하기",Volkswagen,Golf,2026,The Golf 8,GTI,id2,28,남
127,2026-09-09 12:11:43,14로6902,2026-10-06,본인,한화손보,"1,270,390","1,410,750","140,360","한화손보 | 캐롯 자동차보험 | 최종 보험료 | 1,270,390원 | 총 보험료 | 결제 1,410,750원 | 마일리지 환급 140,360원 | 월 납입 시 194,480원 | 바로 가입하기",Volkswagen,Golf,2023,The Golf 8,2.0 TDI Premium,id2,28,남
130,2026-09-09 12:14:29,14로6902,2026-10-06,본인,한화손보,"2,151,210","2,390,690","239,480","한화손보 | 캐롯 자동차보험 | 최종 보험료 | 2,151,210원 | 총 보험료 | 결제 2,390,690원 | 마일리지 환급 239,480원 | 월 납입 시 315,180원 | 바로 가입하기",Audi,A5,2022,A5 40 TDI,Quattro Premium Sportback,id2,28,남
131,2026-09-09 12:15:47,14로6902,2026-10-06,본인,한화손보,"2,135,470","2,372,290","236,820","한화손보 | 캐롯 자동차보험 | 최종 보험료 | 2,135,470원 | 총 보험료 | 결제 2,372,290원 | 마일리지 환급 236,820원 | 월 납입 시 319,840원 | 바로 가입하기",Audi,A5,2020,A5 40 TDI,Quattro Premium Sportback,id2,28,남
132,2026-09-09 12:17:01,14로6902,2026-10-06,본인,한화손보,"1,355,750","1,729,790","374,040","한화손보 | 캐롯 자동차보험 | 최종 보험료 | 1,355,750원 | 총 보험료 | 결제 1,729,790원 | 마일리지 환급 374,040원 | 월 납입 시 198,320원 | 바로 가입하기",BYD,SEALION 7,2026,SEALION 7 Plus,오토,id2,28,남
133,2026-09-09 12:18:06,14로6902,2026-10-06,본인,한화손보,"1,117,610","1,425,260","307,650","한화손보 | 캐롯 자동차보험 | 최종 보험료 | 1,117,610원 | 총 보험료 | 결제 1,425,260원 | 마일리지 환급 307,650원 | 월 납입 시 165,820원 | 바로 가입하기",BYD,DOLPHIN,2026,DOLPHIN,오토,id2,28,남
134,2026-09-09 12:19:20,14로6902,2026-10-06,본인,한화손보,"1,226,600","1,362,840","136,240","한화손보 | 캐롯 자동차보험 | 최종 보험료 | 1,226,600원 | 총 보험료 | 결제 1,362,840원 | 마일리지 환급 136,240원 | 월 납입 시 182,350원 | 바로 가입하기",현대,넥쏘,2025,디 올 뉴 넥쏘,익스클루시브,id2,28,남
135,2026-09-09 12:22:08,14로6902,2026-10-06,본인,한화손보,"2,002,210","2,224,360","222,150","한화손보 | 캐롯 자동차보험 | 최종 보험료 | 2,002,210원 | 총 보험료 | 결제 2,224,360원 | 마일리지 환급 222,150원 | 월 납입 시 299,520원 | 바로 가입하기",현대,넥쏘,2022,넥쏘,모던(2021년),id2,28,남
136,2026-09-09 12:23:19,14로6902,2026-10-06,본인,한화손보,"2,092,220","2,323,410","231,190","한화손보 | 캐롯 자동차보험 | 최종 보험료 | 2,092,220원 | 총 보험료 | 결제 2,323,410원 | 마일리지 환급 231,190원 | 월 납입 시 320,210원 | 바로 가입하기",현대,넥쏘,2019,넥쏘 FCEV,프리미엄,id2,28,남
137,2026-09-09 12:24:36,14로6902,2026-10-06,본인,한화손보,"1,240,890","1,582,910","342,020","한화손보 | 캐롯 자동차보험 | 최종 보험료 | 1,240,890원 | 총 보험료 | 결제 1,582,910원 | 마일리지 환급 342,020원 | 월 납입 시 182,650원 | 바로 가입하기",기아,PV5,2026,PV5 WAV,베이직,id2,28,남
138,2026-09-09 12:25:47,14로6902,2026-10-06,본인,한화손보,"1,237,510","1,374,970","137,460","한화손보 | 캐롯 자동차보험 | 최종 보험료 | 1,237,510원 | 총 보험료 | 결제 1,374,970원 | 마일리지 환급 137,460원 | 월 납입 시 183,880원 | 바로 가입하기",기아,PV5,2025,PV5 패신저,플러스,id2,28,남
109,2026-09-08 20:54:16,14로6902,2026-10-06,본인,현대해상,"864,520","1,118,670","254,150","현대해상 | Hicar 다이렉트 개인용자동차보험(플랫폼) | 최종 보험료 | 864,520원 | 총 보험료 | 결제 1,118,670원 | 마일리지 환급 254,150원 | 바로 가입하기",현대,캐스퍼,2026,더 뉴 캐스퍼 1.0,스마트,id2,28,남
110,2026-09-08 20:56:50,14로6902,2026-10-06,본인,현대해상,"1,034,060","1,335,410","301,350","현대해상 | Hicar 다이렉트 개인용자동차보험(플랫폼) | 최종 보험료 | 1,034,060원 | 총 보험료 | 결제 1,335,410원 | 마일리지 환급 301,350원 | 바로 가입하기",현대,캐스퍼,2023,캐스퍼 1.0,스마트,id2,28,남
111,2026-09-08 20:57:51,14로6902,2026-10-06,본인,현대해상,"1,202,340","1,532,170","329,830","현대해상 | Hicar 다이렉트 개인용자동차보험(플랫폼) | 최종 보험료 | 1,202,340원 | 총 보험료 | 결제 1,532,170원 | 마일리지 환급 329,830원 | 바로 가입하기",기아,모닝,2020,올뉴 모닝(2017),럭셔리,id2,28,남
112,2026-09-08 20:58:58,14로6902,2026-10-06,본인,현대해상,"1,173,110","1,494,700","321,590","현대해상 | Hicar 다이렉트 개인용자동차보험(플랫폼) | 최종 보험료 | 1,173,110원 | 총 보험료 | 결제 1,494,700원 | 마일리지 환급 321,590원 | 바로 가입하기",기아,모닝,2017,올뉴 모닝(2017),럭셔리,id2,28,남
113,2026-09-08 21:00:01,14로6902,2026-10-06,본인,현대해상,"1,391,460","1,772,220","380,760","현대해상 | Hicar 다이렉트 개인용자동차보험(플랫폼) | 최종 보험료 | 1,391,460원 | 총 보험료 | 결제 1,772,220원 | 마일리지 환급 380,760원 | 바로 가입하기",기아,모닝,2014,올뉴 모닝,럭셔리,id2,28,남
114,2026-09-08 21:01:11,14로6902,2026-10-06,본인,현대해상,"884,440","1,145,750","261,310","현대해상 | Hicar 다이렉트 개인용자동차보험(플랫폼) | 최종 보험료 | 884,440원 | 총 보험료 | 결제 1,145,750원 | 마일리지 환급 261,310원 | 바로 가입하기",현대,아반떼,2026,더 뉴 아반떼1.6 하이브리드(CN7 F/L),스마트,id2,28,남
115,2026-09-08 21:03:48,14로6902,2026-10-06,본인,현대해상,"1,345,880","1,740,670","394,790","현대해상 | Hicar 다이렉트 개인용자동차보험(플랫폼) | 최종 보험료 | 1,345,880원 | 총 보험료 | 결제 1,740,670원 | 마일리지 환급 394,790원 | 바로 가입하기",현대,아반떼,2023,올뉴아반떼1.6(7세대),스마트,id2,28,남
116,2026-09-08 21:05:05,14로6902,2026-10-06,본인,현대해상,"1,435,040","1,832,980","397,940","현대해상 | Hicar 다이렉트 개인용자동차보험(플랫폼) | 최종 보험료 | 1,435,040원 | 총 보험료 | 결제 1,832,980원 | 마일리지 환급 397,940원 | 바로 가입하기",현대,아반떼,2020,올뉴아반떼1.6(7세대),스마트,id2,28,남
117,2026-09-08 21:06:18,14로6902,2026-10-06,본인,현대해상,"1,572,670","2,007,850","435,180","현대해상 | Hicar 다이렉트 개인용자동차보험(플랫폼) | 최종 보험료 | 1,572,670원 | 총 보험료 | 결제 2,007,850원 | 마일리지 환급 435,180원 | 바로 가입하기",현대,아반떼,2017,아반떼AD 1.6GDI,밸류플러스,id2,28,남
118,2026-09-08 21:07:31,14로6902,2026-10-06,본인,현대해상,"1,490,020","1,901,690","411,670","현대해상 | Hicar 다이렉트 개인용자동차보험(플랫폼) | 최종 보험료 | 1,490,020원 | 총 보험료 | 결제 1,901,690원 | 마일리지 환급 411,670원 | 바로 가입하기",현대,아반떼,2014,더 뉴 아반떼1.6GDI,스마트,id2,28,남
119,2026-09-08 21:08:40,14로6902,2026-10-06,본인,현대해상,"1,043,200","1,351,990","308,790","현대해상 | Hicar 다이렉트 개인용자동차보험(플랫폼) | 최종 보험료 | 1,043,200원 | 총 보험료 | 결제 1,351,990원 | 마일리지 환급 308,790원 | 바로 가입하기",기아,K5,2026,더 뉴 K5 하이브리드,프레스티지,id2,28,남
120,2026-09-08 21:11:00,14로6902,2026-10-06,본인,현대해상,"1,282,050","1,659,830","377,780","현대해상 | Hicar 다이렉트 개인용자동차보험(플랫폼) | 최종 보험료 | 1,282,050원 | 총 보험료 | 결제 1,659,830원 | 마일리지 환급 377,780원 | 바로 가입하기",기아,K5,2023,더 뉴 K5 하이브리드,프레스티지,id2,28,남
121,2026-09-08 21:12:18,14로6902,2026-10-06,본인,현대해상,"1,817,550","2,323,510","505,960","현대해상 | Hicar 다이렉트 개인용자동차보험(플랫폼) | 최종 보험료 | 1,817,550원 | 총 보험료 | 결제 2,323,510원 | 마일리지 환급 505,960원 | 바로 가입하기",삼성,SM6,2020,SM6 2.0,LE,id2,28,남
122,2026-09-08 21:13:24,14로6902,2026-10-06,본인,현대해상,"1,476,090","1,884,210","408,120","현대해상 | Hicar 다이렉트 개인용자동차보험(플랫폼) | 최종 보험료 | 1,476,090원 | 총 보험료 | 결제 1,884,210원 | 마일리지 환급 408,120원 | 바로 가입하기",현대,쏘나타,2017,LF쏘나타2.0,스마트,id2,28,남
123,2026-09-08 21:14:40,14로6902,2026-10-06,본인,현대해상,"1,590,470","2,030,650","440,180","현대해상 | Hicar 다이렉트 개인용자동차보험(플랫폼) | 최종 보험료 | 1,590,470원 | 총 보험료 | 결제 2,030,650원 | 마일리지 환급 440,180원 | 바로 가입하기",기아,K5,2014,K5 2.0,프레스티지,id2,28,남
124,2026-09-08 21:15:47,14로6902,2026-10-06,본인,현대해상,"1,039,980","1,347,690","307,710","현대해상 | Hicar 다이렉트 개인용자동차보험(플랫폼) | 최종 보험료 | 1,039,980원 | 총 보험료 | 결제 1,347,690원 | 마일리지 환급 307,710원 | 바로 가입하기",현대,제네시스,2026,제네시스 G80 2.5T(2024년형),2WD,id2,28,남
125,2026-09-08 21:18:16,14로6902,2026-10-06,본인,현대해상,"1,414,930","1,832,170","417,240","현대해상 | Hicar 다이렉트 개인용자동차보험(플랫폼) | 최종 보험료 | 1,414,930원 | 총 보험료 | 결제 1,832,170원 | 마일리지 환급 417,240원 | 바로 가입하기",현대,제네시스,2023,제네시스 G80 2.5T(3세대),2WD,id2,28,남
126,2026-09-08 21:19:26,14로6902,2026-10-06,본인,현대해상,"1,313,990","1,677,930","363,940","현대해상 | Hicar 다이렉트 개인용자동차보험(플랫폼) | 최종 보험료 | 1,313,990원 | 총 보험료 | 결제 1,677,930원 | 마일리지 환급 363,940원 | 바로 가입하기",현대,그랜져,2020,그랜져 IG(2019년형),IG240 프리미엄,id2,28,남
127,2026-09-08 21:20:42,14로6902,2026-10-06,본인,현대해상,"1,923,430","2,457,720","534,290","현대해상 | Hicar 다이렉트 개인용자동차보험(플랫폼) | 최종 보험료 | 1,923,430원 | 총 보험료 | 결제 2,457,720원 | 마일리지 환급 534,290원 | 바로 가입하기",현대,그랜져,2017,그랜져 HG,HG240 모던,id2,28,남
128,2026-09-08 21:21:51,14로6902,2026-10-06,본인,현대해상,"1,824,200","2,330,310","506,110","현대해상 | Hicar 다이렉트 개인용자동차보험(플랫폼) | 최종 보험료 | 1,824,200원 | 총 보험료 | 결제 2,330,310원 | 마일리지 환급 506,110원 | 바로 가입하기",현대,그랜져,2014,그랜져 HG,HG240 모던,id2,28,남
129,2026-09-08 21:22:58,14로6902,2026-10-06,본인,현대해상,"798,670","1,034,060","235,390","현대해상 | Hicar 다이렉트 개인용자동차보험(플랫폼) | 최종 보험료 | 798,670원 | 총 보험료 | 결제 1,034,060원 | 마일리지 환급 235,390원 | 바로 가입하기",기아,카니발,2026,카니발 1.6 터보 하이브리드(9인승),노블레스(9인승),id2,28,남
130,2026-09-08 21:25:34,14로6902,2026-10-06,본인,현대해상,"1,220,860","1,579,680","358,820","현대해상 | Hicar 다이렉트 개인용자동차보험(플랫폼) | 최종 보험료 | 1,220,860원 | 총 보험료 | 결제 1,579,680원 | 마일리지 환급 358,820원 | 바로 가입하기",기아,카니발,2023,카니발 1.6 터보 하이브리드(9인승),노블레스(9인승),id2,28,남
131,2026-09-08 21:26:46,14로6902,2026-10-06,본인,현대해상,"1,359,890","1,735,590","375,700","현대해상 | Hicar 다이렉트 개인용자동차보험(플랫폼) | 최종 보험료 | 1,359,890원 | 총 보험료 | 결제 1,735,590원 | 마일리지 환급 375,700원 | 바로 가입하기",기아,카니발,2020,더뉴카니발 R2.2 디젤(9인승),프레스티지,id2,28,남
132,2026-09-08 21:27:56,14로6902,2026-10-06,본인,현대해상,"1,452,490","1,852,500","400,010","현대해상 | Hicar 다이렉트 개인용자동차보험(플랫폼) | 최종 보험료 | 1,452,490원 | 총 보험료 | 결제 1,852,500원 | 마일리지 환급 400,010원 | 바로 가입하기",기아,카니발,2017,"올뉴카니발2.2(디젤,9인승)",프레스티지,id2,28,남
133,2026-09-08 21:29:10,14로6902,2026-10-06,본인,현대해상,"1,733,500","2,212,530","479,030","현대해상 | Hicar 다이렉트 개인용자동차보험(플랫폼) | 최종 보험료 | 1,733,500원 | 총 보험료 | 결제 2,212,530원 | 마일리지 환급 479,030원 | 바로 가입하기",현대,싼타페,2014,싼타페 2.0(2WD),프리미엄,id2,28,남
134,2026-09-08 21:30:17,14로6902,2026-10-06,본인,현대해상,"887,960","1,150,320","262,360","현대해상 | Hicar 다이렉트 개인용자동차보험(플랫폼) | 최종 보험료 | 887,960원 | 총 보험료 | 결제 1,150,320원 | 마일리지 환급 262,360원 | 바로 가입하기",기아,쏘렌토,2026,더 뉴 쏘렌토 1.6 터보 하이브리드,노블레스(2WD),id2,28,남
135,2026-09-08 21:32:45,14로6902,2026-10-06,본인,현대해상,"1,471,990","1,904,760","432,770","현대해상 | Hicar 다이렉트 개인용자동차보험(플랫폼) | 최종 보험료 | 1,471,990원 | 총 보험료 | 결제 1,904,760원 | 마일리지 환급 432,770원 | 바로 가입하기",기아,쏘렌토,2023,쏘렌토 하이브리드(4세대),노블레스(2WD),id2,28,남
136,2026-09-08 21:33:53,14로6902,2026-10-06,본인,현대해상,"1,488,510","1,901,820","413,310","현대해상 | Hicar 다이렉트 개인용자동차보험(플랫폼) | 최종 보험료 | 1,488,510원 | 총 보험료 | 결제 1,901,820원 | 마일리지 환급 413,310원 | 바로 가입하기",기아,NIRO,2020,The New NIRO 1.6(HEV),프레스티지,id2,28,남
137,2026-09-08 21:35:12,14로6902,2026-10-06,본인,현대해상,"1,685,140","2,150,770","465,630","현대해상 | Hicar 다이렉트 개인용자동차보험(플랫폼) | 최종 보험료 | 1,685,140원 | 총 보험료 | 결제 2,150,770원 | 마일리지 환급 465,630원 | 바로 가입하기",현대,싼타페,2017,싼타페 2.0(2WD),프리미엄,id2,28,남
138,2026-09-08 21:36:21,14로6902,2026-10-06,본인,현대해상,"1,629,880","2,081,180","451,300","현대해상 | Hicar 다이렉트 개인용자동차보험(플랫폼) | 최종 보험료 | 1,629,880원 | 총 보험료 | 결제 2,081,180원 | 마일리지 환급 451,300원 | 바로 가입하기",기아,스포티지,2014,스포티지R GDI(2WD),럭셔리,id2,28,남
139,2026-09-08 21:37:42,14로6902,2026-10-06,본인,현대해상,"1,901,700","2,432,320","530,620","현대해상 | Hicar 다이렉트 개인용자동차보험(플랫폼) | 최종 보험료 | 1,901,700원 | 총 보험료 | 결제 2,432,320원 | 마일리지 환급 530,620원 | 바로 가입하기",BMW,5 Series,2026,520i,M Sport Package,id2,28,남
140,2026-09-08 21:40:19,14로6902,2026-10-06,본인,현대해상,"1,944,440","2,487,120","542,680","현대해상 | Hicar 다이렉트 개인용자동차보험(플랫폼) | 최종 보험료 | 1,944,440원 | 총 보험료 | 결제 2,487,120원 | 마일리지 환급 542,680원 | 바로 가입하기",벤츠,Mercedes Benz E-Class,2023,New E 250,Avantgarde,id2,28,남
141,2026-09-08 21:41:39,14로6902,2026-10-06,본인,현대해상,"1,923,370","2,459,870","536,500","현대해상 | Hicar 다이렉트 개인용자동차보험(플랫폼) | 최종 보험료 | 1,923,370원 | 총 보험료 | 결제 2,459,870원 | 마일리지 환급 536,500원 | 바로 가입하기",BMW,3 Series,2020,320d,ED (OE),id2,28,남
142,2026-09-08 21:42:58,14로6902,2026-10-06,본인,현대해상,"1,665,690","2,129,510","463,820","현대해상 | Hicar 다이렉트 개인용자동차보험(플랫폼) | 최종 보험료 | 1,665,690원 | 총 보험료 | 결제 2,129,510원 | 마일리지 환급 463,820원 | 바로 가입하기",BMW,3 Series,2017,320d,ED,id2,28,남
143,2026-09-08 21:44:19,14로6902,2026-10-06,본인,현대해상,"1,609,590","2,057,590","448,000","현대해상 | Hicar 다이렉트 개인용자동차보험(플랫폼) | 최종 보험료 | 1,609,590원 | 총 보험료 | 결제 2,057,590원 | 마일리지 환급 448,000원 | 바로 가입하기",BMW,5 Series,2014,520d,Luxury,id2,28,남
144,2026-09-08 21:45:30,14로6902,2026-10-06,본인,현대해상,"1,038,660","1,343,980","305,320","현대해상 | Hicar 다이렉트 개인용자동차보험(플랫폼) | 최종 보험료 | 1,038,660원 | 총 보험료 | 결제 1,343,980원 | 마일리지 환급 305,320원 | 바로 가입하기",기아,RAY,2025,THE NEW RAY 1.0,베스트 셀렉션,id2,28,남
146,2026-09-08 21:49:07,14로6902,2026-10-06,본인,현대해상,"1,375,690","1,753,650","377,960","현대해상 | Hicar 다이렉트 개인용자동차보험(플랫폼) | 최종 보험료 | 1,375,690원 | 총 보험료 | 결제 1,753,650원 | 마일리지 환급 377,960원 | 바로 가입하기",기아,RAY,2019,RAY 밴,VAN,id2,28,남
147,2026-09-08 21:50:20,14로6902,2026-10-06,본인,현대해상,"1,505,430","1,947,740","442,310","현대해상 | Hicar 다이렉트 개인용자동차보험(플랫폼) | 최종 보험료 | 1,505,430원 | 총 보험료 | 결제 1,947,740원 | 마일리지 환급 442,310원 | 바로 가입하기",현대,투싼,2024,투싼 디젤2.0(4세대),프리미엄(4WD),id2,28,남
148,2026-09-08 21:51:30,14로6902,2026-10-06,본인,현대해상,"1,478,100","1,912,250","434,150","현대해상 | Hicar 다이렉트 개인용자동차보험(플랫폼) | 최종 보험료 | 1,478,100원 | 총 보험료 | 결제 1,912,250원 | 마일리지 환급 434,150원 | 바로 가입하기",현대,투싼,2021,투싼 디젤2.0(4세대),모던(4WD),id2,28,남
149,2026-09-08 21:52:49,14로6902,2026-10-06,본인,현대해상,"1,482,050","1,892,100","410,050","현대해상 | Hicar 다이렉트 개인용자동차보험(플랫폼) | 최종 보험료 | 1,482,050원 | 총 보험료 | 결제 1,892,100원 | 마일리지 환급 410,050원 | 바로 가입하기",현대,투싼,2018,올뉴투싼 1.6터보 GDI,스마트,id2,28,남
150,2026-09-08 21:55:21,14로6902,2026-10-06,본인,현대해상,"1,425,610","1,847,590","421,980","현대해상 | Hicar 다이렉트 개인용자동차보험(플랫폼) | 최종 보험료 | 1,425,610원 | 총 보험료 | 결제 1,847,590원 | 마일리지 환급 421,980원 | 바로 가입하기",현대,아이오닉,2026,더 뉴 아이오닉 5,AWD,id2,28,남
151,2026-09-08 21:56:41,14로6902,2026-10-06,본인,현대해상,"1,626,800","2,103,450","476,650","현대해상 | Hicar 다이렉트 개인용자동차보험(플랫폼) | 최종 보험료 | 1,626,800원 | 총 보험료 | 결제 2,103,450원 | 마일리지 환급 476,650원 | 바로 가입하기",현대,아이오닉,2023,더 뉴 아이오닉 일렉트릭,엔,id2,28,남
152,2026-09-08 21:57:55,14로6902,2026-10-06,본인,현대해상,"1,684,460","2,153,040","468,580","현대해상 | Hicar 다이렉트 개인용자동차보험(플랫폼) | 최종 보험료 | 1,684,460원 | 총 보험료 | 결제 2,153,040원 | 마일리지 환급 468,580원 | 바로 가입하기",현대,아이오닉,2020,더 뉴 아이오닉 플러그인 하이브리드,큐,id2,28,남
153,2026-09-08 21:59:09,14로6902,2026-10-06,본인,현대해상,"1,596,730","2,066,610","469,880","현대해상 | Hicar 다이렉트 개인용자동차보험(플랫폼) | 최종 보험료 | 1,596,730원 | 총 보험료 | 결제 2,066,610원 | 마일리지 환급 469,880원 | 바로 가입하기",기아,K9,2025,THE K9 3.8 GDI,플래티넘(AWD),id2,28,남
154,2026-09-08 22:00:25,14로6902,2026-10-06,본인,현대해상,"1,446,800","1,872,860","426,060","현대해상 | Hicar 다이렉트 개인용자동차보험(플랫폼) | 최종 보험료 | 1,446,800원 | 총 보험료 | 결제 1,872,860원 | 마일리지 환급 426,060원 | 바로 가입하기",기아,K9,2022,THE K9 3.8 GDI,마스터즈(AWD),id2,28,남
155,2026-09-08 22:03:01,14로6902,2026-10-06,본인,현대해상,"1,928,600","2,465,330","536,730","현대해상 | Hicar 다이렉트 개인용자동차보험(플랫폼) | 최종 보험료 | 1,928,600원 | 총 보험료 | 결제 2,465,330원 | 마일리지 환급 536,730원 | 바로 가입하기",기아,K9,2019,K9 5.0,퀀텀,id2,28,남
156,2026-09-08 22:04:50,14로6902,2026-10-06,본인,현대해상,"1,072,500","1,387,800","315,300","현대해상 | Hicar 다이렉트 개인용자동차보험(플랫폼) | 최종 보험료 | 1,072,500원 | 총 보험료 | 결제 1,387,800원 | 마일리지 환급 315,300원 | 바로 가입하기",현대,팰리세이드,2024,팰리세이드 2.2D(22.05.19~),캘리그래피(4WD),id2,28,남
157,2026-09-08 22:06:08,14로6902,2026-10-06,본인,현대해상,"1,203,530","1,555,030","351,500","현대해상 | Hicar 다이렉트 개인용자동차보험(플랫폼) | 최종 보험료 | 1,203,530원 | 총 보험료 | 결제 1,555,030원 | 마일리지 환급 351,500원 | 바로 가입하기",현대,팰리세이드,2021,팰리세이드 3.8(2WD),프레스티지,id2,28,남
158,2026-09-08 22:07:21,14로6902,2026-10-06,본인,현대해상,"1,357,230","1,732,180","374,950","현대해상 | Hicar 다이렉트 개인용자동차보험(플랫폼) | 최종 보험료 | 1,357,230원 | 총 보험료 | 결제 1,732,180원 | 마일리지 환급 374,950원 | 바로 가입하기",현대,팰리세이드,2018,팰리세이드 2.2(4WD),프레스티지,id2,28,남
159,2026-09-08 22:08:45,14로6902,2026-10-06,본인,현대해상,"2,244,140","2,873,970","629,830","현대해상 | Hicar 다이렉트 개인용자동차보험(플랫폼) | 최종 보험료 | 2,244,140원 | 총 보험료 | 결제 2,873,970원 | 마일리지 환급 629,830원 | 바로 가입하기",Tesla,Model 3,2026,Model 3,Long Range(2022~),id2,28,남
160,2026-09-08 22:11:20,14로6902,2026-10-06,본인,현대해상,"2,078,080","2,659,620","581,540","현대해상 | Hicar 다이렉트 개인용자동차보험(플랫폼) | 최종 보험료 | 2,078,080원 | 총 보험료 | 결제 2,659,620원 | 마일리지 환급 581,540원 | 바로 가입하기",Tesla,Model 3,2024,Model 3 Premium Long Range AWD,오토,id2,28,남
161,2026-09-08 22:12:37,14로6902,2026-10-06,본인,현대해상,"2,660,480","3,403,320","742,840","현대해상 | Hicar 다이렉트 개인용자동차보험(플랫폼) | 최종 보험료 | 2,660,480원 | 총 보험료 | 결제 3,403,320원 | 마일리지 환급 742,840원 | 바로 가입하기",Tesla,Model 3,2022,Model 3,Performance,id2,28,남
162,2026-09-08 22:14:00,14로6902,2026-10-06,본인,현대해상,"2,335,940","2,987,250","651,310","현대해상 | Hicar 다이렉트 개인용자동차보험(플랫폼) | 최종 보험료 | 2,335,940원 | 총 보험료 | 결제 2,987,250원 | 마일리지 환급 651,310원 | 바로 가입하기",Tesla,Model 3,2020,Model 3,Standard Range Plus,id2,28,남
93,2026-09-09 11:17:15,14로6902,2026-10-06,본인,현대해상,"1,143,530","1,481,560","338,030","현대해상 | Hicar 다이렉트 개인용자동차보험(플랫폼) | 최종 보험료 | 1,143,530원 | 총 보험료 | 결제 1,481,560원 | 마일리지 환급 338,030원 | 바로 가입하기",현대,코나,2025,디올뉴 코나 2.0,프리미엄(2WD),id2,28,남
94,2026-09-09 11:18:50,14로6902,2026-10-06,본인,현대해상,"1,262,630","1,633,670","371,040","현대해상 | Hicar 다이렉트 개인용자동차보험(플랫폼) | 최종 보험료 | 1,262,630원 | 총 보험료 | 결제 1,633,670원 | 마일리지 환급 371,040원 | 바로 가입하기",현대,코나,2022,더뉴 코나 2.0,모던(4WD),id2,28,남
95,2026-09-09 11:20:50,14로6902,2026-10-06,본인,현대해상,"1,398,460","1,786,080","387,620","현대해상 | Hicar 다이렉트 개인용자동차보험(플랫폼) | 최종 보험료 | 1,398,460원 | 총 보험료 | 결제 1,786,080원 | 마일리지 환급 387,620원 | 바로 가입하기",현대,코나,2020,더뉴 코나 1.6 터보,인스퍼레이션(4WD),id2,28,남
96,2026-09-09 11:23:51,14로6902,2026-10-06,본인,현대해상,"1,633,510","2,085,850","452,340","현대해상 | Hicar 다이렉트 개인용자동차보험(플랫폼) | 최종 보험료 | 1,633,510원 | 총 보험료 | 결제 2,085,850원 | 마일리지 환급 452,340원 | 바로 가입하기",현대,코나,2017,코나 1.6 터보(4WD),스마트,id2,28,남
97,2026-09-09 11:25:55,14로6902,2026-10-06,본인,현대해상,"1,011,330","1,310,480","299,150","현대해상 | Hicar 다이렉트 개인용자동차보험(플랫폼) | 최종 보험료 | 1,011,330원 | 총 보험료 | 결제 1,310,480원 | 마일리지 환급 299,150원 | 바로 가입하기",기아,셀토스,2026,셀토스 2.0,프레스티지(4WD),id2,28,남
98,2026-09-09 11:27:38,14로6902,2026-10-06,본인,현대해상,"1,409,080","1,822,460","413,380","현대해상 | Hicar 다이렉트 개인용자동차보험(플랫폼) | 최종 보험료 | 1,409,080원 | 총 보험료 | 결제 1,822,460원 | 마일리지 환급 413,380원 | 바로 가입하기",기아,셀토스,2023,셀토스 1.6 디젤,노블레스(4WD),id2,28,남
99,2026-09-09 11:29:40,14로6902,2026-10-06,본인,현대해상,"1,407,240","1,820,360","413,120","현대해상 | Hicar 다이렉트 개인용자동차보험(플랫폼) | 최종 보험료 | 1,407,240원 | 총 보험료 | 결제 1,820,360원 | 마일리지 환급 413,120원 | 바로 가입하기",기아,셀토스,2021,셀토스 1.6 터보,그래비티(4WD),id2,28,남
101,2026-09-09 11:34:25,14로6902,2026-10-06,본인,현대해상,"919,620","1,190,140","270,520","현대해상 | Hicar 다이렉트 개인용자동차보험(플랫폼) | 최종 보험료 | 919,620원 | 총 보험료 | 결제 1,190,140원 | 마일리지 환급 270,520원 | 바로 가입하기",현대,스타리아,2025,스타리아 투어러,모던(4WD),id2,28,남
102,2026-09-09 11:35:39,14로6902,2026-10-06,본인,현대해상,"1,324,300","1,712,690","388,390","현대해상 | Hicar 다이렉트 개인용자동차보험(플랫폼) | 최종 보험료 | 1,324,300원 | 총 보험료 | 결제 1,712,690원 | 마일리지 환급 388,390원 | 바로 가입하기",현대,스타리아,2022,스타리아 라운지,리무진(2WD),id2,28,남
103,2026-09-09 11:36:48,14로6902,2026-10-06,본인,현대해상,"1,249,770","1,618,780","369,010","현대해상 | Hicar 다이렉트 개인용자동차보험(플랫폼) | 최종 보험료 | 1,249,770원 | 총 보험료 | 결제 1,618,780원 | 마일리지 환급 369,010원 | 바로 가입하기",현대,쏘나타,2024,쏘나타 디 엣지 2.0,익스클루시브,id2,28,남
104,2026-09-09 11:37:55,14로6902,2026-10-06,본인,현대해상,"1,375,110","1,779,070","403,960","현대해상 | Hicar 다이렉트 개인용자동차보험(플랫폼) | 최종 보험료 | 1,375,110원 | 총 보험료 | 결제 1,779,070원 | 마일리지 환급 403,960원 | 바로 가입하기",현대,쏘나타,2021,쏘나타 센슈어스 1.6,프리미엄,id2,28,남
105,2026-09-09 11:40:26,14로6902,2026-10-06,본인,현대해상,"1,365,210","1,769,150","403,940","현대해상 | Hicar 다이렉트 개인용자동차보험(플랫폼) | 최종 보험료 | 1,365,210원 | 총 보험료 | 결제 1,769,150원 | 마일리지 환급 403,940원 | 바로 가입하기",기아,EV4,2026,EV4 GT,오토,id2,28,남
106,2026-09-09 11:41:34,14로6902,2026-10-06,본인,현대해상,"1,561,750","2,023,600","461,850","현대해상 | Hicar 다이렉트 개인용자동차보험(플랫폼) | 최종 보험료 | 1,561,750원 | 총 보험료 | 결제 2,023,600원 | 마일리지 환급 461,850원 | 바로 가입하기",기아,EV5,2025,EV5,롱레인지 어스(2WD),id2,28,남
107,2026-09-09 11:42:41,14로6902,2026-10-06,본인,현대해상,"1,170,020","1,515,110","345,090","현대해상 | Hicar 다이렉트 개인용자동차보험(플랫폼) | 최종 보험료 | 1,170,020원 | 총 보험료 | 결제 1,515,110원 | 마일리지 환급 345,090원 | 바로 가입하기",기아,스포티지,2024,The New 스포티지 가솔린 터보 1.6,프레스티지(4WD),id2,28,남
108,2026-09-09 11:43:55,14로6902,2026-10-06,본인,현대해상,"1,248,700","1,614,620","365,920","현대해상 | Hicar 다이렉트 개인용자동차보험(플랫폼) | 최종 보험료 | 1,248,700원 | 총 보험료 | 결제 1,614,620원 | 마일리지 환급 365,920원 | 바로 가입하기",기아,스포티지,2021,스포티지 더 볼드 누우2.0 가솔린,프레스티지(2WD),id2,28,남
109,2026-09-09 11:45:03,14로6902,2026-10-06,본인,현대해상,"1,410,660","1,801,010","390,350","현대해상 | Hicar 다이렉트 개인용자동차보험(플랫폼) | 최종 보험료 | 1,410,660원 | 총 보험료 | 결제 1,801,010원 | 마일리지 환급 390,350원 | 바로 가입하기",기아,스포티지,2019,THE SUV 스포티지(2WD),프레스티지,id2,28,남
110,2026-09-09 11:47:37,14로6902,2026-10-06,본인,현대해상,"1,603,540","2,047,060","443,520","현대해상 | Hicar 다이렉트 개인용자동차보험(플랫폼) | 최종 보험료 | 1,603,540원 | 총 보험료 | 결제 2,047,060원 | 마일리지 환급 443,520원 | 바로 가입하기",기아,스포티지,2016,THE SUV 스포티지(2WD),노블레스,id2,28,남
111,2026-09-09 11:48:51,14로6902,2026-10-06,본인,현대해상,"1,458,850","1,863,640","404,790","현대해상 | Hicar 다이렉트 개인용자동차보험(플랫폼) | 최종 보험료 | 1,458,850원 | 총 보험료 | 결제 1,863,640원 | 마일리지 환급 404,790원 | 바로 가입하기",삼성,SM5,2020,뉴SM5(신형)2.0,Classic,id2,28,남
112,2026-09-09 11:49:57,14로6902,2026-10-06,본인,현대해상,"1,529,080","1,952,140","423,060","현대해상 | Hicar 다이렉트 개인용자동차보험(플랫폼) | 최종 보험료 | 1,529,080원 | 총 보험료 | 결제 1,952,140원 | 마일리지 환급 423,060원 | 바로 가입하기",삼성,SM5,2017,뉴SM5(신형)1.6,TCE,id2,28,남
113,2026-09-09 11:51:10,14로6902,2026-10-06,본인,현대해상,"1,035,590","1,324,910","289,320","현대해상 | Hicar 다이렉트 개인용자동차보험(플랫폼) | 최종 보험료 | 1,035,590원 | 총 보험료 | 결제 1,324,910원 | 마일리지 환급 289,320원 | 바로 가입하기",삼성,그랑 콜레오스,2026,그랑 콜레오스 2.0 터보,테크노,id2,28,남
114,2026-09-09 11:52:26,14로6902,2026-10-06,본인,현대해상,"1,310,980","1,676,780","365,800","현대해상 | Hicar 다이렉트 개인용자동차보험(플랫폼) | 최종 보험료 | 1,310,980원 | 총 보험료 | 결제 1,676,780원 | 마일리지 환급 365,800원 | 바로 가입하기",삼성,그랑 콜레오스,2024,그랑 콜레오스 1.5 하이브리드,아이코닉,id2,28,남
115,2026-09-09 11:54:49,14로6902,2026-10-06,본인,현대해상,"1,589,270","2,028,970","439,700","현대해상 | Hicar 다이렉트 개인용자동차보험(플랫폼) | 최종 보험료 | 1,589,270원 | 총 보험료 | 결제 2,028,970원 | 마일리지 환급 439,700원 | 바로 가입하기",삼성,QM5,2017,뉴QM5 2.0(4WD),LE,id2,28,남
116,2026-09-09 11:56:07,14로6902,2026-10-06,본인,현대해상,"1,104,380","1,430,640","326,260","현대해상 | Hicar 다이렉트 개인용자동차보험(플랫폼) | 최종 보험료 | 1,104,380원 | 총 보험료 | 결제 1,430,640원 | 마일리지 환급 326,260원 | 바로 가입하기",쌍용,티볼리,2025,더 뉴 티볼리 1.6,V3(2WD),id2,28,남
117,2026-09-09 11:57:10,14로6902,2026-10-06,본인,현대해상,"1,408,170","1,822,550","414,380","현대해상 | Hicar 다이렉트 개인용자동차보험(플랫폼) | 최종 보험료 | 1,408,170원 | 총 보험료 | 결제 1,822,550원 | 마일리지 환급 414,380원 | 바로 가입하기",쌍용,티볼리,2022,리스펙 티볼리 1.5,업비트(4WD),id2,28,남
118,2026-09-09 11:58:16,14로6902,2026-10-06,본인,현대해상,"1,709,070","2,184,300","475,230","현대해상 | Hicar 다이렉트 개인용자동차보험(플랫폼) | 최종 보험료 | 1,709,070원 | 총 보험료 | 결제 2,184,300원 | 마일리지 환급 475,230원 | 바로 가입하기",쌍용,티볼리,2019,베리 뉴 티볼리 1.5,V7,id2,28,남
119,2026-09-09 11:59:27,14로6902,2026-10-06,본인,현대해상,"1,049,660","1,360,190","310,530","현대해상 | Hicar 다이렉트 개인용자동차보험(플랫폼) | 최종 보험료 | 1,049,660원 | 총 보험료 | 결제 1,360,190원 | 마일리지 환급 310,530원 | 바로 가입하기",쌍용,토레스,2026,토레스 1.5,TL7,id2,28,남
120,2026-09-09 12:01:56,14로6902,2026-10-06,본인,현대해상,"1,408,640","1,823,870","415,230","현대해상 | Hicar 다이렉트 개인용자동차보험(플랫폼) | 최종 보험료 | 1,408,640원 | 총 보험료 | 결제 1,823,870원 | 마일리지 환급 415,230원 | 바로 가입하기",쌍용,토레스,2023,토레스 1.5,TL5,id2,28,남
121,2026-09-09 12:03:01,14로6902,2026-10-06,본인,현대해상,"1,093,470","1,398,460","304,990","현대해상 | Hicar 다이렉트 개인용자동차보험(플랫폼) | 최종 보험료 | 1,093,470원 | 총 보험료 | 결제 1,398,460원 | 마일리지 환급 304,990원 | 바로 가입하기",대우,트레일블레이저,2025,트레일블레이저 1.35,RS,id2,28,남
122,2026-09-09 12:04:11,14로6902,2026-10-06,본인,현대해상,"1,349,840","1,723,740","373,900","현대해상 | Hicar 다이렉트 개인용자동차보험(플랫폼) | 최종 보험료 | 1,349,840원 | 총 보험료 | 결제 1,723,740원 | 마일리지 환급 373,900원 | 바로 가입하기",대우,트레일블레이저,2022,트레일블레이저 1.2,LS,id2,28,남
123,2026-09-09 12:05:26,14로6902,2026-10-06,본인,현대해상,"1,755,160","2,245,620","490,460","현대해상 | Hicar 다이렉트 개인용자동차보험(플랫폼) | 최종 보험료 | 1,755,160원 | 총 보험료 | 결제 2,245,620원 | 마일리지 환급 490,460원 | 바로 가입하기",BMW,MINI Cooper,2024,Mini Cooper SE,Classic,id2,28,남
124,2026-09-09 12:06:44,14로6902,2026-10-06,본인,현대해상,"1,798,430","2,299,560","501,130","현대해상 | Hicar 다이렉트 개인용자동차보험(플랫폼) | 최종 보험료 | 1,798,430원 | 총 보험료 | 결제 2,299,560원 | 마일리지 환급 501,130원 | 바로 가입하기",BMW,MINI Cooper,2021,New Cooper D,3door,id2,28,남
125,2026-09-09 12:09:16,14로6902,2026-10-06,본인,현대해상,"1,594,760","2,038,690","443,930","현대해상 | Hicar 다이렉트 개인용자동차보험(플랫폼) | 최종 보험료 | 1,594,760원 | 총 보험료 | 결제 2,038,690원 | 마일리지 환급 443,930원 | 바로 가입하기",BMW,MINI Cooper,2018,New Mini Cooper,5door,id2,28,남
126,2026-09-09 12:10:28,14로6902,2026-10-06,본인,현대해상,"1,271,280","1,627,450","356,170","현대해상 | Hicar 다이렉트 개인용자동차보험(플랫폼) | 최종 보험료 | 1,271,280원 | 총 보험료 | 결제 1,627,450원 | 마일리지 환급 356,170원 | 바로 가입하기",Volkswagen,Golf,2026,The Golf 8,GTI,id2,28,남
127,2026-09-09 12:11:43,14로6902,2026-10-06,본인,현대해상,"1,396,190","1,785,400","389,210","현대해상 | Hicar 다이렉트 개인용자동차보험(플랫폼) | 최종 보험료 | 1,396,190원 | 총 보험료 | 결제 1,785,400원 | 마일리지 환급 389,210원 | 바로 가입하기",Volkswagen,Golf,2023,The Golf 8,2.0 TDI Premium,id2,28,남
130,2026-09-09 12:14:29,14로6902,2026-10-06,본인,현대해상,"2,454,400","3,142,080","687,680","현대해상 | Hicar 다이렉트 개인용자동차보험(플랫폼) | 최종 보험료 | 2,454,400원 | 총 보험료 | 결제 3,142,080원 | 마일리지 환급 687,680원 | 바로 가입하기",Audi,A5,2022,A5 40 TDI,Quattro Premium Sportback,id2,28,남
131,2026-09-09 12:15:47,14로6902,2026-10-06,본인,현대해상,"2,107,790","2,697,720","589,930","현대해상 | Hicar 다이렉트 개인용자동차보험(플랫폼) | 최종 보험료 | 2,107,790원 | 총 보험료 | 결제 2,697,720원 | 마일리지 환급 589,930원 | 바로 가입하기",Audi,A5,2020,A5 40 TDI,Quattro Premium Sportback,id2,28,남
132,2026-09-09 12:17:01,14로6902,2026-10-06,본인,현대해상,"1,329,970","1,701,950","371,980","현대해상 | Hicar 다이렉트 개인용자동차보험(플랫폼) | 최종 보험료 | 1,329,970원 | 총 보험료 | 결제 1,701,950원 | 마일리지 환급 371,980원 | 바로 가입하기",BYD,SEALION 7,2026,SEALION 7 Plus,오토,id2,28,남
133,2026-09-09 12:18:06,14로6902,2026-10-06,본인,현대해상,"1,090,580","1,395,050","304,470","현대해상 | Hicar 다이렉트 개인용자동차보험(플랫폼) | 최종 보험료 | 1,090,580원 | 총 보험료 | 결제 1,395,050원 | 마일리지 환급 304,470원 | 바로 가입하기",BYD,DOLPHIN,2026,DOLPHIN,오토,id2,28,남
134,2026-09-09 12:19:20,14로6902,2026-10-06,본인,현대해상,"1,572,460","2,037,500","465,040","현대해상 | Hicar 다이렉트 개인용자동차보험(플랫폼) | 최종 보험료 | 1,572,460원 | 총 보험료 | 결제 2,037,500원 | 마일리지 환급 465,040원 | 바로 가입하기",현대,넥쏘,2025,디 올 뉴 넥쏘,익스클루시브,id2,28,남
135,2026-09-09 12:22:08,14로6902,2026-10-06,본인,현대해상,"1,710,140","2,213,870","503,730","현대해상 | Hicar 다이렉트 개인용자동차보험(플랫폼) | 최종 보험료 | 1,710,140원 | 총 보험료 | 결제 2,213,870원 | 마일리지 환급 503,730원 | 바로 가입하기",현대,넥쏘,2022,넥쏘,모던(2021년),id2,28,남
136,2026-09-09 12:23:19,14로6902,2026-10-06,본인,현대해상,"1,900,670","2,427,280","526,610","현대해상 | Hicar 다이렉트 개인용자동차보험(플랫폼) | 최종 보험료 | 1,900,670원 | 총 보험료 | 결제 2,427,280원 | 마일리지 환급 526,610원 | 바로 가입하기",현대,넥쏘,2019,넥쏘 FCEV,프리미엄,id2,28,남
137,2026-09-09 12:24:36,14로6902,2026-10-06,본인,현대해상,"1,315,990","1,705,230","389,240","현대해상 | Hicar 다이렉트 개인용자동차보험(플랫폼) | 최종 보험료 | 1,315,990원 | 총 보험료 | 결제 1,705,230원 | 마일리지 환급 389,240원 | 바로 가입하기",기아,PV5,2026,PV5 WAV,베이직,id2,28,남
138,2026-09-09 12:25:47,14로6902,2026-10-06,본인,현대해상,"1,506,650","1,952,040","445,390","현대해상 | Hicar 다이렉트 개인용자동차보험(플랫폼) | 최종 보험료 | 1,506,650원 | 총 보험료 | 결제 1,952,040원 | 마일리지 환급 445,390원 | 바로 가입하기",기아,PV5,2025,PV5 패신저,플러스,id2,28,남
109,2026-09-08 20:54:16,14로6902,2026-10-06,본인,흥국화재,"708,450","916,140","207,690","흥국화재 | 흥국다이렉트개인용자동차보험(CM) | 최종 보험료 | 708,450원 | 총 보험료 | 결제 916,140원 | 마일리지 환급 207,690원 | 바로 가입하기",현대,캐스퍼,2026,더 뉴 캐스퍼 1.0,스마트,id2,28,남
110,2026-09-08 20:56:50,14로6902,2026-10-06,본인,흥국화재,"800,580","1,031,620","231,040","흥국화재 | 흥국다이렉트개인용자동차보험(CM) | 최종 보험료 | 800,580원 | 총 보험료 | 결제 1,031,620원 | 마일리지 환급 231,040원 | 바로 가입하기",현대,캐스퍼,2023,캐스퍼 1.0,스마트,id2,28,남
111,2026-09-08 20:57:51,14로6902,2026-10-06,본인,흥국화재,"1,153,450","1,488,600","335,150","흥국화재 | 흥국다이렉트개인용자동차보험(CM) | 최종 보험료 | 1,153,450원 | 총 보험료 | 결제 1,488,600원 | 마일리지 환급 335,150원 | 바로 가입하기",기아,모닝,2020,올뉴 모닝(2017),럭셔리,id2,28,남
112,2026-09-08 20:58:58,14로6902,2026-10-06,본인,흥국화재,"1,227,210","1,582,530","355,320","흥국화재 | 흥국다이렉트개인용자동차보험(CM) | 최종 보험료 | 1,227,210원 | 총 보험료 | 결제 1,582,530원 | 마일리지 환급 355,320원 | 바로 가입하기",기아,모닝,2017,올뉴 모닝(2017),럭셔리,id2,28,남
113,2026-09-08 21:00:01,14로6902,2026-10-06,본인,흥국화재,"1,188,370","1,532,090","343,720","흥국화재 | 흥국다이렉트개인용자동차보험(CM) | 최종 보험료 | 1,188,370원 | 총 보험료 | 결제 1,532,090원 | 마일리지 환급 343,720원 | 바로 가입하기",기아,모닝,2014,올뉴 모닝,럭셔리,id2,28,남
114,2026-09-08 21:01:11,14로6902,2026-10-06,본인,흥국화재,"1,189,360","1,541,610","352,250","흥국화재 | 흥국다이렉트개인용자동차보험(CM) | 최종 보험료 | 1,189,360원 | 총 보험료 | 결제 1,541,610원 | 마일리지 환급 352,250원 | 바로 가입하기",현대,아반떼,2026,더 뉴 아반떼1.6 하이브리드(CN7 F/L),스마트,id2,28,남
115,2026-09-08 21:03:48,14로6902,2026-10-06,본인,흥국화재,"1,082,290","1,399,630","317,340","흥국화재 | 흥국다이렉트개인용자동차보험(CM) | 최종 보험료 | 1,082,290원 | 총 보험료 | 결제 1,399,630원 | 마일리지 환급 317,340원 | 바로 가입하기",현대,아반떼,2023,올뉴아반떼1.6(7세대),스마트,id2,28,남
116,2026-09-08 21:05:05,14로6902,2026-10-06,본인,흥국화재,"1,601,070","2,072,190","471,120","흥국화재 | 흥국다이렉트개인용자동차보험(CM) | 최종 보험료 | 1,601,070원 | 총 보험료 | 결제 2,072,190원 | 마일리지 환급 471,120원 | 바로 가입하기",현대,아반떼,2020,올뉴아반떼1.6(7세대),스마트,id2,28,남
117,2026-09-08 21:06:18,14로6902,2026-10-06,본인,흥국화재,"1,660,610","2,147,720","487,110","흥국화재 | 흥국다이렉트개인용자동차보험(CM) | 최종 보험료 | 1,660,610원 | 총 보험료 | 결제 2,147,720원 | 마일리지 환급 487,110원 | 바로 가입하기",현대,아반떼,2017,아반떼AD 1.6GDI,밸류플러스,id2,28,남
118,2026-09-08 21:07:31,14로6902,2026-10-06,본인,흥국화재,"1,627,770","2,105,080","477,310","흥국화재 | 흥국다이렉트개인용자동차보험(CM) | 최종 보험료 | 1,627,770원 | 총 보험료 | 결제 2,105,080원 | 마일리지 환급 477,310원 | 바로 가입하기",현대,아반떼,2014,더 뉴 아반떼1.6GDI,스마트,id2,28,남
119,2026-09-08 21:08:40,14로6902,2026-10-06,본인,흥국화재,"1,038,920","1,382,390","343,470","흥국화재 | 흥국다이렉트개인용자동차보험(CM) | 최종 보험료 | 1,038,920원 | 총 보험료 | 결제 1,382,390원 | 마일리지 환급 343,470원 | 바로 가입하기",기아,K5,2026,더 뉴 K5 하이브리드,프레스티지,id2,28,남
120,2026-09-08 21:11:00,14로6902,2026-10-06,본인,흥국화재,"1,143,160","1,518,010","374,850","흥국화재 | 흥국다이렉트개인용자동차보험(CM) | 최종 보험료 | 1,143,160원 | 총 보험료 | 결제 1,518,010원 | 마일리지 환급 374,850원 | 바로 가입하기",기아,K5,2023,더 뉴 K5 하이브리드,프레스티지,id2,28,남
121,2026-09-08 21:12:18,14로6902,2026-10-06,본인,흥국화재,"1,502,030","1,994,800","492,770","흥국화재 | 흥국다이렉트개인용자동차보험(CM) | 최종 보험료 | 1,502,030원 | 총 보험료 | 결제 1,994,800원 | 마일리지 환급 492,770원 | 바로 가입하기",삼성,SM6,2020,SM6 2.0,LE,id2,28,남
122,2026-09-08 21:13:24,14로6902,2026-10-06,본인,흥국화재,"1,339,370","1,775,960","436,590","흥국화재 | 흥국다이렉트개인용자동차보험(CM) | 최종 보험료 | 1,339,370원 | 총 보험료 | 결제 1,775,960원 | 마일리지 환급 436,590원 | 바로 가입하기",현대,쏘나타,2017,LF쏘나타2.0,스마트,id2,28,남
123,2026-09-08 21:14:40,14로6902,2026-10-06,본인,흥국화재,"1,415,060","1,876,880","461,820","흥국화재 | 흥국다이렉트개인용자동차보험(CM) | 최종 보험료 | 1,415,060원 | 총 보험료 | 결제 1,876,880원 | 마일리지 환급 461,820원 | 바로 가입하기",기아,K5,2014,K5 2.0,프레스티지,id2,28,남
125,2026-09-08 21:18:16,14로6902,2026-10-06,본인,흥국화재,"1,460,990","1,941,900","480,910","흥국화재 | 흥국다이렉트개인용자동차보험(CM) | 최종 보험료 | 1,460,990원 | 총 보험료 | 결제 1,941,900원 | 마일리지 환급 480,910원 | 바로 가입하기",현대,제네시스,2023,제네시스 G80 2.5T(3세대),2WD,id2,28,남
126,2026-09-08 21:19:26,14로6902,2026-10-06,본인,흥국화재,"1,419,720","1,884,980","465,260","흥국화재 | 흥국다이렉트개인용자동차보험(CM) | 최종 보험료 | 1,419,720원 | 총 보험료 | 결제 1,884,980원 | 마일리지 환급 465,260원 | 바로 가입하기",현대,그랜져,2020,그랜져 IG(2019년형),IG240 프리미엄,id2,28,남
127,2026-09-08 21:20:42,14로6902,2026-10-06,본인,흥국화재,"1,609,270","2,135,290","526,020","흥국화재 | 흥국다이렉트개인용자동차보험(CM) | 최종 보험료 | 1,609,270원 | 총 보험료 | 결제 2,135,290원 | 마일리지 환급 526,020원 | 바로 가입하기",현대,그랜져,2017,그랜져 HG,HG240 모던,id2,28,남
128,2026-09-08 21:21:51,14로6902,2026-10-06,본인,흥국화재,"1,594,910","2,116,140","521,230","흥국화재 | 흥국다이렉트개인용자동차보험(CM) | 최종 보험료 | 1,594,910원 | 총 보험료 | 결제 2,116,140원 | 마일리지 환급 521,230원 | 바로 가입하기",현대,그랜져,2014,그랜져 HG,HG240 모던,id2,28,남
130,2026-09-08 21:25:34,14로6902,2026-10-06,본인,흥국화재,"862,890","1,142,720","279,830","흥국화재 | 흥국다이렉트개인용자동차보험(CM) | 최종 보험료 | 862,890원 | 총 보험료 | 결제 1,142,720원 | 마일리지 환급 279,830원 | 바로 가입하기",기아,카니발,2023,카니발 1.6 터보 하이브리드(9인승),노블레스(9인승),id2,28,남
131,2026-09-08 21:26:46,14로6902,2026-10-06,본인,흥국화재,"1,206,820","1,599,470","392,650","흥국화재 | 흥국다이렉트개인용자동차보험(CM) | 최종 보험료 | 1,206,820원 | 총 보험료 | 결제 1,599,470원 | 마일리지 환급 392,650원 | 바로 가입하기",기아,카니발,2020,더뉴카니발 R2.2 디젤(9인승),프레스티지,id2,28,남
132,2026-09-08 21:27:56,14로6902,2026-10-06,본인,흥국화재,"1,214,030","1,607,200","393,170","흥국화재 | 흥국다이렉트개인용자동차보험(CM) | 최종 보험료 | 1,214,030원 | 총 보험료 | 결제 1,607,200원 | 마일리지 환급 393,170원 | 바로 가입하기",기아,카니발,2017,"올뉴카니발2.2(디젤,9인승)",프레스티지,id2,28,남
133,2026-09-08 21:29:10,14로6902,2026-10-06,본인,흥국화재,"1,202,580","1,591,930","389,350","흥국화재 | 흥국다이렉트개인용자동차보험(CM) | 최종 보험료 | 1,202,580원 | 총 보험료 | 결제 1,591,930원 | 마일리지 환급 389,350원 | 바로 가입하기",현대,싼타페,2014,싼타페 2.0(2WD),프리미엄,id2,28,남
134,2026-09-08 21:30:17,14로6902,2026-10-06,본인,흥국화재,"1,098,460","1,423,560","325,100","흥국화재 | 흥국다이렉트개인용자동차보험(CM) | 최종 보험료 | 1,098,460원 | 총 보험료 | 결제 1,423,560원 | 마일리지 환급 325,100원 | 바로 가입하기",기아,쏘렌토,2026,더 뉴 쏘렌토 1.6 터보 하이브리드,노블레스(2WD),id2,28,남
135,2026-09-08 21:32:45,14로6902,2026-10-06,본인,흥국화재,"1,230,890","1,592,620","361,730","흥국화재 | 흥국다이렉트개인용자동차보험(CM) | 최종 보험료 | 1,230,890원 | 총 보험료 | 결제 1,592,620원 | 마일리지 환급 361,730원 | 바로 가입하기",기아,쏘렌토,2023,쏘렌토 하이브리드(4세대),노블레스(2WD),id2,28,남
136,2026-09-08 21:33:53,14로6902,2026-10-06,본인,흥국화재,"1,822,400","2,359,630","537,230","흥국화재 | 흥국다이렉트개인용자동차보험(CM) | 최종 보험료 | 1,822,400원 | 총 보험료 | 결제 2,359,630원 | 마일리지 환급 537,230원 | 바로 가입하기",기아,NIRO,2020,The New NIRO 1.6(HEV),프레스티지,id2,28,남
137,2026-09-08 21:35:12,14로6902,2026-10-06,본인,흥국화재,"1,174,930","1,555,070","380,140","흥국화재 | 흥국다이렉트개인용자동차보험(CM) | 최종 보험료 | 1,174,930원 | 총 보험료 | 결제 1,555,070원 | 마일리지 환급 380,140원 | 바로 가입하기",현대,싼타페,2017,싼타페 2.0(2WD),프리미엄,id2,28,남
138,2026-09-08 21:36:21,14로6902,2026-10-06,본인,흥국화재,"1,431,080","1,898,250","467,170","흥국화재 | 흥국다이렉트개인용자동차보험(CM) | 최종 보험료 | 1,431,080원 | 총 보험료 | 결제 1,898,250원 | 마일리지 환급 467,170원 | 바로 가입하기",기아,스포티지,2014,스포티지R GDI(2WD),럭셔리,id2,28,남
139,2026-09-08 21:37:42,14로6902,2026-10-06,본인,흥국화재,"1,398,680","1,862,080","463,400","흥국화재 | 흥국다이렉트개인용자동차보험(CM) | 최종 보험료 | 1,398,680원 | 총 보험료 | 결제 1,862,080원 | 마일리지 환급 463,400원 | 바로 가입하기",BMW,5 Series,2026,520i,M Sport Package,id2,28,남
140,2026-09-08 21:40:19,14로6902,2026-10-06,본인,흥국화재,"1,573,840","2,092,240","518,400","흥국화재 | 흥국다이렉트개인용자동차보험(CM) | 최종 보험료 | 1,573,840원 | 총 보험료 | 결제 2,092,240원 | 마일리지 환급 518,400원 | 바로 가입하기",벤츠,Mercedes Benz E-Class,2023,New E 250,Avantgarde,id2,28,남
141,2026-09-08 21:41:39,14로6902,2026-10-06,본인,흥국화재,"2,054,160","2,730,970","676,810","흥국화재 | 흥국다이렉트개인용자동차보험(CM) | 최종 보험료 | 2,054,160원 | 총 보험료 | 결제 2,730,970원 | 마일리지 환급 676,810원 | 바로 가입하기",BMW,3 Series,2020,320d,ED (OE),id2,28,남
142,2026-09-08 21:42:58,14로6902,2026-10-06,본인,흥국화재,"2,207,840","2,933,930","726,090","흥국화재 | 흥국다이렉트개인용자동차보험(CM) | 최종 보험료 | 2,207,840원 | 총 보험료 | 결제 2,933,930원 | 마일리지 환급 726,090원 | 바로 가입하기",BMW,3 Series,2017,320d,ED,id2,28,남
143,2026-09-08 21:44:19,14로6902,2026-10-06,본인,흥국화재,"2,147,300","2,853,210","705,910","흥국화재 | 흥국다이렉트개인용자동차보험(CM) | 최종 보험료 | 2,147,300원 | 총 보험료 | 결제 2,853,210원 | 마일리지 환급 705,910원 | 바로 가입하기",BMW,5 Series,2014,520d,Luxury,id2,28,남
144,2026-09-08 21:45:30,14로6902,2026-10-06,본인,흥국화재,"853,820","1,104,140","250,320","흥국화재 | 흥국다이렉트개인용자동차보험(CM) | 최종 보험료 | 853,820원 | 총 보험료 | 결제 1,104,140원 | 마일리지 환급 250,320원 | 바로 가입하기",기아,RAY,2025,THE NEW RAY 1.0,베스트 셀렉션,id2,28,남
146,2026-09-08 21:49:07,14로6902,2026-10-06,본인,흥국화재,"1,363,330","1,761,170","397,840","흥국화재 | 흥국다이렉트개인용자동차보험(CM) | 최종 보험료 | 1,363,330원 | 총 보험료 | 결제 1,761,170원 | 마일리지 환급 397,840원 | 바로 가입하기",기아,RAY,2019,RAY 밴,VAN,id2,28,남
147,2026-09-08 21:50:20,14로6902,2026-10-06,본인,흥국화재,"1,035,910","1,376,920","341,010","흥국화재 | 흥국다이렉트개인용자동차보험(CM) | 최종 보험료 | 1,035,910원 | 총 보험료 | 결제 1,376,920원 | 마일리지 환급 341,010원 | 바로 가입하기",현대,투싼,2024,투싼 디젤2.0(4세대),프리미엄(4WD),id2,28,남
148,2026-09-08 21:51:30,14로6902,2026-10-06,본인,흥국화재,"1,259,050","1,672,530","413,480","흥국화재 | 흥국다이렉트개인용자동차보험(CM) | 최종 보험료 | 1,259,050원 | 총 보험료 | 결제 1,672,530원 | 마일리지 환급 413,480원 | 바로 가입하기",현대,투싼,2021,투싼 디젤2.0(4세대),모던(4WD),id2,28,남
149,2026-09-08 21:52:49,14로6902,2026-10-06,본인,흥국화재,"1,517,430","1,963,560","446,130","흥국화재 | 흥국다이렉트개인용자동차보험(CM) | 최종 보험료 | 1,517,430원 | 총 보험료 | 결제 1,963,560원 | 마일리지 환급 446,130원 | 바로 가입하기",현대,투싼,2018,올뉴투싼 1.6터보 GDI,스마트,id2,28,남
150,2026-09-08 21:55:21,14로6902,2026-10-06,본인,흥국화재,"1,530,620","2,037,360","506,740","흥국화재 | 흥국다이렉트개인용자동차보험(CM) | 최종 보험료 | 1,530,620원 | 총 보험료 | 결제 2,037,360원 | 마일리지 환급 506,740원 | 바로 가입하기",현대,아이오닉,2026,더 뉴 아이오닉 5,AWD,id2,28,남
151,2026-09-08 21:56:41,14로6902,2026-10-06,본인,흥국화재,"1,498,470","1,938,890","440,420","흥국화재 | 흥국다이렉트개인용자동차보험(CM) | 최종 보험료 | 1,498,470원 | 총 보험료 | 결제 1,938,890원 | 마일리지 환급 440,420원 | 바로 가입하기",현대,아이오닉,2023,더 뉴 아이오닉 일렉트릭,엔,id2,28,남
152,2026-09-08 21:57:55,14로6902,2026-10-06,본인,흥국화재,"2,001,860","2,592,690","590,830","흥국화재 | 흥국다이렉트개인용자동차보험(CM) | 최종 보험료 | 2,001,860원 | 총 보험료 | 결제 2,592,690원 | 마일리지 환급 590,830원 | 바로 가입하기",현대,아이오닉,2020,더 뉴 아이오닉 플러그인 하이브리드,큐,id2,28,남
153,2026-09-08 21:59:09,14로6902,2026-10-06,본인,흥국화재,"1,284,800","1,709,770","424,970","흥국화재 | 흥국다이렉트개인용자동차보험(CM) | 최종 보험료 | 1,284,800원 | 총 보험료 | 결제 1,709,770원 | 마일리지 환급 424,970원 | 바로 가입하기",기아,K9,2025,THE K9 3.8 GDI,플래티넘(AWD),id2,28,남
154,2026-09-08 22:00:25,14로6902,2026-10-06,본인,흥국화재,"1,471,880","1,956,430","484,550","흥국화재 | 흥국다이렉트개인용자동차보험(CM) | 최종 보험료 | 1,471,880원 | 총 보험료 | 결제 1,956,430원 | 마일리지 환급 484,550원 | 바로 가입하기",기아,K9,2022,THE K9 3.8 GDI,마스터즈(AWD),id2,28,남
155,2026-09-08 22:03:01,14로6902,2026-10-06,본인,흥국화재,"1,906,720","2,534,310","627,590","흥국화재 | 흥국다이렉트개인용자동차보험(CM) | 최종 보험료 | 1,906,720원 | 총 보험료 | 결제 2,534,310원 | 마일리지 환급 627,590원 | 바로 가입하기",기아,K9,2019,K9 5.0,퀀텀,id2,28,남
156,2026-09-08 22:04:50,14로6902,2026-10-06,본인,흥국화재,"783,050","1,038,660","255,610","흥국화재 | 흥국다이렉트개인용자동차보험(CM) | 최종 보험료 | 783,050원 | 총 보험료 | 결제 1,038,660원 | 마일리지 환급 255,610원 | 바로 가입하기",현대,팰리세이드,2024,팰리세이드 2.2D(22.05.19~),캘리그래피(4WD),id2,28,남
157,2026-09-08 22:06:08,14로6902,2026-10-06,본인,흥국화재,"1,027,730","1,362,500","334,770","흥국화재 | 흥국다이렉트개인용자동차보험(CM) | 최종 보험료 | 1,027,730원 | 총 보험료 | 결제 1,362,500원 | 마일리지 환급 334,770원 | 바로 가입하기",현대,팰리세이드,2021,팰리세이드 3.8(2WD),프레스티지,id2,28,남
158,2026-09-08 22:07:21,14로6902,2026-10-06,본인,흥국화재,"1,277,100","1,693,180","416,080","흥국화재 | 흥국다이렉트개인용자동차보험(CM) | 최종 보험료 | 1,277,100원 | 총 보험료 | 결제 1,693,180원 | 마일리지 환급 416,080원 | 바로 가입하기",현대,팰리세이드,2018,팰리세이드 2.2(4WD),프레스티지,id2,28,남
159,2026-09-08 22:08:45,14로6902,2026-10-06,본인,흥국화재,"2,619,060","3,488,610","869,550","흥국화재 | 흥국다이렉트개인용자동차보험(CM) | 최종 보험료 | 2,619,060원 | 총 보험료 | 결제 3,488,610원 | 마일리지 환급 869,550원 | 바로 가입하기",Tesla,Model 3,2026,Model 3,Long Range(2022~),id2,28,남
160,2026-09-08 22:11:20,14로6902,2026-10-06,본인,흥국화재,"2,231,930","2,970,680","738,750","흥국화재 | 흥국다이렉트개인용자동차보험(CM) | 최종 보험료 | 2,231,930원 | 총 보험료 | 결제 2,970,680원 | 마일리지 환급 738,750원 | 바로 가입하기",Tesla,Model 3,2024,Model 3 Premium Long Range AWD,오토,id2,28,남
161,2026-09-08 22:12:37,14로6902,2026-10-06,본인,흥국화재,"2,858,110","3,803,310","945,200","흥국화재 | 흥국다이렉트개인용자동차보험(CM) | 최종 보험료 | 2,858,110원 | 총 보험료 | 결제 3,803,310원 | 마일리지 환급 945,200원 | 바로 가입하기",Tesla,Model 3,2022,Model 3,Performance,id2,28,남
162,2026-09-08 22:14:00,14로6902,2026-10-06,본인,흥국화재,"3,018,230","4,014,780","996,550","흥국화재 | 흥국다이렉트개인용자동차보험(CM) | 최종 보험료 | 3,018,230원 | 총 보험료 | 결제 4,014,780원 | 마일리지 환급 996,550원 | 바로 가입하기",Tesla,Model 3,2020,Model 3,Standard Range Plus,id2,28,남
93,2026-09-09 11:17:15,14로6902,2026-10-06,본인,흥국화재,"1,003,820","1,335,040","331,220","흥국화재 | 흥국다이렉트개인용자동차보험(CM) | 최종 보험료 | 1,003,820원 | 총 보험료 | 결제 1,335,040원 | 마일리지 환급 331,220원 | 바로 가입하기",현대,코나,2025,디올뉴 코나 2.0,프리미엄(2WD),id2,28,남
94,2026-09-09 11:18:50,14로6902,2026-10-06,본인,흥국화재,"1,020,160","1,354,010","333,850","흥국화재 | 흥국다이렉트개인용자동차보험(CM) | 최종 보험료 | 1,020,160원 | 총 보험료 | 결제 1,354,010원 | 마일리지 환급 333,850원 | 바로 가입하기",현대,코나,2022,더뉴 코나 2.0,모던(4WD),id2,28,남
95,2026-09-09 11:20:50,14로6902,2026-10-06,본인,흥국화재,"1,496,650","1,936,580","439,930","흥국화재 | 흥국다이렉트개인용자동차보험(CM) | 최종 보험료 | 1,496,650원 | 총 보험료 | 결제 1,936,580원 | 마일리지 환급 439,930원 | 바로 가입하기",현대,코나,2020,더뉴 코나 1.6 터보,인스퍼레이션(4WD),id2,28,남
96,2026-09-09 11:23:51,14로6902,2026-10-06,본인,흥국화재,"1,679,500","2,172,250","492,750","흥국화재 | 흥국다이렉트개인용자동차보험(CM) | 최종 보험료 | 1,679,500원 | 총 보험료 | 결제 2,172,250원 | 마일리지 환급 492,750원 | 바로 가입하기",현대,코나,2017,코나 1.6 터보(4WD),스마트,id2,28,남
97,2026-09-09 11:25:55,14로6902,2026-10-06,본인,흥국화재,"920,360","1,224,320","303,960","흥국화재 | 흥국다이렉트개인용자동차보험(CM) | 최종 보험료 | 920,360원 | 총 보험료 | 결제 1,224,320원 | 마일리지 환급 303,960원 | 바로 가입하기",기아,셀토스,2026,셀토스 2.0,프레스티지(4WD),id2,28,남
98,2026-09-09 11:27:38,14로6902,2026-10-06,본인,흥국화재,"1,124,510","1,454,470","329,960","흥국화재 | 흥국다이렉트개인용자동차보험(CM) | 최종 보험료 | 1,124,510원 | 총 보험료 | 결제 1,454,470원 | 마일리지 환급 329,960원 | 바로 가입하기",기아,셀토스,2023,셀토스 1.6 디젤,노블레스(4WD),id2,28,남
99,2026-09-09 11:29:40,14로6902,2026-10-06,본인,흥국화재,"1,372,960","1,777,130","404,170","흥국화재 | 흥국다이렉트개인용자동차보험(CM) | 최종 보험료 | 1,372,960원 | 총 보험료 | 결제 1,777,130원 | 마일리지 환급 404,170원 | 바로 가입하기",기아,셀토스,2021,셀토스 1.6 터보,그래비티(4WD),id2,28,남
100,2026-09-09 11:33:18,14로6902,2026-10-06,본인,흥국화재,"1,569,940","2,031,760","461,820","흥국화재 | 흥국다이렉트개인용자동차보험(CM) | 최종 보험료 | 1,569,940원 | 총 보험료 | 결제 2,031,760원 | 마일리지 환급 461,820원 | 바로 가입하기",기아,셀토스,2019,셀토스 1.6 디젤,트렌디(4WD),id2,28,남
101,2026-09-09 11:34:25,14로6902,2026-10-06,본인,흥국화재,"766,450","1,018,020","251,570","흥국화재 | 흥국다이렉트개인용자동차보험(CM) | 최종 보험료 | 766,450원 | 총 보험료 | 결제 1,018,020원 | 마일리지 환급 251,570원 | 바로 가입하기",현대,스타리아,2025,스타리아 투어러,모던(4WD),id2,28,남
102,2026-09-09 11:35:39,14로6902,2026-10-06,본인,흥국화재,"961,100","1,273,670","312,570","흥국화재 | 흥국다이렉트개인용자동차보험(CM) | 최종 보험료 | 961,100원 | 총 보험료 | 결제 1,273,670원 | 마일리지 환급 312,570원 | 바로 가입하기",현대,스타리아,2022,스타리아 라운지,리무진(2WD),id2,28,남
103,2026-09-09 11:36:48,14로6902,2026-10-06,본인,흥국화재,"1,002,900","1,332,900","330,000","흥국화재 | 흥국다이렉트개인용자동차보험(CM) | 최종 보험료 | 1,002,900원 | 총 보험료 | 결제 1,332,900원 | 마일리지 환급 330,000원 | 바로 가입하기",현대,쏘나타,2024,쏘나타 디 엣지 2.0,익스클루시브,id2,28,남
104,2026-09-09 11:37:55,14로6902,2026-10-06,본인,흥국화재,"1,502,540","1,945,410","442,870","흥국화재 | 흥국다이렉트개인용자동차보험(CM) | 최종 보험료 | 1,502,540원 | 총 보험료 | 결제 1,945,410원 | 마일리지 환급 442,870원 | 바로 가입하기",현대,쏘나타,2021,쏘나타 센슈어스 1.6,프리미엄,id2,28,남
106,2026-09-09 11:41:34,14로6902,2026-10-06,본인,흥국화재,"1,505,810","2,003,600","497,790","흥국화재 | 흥국다이렉트개인용자동차보험(CM) | 최종 보험료 | 1,505,810원 | 총 보험료 | 결제 2,003,600원 | 마일리지 환급 497,790원 | 바로 가입하기",기아,EV5,2025,EV5,롱레인지 어스(2WD),id2,28,남
107,2026-09-09 11:42:41,14로6902,2026-10-06,본인,흥국화재,"972,310","1,258,490","286,180","흥국화재 | 흥국다이렉트개인용자동차보험(CM) | 최종 보험료 | 972,310원 | 총 보험료 | 결제 1,258,490원 | 마일리지 환급 286,180원 | 바로 가입하기",기아,스포티지,2024,The New 스포티지 가솔린 터보 1.6,프레스티지(4WD),id2,28,남
108,2026-09-09 11:43:55,14로6902,2026-10-06,본인,흥국화재,"1,106,760","1,469,470","362,710","흥국화재 | 흥국다이렉트개인용자동차보험(CM) | 최종 보험료 | 1,106,760원 | 총 보험료 | 결제 1,469,470원 | 마일리지 환급 362,710원 | 바로 가입하기",기아,스포티지,2021,스포티지 더 볼드 누우2.0 가솔린,프레스티지(2WD),id2,28,남
109,2026-09-09 11:45:03,14로6902,2026-10-06,본인,흥국화재,"1,426,010","1,893,440","467,430","흥국화재 | 흥국다이렉트개인용자동차보험(CM) | 최종 보험료 | 1,426,010원 | 총 보험료 | 결제 1,893,440원 | 마일리지 환급 467,430원 | 바로 가입하기",기아,스포티지,2019,THE SUV 스포티지(2WD),프레스티지,id2,28,남
110,2026-09-09 11:47:37,14로6902,2026-10-06,본인,흥국화재,"1,599,230","2,122,450","523,220","흥국화재 | 흥국다이렉트개인용자동차보험(CM) | 최종 보험료 | 1,599,230원 | 총 보험료 | 결제 2,122,450원 | 마일리지 환급 523,220원 | 바로 가입하기",기아,스포티지,2016,THE SUV 스포티지(2WD),노블레스,id2,28,남
111,2026-09-09 11:48:51,14로6902,2026-10-06,본인,흥국화재,"1,337,750","1,775,760","438,010","흥국화재 | 흥국다이렉트개인용자동차보험(CM) | 최종 보험료 | 1,337,750원 | 총 보험료 | 결제 1,775,760원 | 마일리지 환급 438,010원 | 바로 가입하기",삼성,SM5,2020,뉴SM5(신형)2.0,Classic,id2,28,남
112,2026-09-09 11:49:57,14로6902,2026-10-06,본인,흥국화재,"1,419,700","1,883,070","463,370","흥국화재 | 흥국다이렉트개인용자동차보험(CM) | 최종 보험료 | 1,419,700원 | 총 보험료 | 결제 1,883,070원 | 마일리지 환급 463,370원 | 바로 가입하기",삼성,SM5,2017,뉴SM5(신형)1.6,TCE,id2,28,남
113,2026-09-09 11:51:10,14로6902,2026-10-06,본인,흥국화재,"983,780","1,308,880","325,100","흥국화재 | 흥국다이렉트개인용자동차보험(CM) | 최종 보험료 | 983,780원 | 총 보험료 | 결제 1,308,880원 | 마일리지 환급 325,100원 | 바로 가입하기",삼성,그랑 콜레오스,2026,그랑 콜레오스 2.0 터보,테크노,id2,28,남
114,2026-09-09 11:52:26,14로6902,2026-10-06,본인,흥국화재,"1,226,710","1,588,880","362,170","흥국화재 | 흥국다이렉트개인용자동차보험(CM) | 최종 보험료 | 1,226,710원 | 총 보험료 | 결제 1,588,880원 | 마일리지 환급 362,170원 | 바로 가입하기",삼성,그랑 콜레오스,2024,그랑 콜레오스 1.5 하이브리드,아이코닉,id2,28,남
115,2026-09-09 11:54:49,14로6902,2026-10-06,본인,흥국화재,"1,527,560","2,026,880","499,320","흥국화재 | 흥국다이렉트개인용자동차보험(CM) | 최종 보험료 | 1,527,560원 | 총 보험료 | 결제 2,026,880원 | 마일리지 환급 499,320원 | 바로 가입하기",삼성,QM5,2017,뉴QM5 2.0(4WD),LE,id2,28,남
116,2026-09-09 11:56:07,14로6902,2026-10-06,본인,흥국화재,"1,123,400","1,455,410","332,010","흥국화재 | 흥국다이렉트개인용자동차보험(CM) | 최종 보험료 | 1,123,400원 | 총 보험료 | 결제 1,455,410원 | 마일리지 환급 332,010원 | 바로 가입하기",쌍용,티볼리,2025,더 뉴 티볼리 1.6,V3(2WD),id2,28,남
117,2026-09-09 11:57:10,14로6902,2026-10-06,본인,흥국화재,"1,350,860","1,748,420","397,560","흥국화재 | 흥국다이렉트개인용자동차보험(CM) | 최종 보험료 | 1,350,860원 | 총 보험료 | 결제 1,748,420원 | 마일리지 환급 397,560원 | 바로 가입하기",쌍용,티볼리,2022,리스펙 티볼리 1.5,업비트(4WD),id2,28,남
118,2026-09-09 11:58:16,14로6902,2026-10-06,본인,흥국화재,"1,828,930","2,368,110","539,180","흥국화재 | 흥국다이렉트개인용자동차보험(CM) | 최종 보험료 | 1,828,930원 | 총 보험료 | 결제 2,368,110원 | 마일리지 환급 539,180원 | 바로 가입하기",쌍용,티볼리,2019,베리 뉴 티볼리 1.5,V7,id2,28,남
119,2026-09-09 11:59:27,14로6902,2026-10-06,본인,흥국화재,"1,278,010","1,656,730","378,720","흥국화재 | 흥국다이렉트개인용자동차보험(CM) | 최종 보험료 | 1,278,010원 | 총 보험료 | 결제 1,656,730원 | 마일리지 환급 378,720원 | 바로 가입하기",쌍용,토레스,2026,토레스 1.5,TL7,id2,28,남
120,2026-09-09 12:01:56,14로6902,2026-10-06,본인,흥국화재,"1,374,310","1,778,880","404,570","흥국화재 | 흥국다이렉트개인용자동차보험(CM) | 최종 보험료 | 1,374,310원 | 총 보험료 | 결제 1,778,880원 | 마일리지 환급 404,570원 | 바로 가입하기",쌍용,토레스,2023,토레스 1.5,TL5,id2,28,남
121,2026-09-09 12:03:01,14로6902,2026-10-06,본인,흥국화재,"1,025,780","1,328,640","302,860","흥국화재 | 흥국다이렉트개인용자동차보험(CM) | 최종 보험료 | 1,025,780원 | 총 보험료 | 결제 1,328,640원 | 마일리지 환급 302,860원 | 바로 가입하기",대우,트레일블레이저,2025,트레일블레이저 1.35,RS,id2,28,남
122,2026-09-09 12:04:11,14로6902,2026-10-06,본인,흥국화재,"1,025,880","1,326,370","300,490","흥국화재 | 흥국다이렉트개인용자동차보험(CM) | 최종 보험료 | 1,025,880원 | 총 보험료 | 결제 1,326,370원 | 마일리지 환급 300,490원 | 바로 가입하기",대우,트레일블레이저,2022,트레일블레이저 1.2,LS,id2,28,남
123,2026-09-09 12:05:26,14로6902,2026-10-06,본인,흥국화재,"1,682,690","2,238,360","555,670","흥국화재 | 흥국다이렉트개인용자동차보험(CM) | 최종 보험료 | 1,682,690원 | 총 보험료 | 결제 2,238,360원 | 마일리지 환급 555,670원 | 바로 가입하기",BMW,MINI Cooper,2024,Mini Cooper SE,Classic,id2,28,남
124,2026-09-09 12:06:44,14로6902,2026-10-06,본인,흥국화재,"2,030,470","2,631,040","600,570","흥국화재 | 흥국다이렉트개인용자동차보험(CM) | 최종 보험료 | 2,030,470원 | 총 보험료 | 결제 2,631,040원 | 마일리지 환급 600,570원 | 바로 가입하기",BMW,MINI Cooper,2021,New Cooper D,3door,id2,28,남
125,2026-09-09 12:09:16,14로6902,2026-10-06,본인,흥국화재,"2,002,310","2,593,270","590,960","흥국화재 | 흥국다이렉트개인용자동차보험(CM) | 최종 보험료 | 2,002,310원 | 총 보험료 | 결제 2,593,270원 | 마일리지 환급 590,960원 | 바로 가입하기",BMW,MINI Cooper,2018,New Mini Cooper,5door,id2,28,남
126,2026-09-09 12:10:28,14로6902,2026-10-06,본인,흥국화재,"1,346,790","1,792,890","446,100","흥국화재 | 흥국다이렉트개인용자동차보험(CM) | 최종 보험료 | 1,346,790원 | 총 보험료 | 결제 1,792,890원 | 마일리지 환급 446,100원 | 바로 가입하기",Volkswagen,Golf,2026,The Golf 8,GTI,id2,28,남
127,2026-09-09 12:11:43,14로6902,2026-10-06,본인,흥국화재,"1,392,600","1,850,590","457,990","흥국화재 | 흥국다이렉트개인용자동차보험(CM) | 최종 보험료 | 1,392,600원 | 총 보험료 | 결제 1,850,590원 | 마일리지 환급 457,990원 | 바로 가입하기",Volkswagen,Golf,2023,The Golf 8,2.0 TDI Premium,id2,28,남
130,2026-09-09 12:14:29,14로6902,2026-10-06,본인,흥국화재,"1,927,270","2,563,490","636,220","흥국화재 | 흥국다이렉트개인용자동차보험(CM) | 최종 보험료 | 1,927,270원 | 총 보험료 | 결제 2,563,490원 | 마일리지 환급 636,220원 | 바로 가입하기",Audi,A5,2022,A5 40 TDI,Quattro Premium Sportback,id2,28,남
131,2026-09-09 12:15:47,14로6902,2026-10-06,본인,흥국화재,"2,376,310","3,160,500","784,190","흥국화재 | 흥국다이렉트개인용자동차보험(CM) | 최종 보험료 | 2,376,310원 | 총 보험료 | 결제 3,160,500원 | 마일리지 환급 784,190원 | 바로 가입하기",Audi,A5,2020,A5 40 TDI,Quattro Premium Sportback,id2,28,남
132,2026-09-09 12:17:01,14로6902,2026-10-06,본인,흥국화재,"1,314,150","1,748,730","434,580","흥국화재 | 흥국다이렉트개인용자동차보험(CM) | 최종 보험료 | 1,314,150원 | 총 보험료 | 결제 1,748,730원 | 마일리지 환급 434,580원 | 바로 가입하기",BYD,SEALION 7,2026,SEALION 7 Plus,오토,id2,28,남
133,2026-09-09 12:18:06,14로6902,2026-10-06,본인,흥국화재,"1,205,540","1,603,910","398,370","흥국화재 | 흥국다이렉트개인용자동차보험(CM) | 최종 보험료 | 1,205,540원 | 총 보험료 | 결제 1,603,910원 | 마일리지 환급 398,370원 | 바로 가입하기",BYD,DOLPHIN,2026,DOLPHIN,오토,id2,28,남
134,2026-09-09 12:19:20,14로6902,2026-10-06,본인,흥국화재,"1,444,880","1,922,360","477,480","흥국화재 | 흥국다이렉트개인용자동차보험(CM) | 최종 보험료 | 1,444,880원 | 총 보험료 | 결제 1,922,360원 | 마일리지 환급 477,480원 | 바로 가입하기",현대,넥쏘,2025,디 올 뉴 넥쏘,익스클루시브,id2,28,남
135,2026-09-09 12:22:08,14로6902,2026-10-06,본인,흥국화재,"1,656,660","2,201,380","544,720","흥국화재 | 흥국다이렉트개인용자동차보험(CM) | 최종 보험료 | 1,656,660원 | 총 보험료 | 결제 2,201,380원 | 마일리지 환급 544,720원 | 바로 가입하기",현대,넥쏘,2022,넥쏘,모던(2021년),id2,28,남
136,2026-09-09 12:23:19,14로6902,2026-10-06,본인,흥국화재,"2,152,450","2,860,410","707,960","흥국화재 | 흥국다이렉트개인용자동차보험(CM) | 최종 보험료 | 2,152,450원 | 총 보험료 | 결제 2,860,410원 | 마일리지 환급 707,960원 | 바로 가입하기",현대,넥쏘,2019,넥쏘 FCEV,프리미엄,id2,28,남
138,2026-09-09 12:25:47,14로6902,2026-10-06,본인,흥국화재,"1,434,670","1,908,750","474,080","흥국화재 | 흥국다이렉트개인용자동차보험(CM) | 최종 보험료 | 1,434,670원 | 총 보험료 | 결제 1,908,750원 | 마일리지 환급 474,080원 | 바로 가입하기",기아,PV5,2025,PV5 패신저,플러스,id2,28,남
1,2026-08-28 17:42:06,14로6902,2026-08-31,본인,AXA,"1,244,160","1,800,460","556,300","AXA손해보험 | 다이렉트 자동차보험 | 최종 보험료 | 1,244,160원 | 총 보험료 | 결제 1,800,460원 | 마일리지 환급 556,300원 | 마일리지 선할인 546,570원 | 바로 가입하기",현대,쏘나타,2026,쏘나타 디 엣지 2.0,프리미엄,id3,28,남
1,2026-08-28 17:42:06,14로6902,2026-08-31,본인,DB손해보험,"1,080,490","1,401,350","320,860","DB손해보험 | 프로미카 다이렉트개인용자동차보험(플랫폼) | 최종 보험료 | 1,080,490원 | 총 보험료 | 결제 1,401,350원 | 마일리지 환급 320,860원 | 바로 가입하기",현대,쏘나타,2026,쏘나타 디 엣지 2.0,프리미엄,id3,28,남
1,2026-08-28 17:42:06,14로6902,2026-08-31,본인,KB손해보험,"944,550","1,274,530","329,980","KB손해보험 | KB다이렉트(플랫폼)개인용자동차보험 | 최종 보험료 | 944,550원 | 총 보험료 | 결제 1,274,530원 | 마일리지 환급 329,980원 | 바로 가입하기",현대,쏘나타,2026,쏘나타 디 엣지 2.0,프리미엄,id3,28,남
1,2026-08-28 17:42:06,14로6902,2026-08-31,본인,롯데손해보험,"1,076,340","1,293,050","216,710","롯데손해보험 | let:click 개인용자동차보험(인터넷) | 최종 보험료 | 1,076,340원 | 총 보험료 | 결제 1,293,050원 | 마일리지 환급 216,710원 | 바로 가입하기",현대,쏘나타,2026,쏘나타 디 엣지 2.0,프리미엄,id3,28,남
1,2026-08-28 17:42:06,14로6902,2026-08-31,본인,메리츠화재,"915,970","1,321,940","405,970","메리츠화재 | 메리츠화재 다이렉트 자동차보험(CM) | 최종 보험료 | 915,970원 | 총 보험료 | 결제 1,321,940원 | 마일리지 환급 405,970원 | 바로 가입하기",현대,쏘나타,2026,쏘나타 디 엣지 2.0,프리미엄,id3,28,남
1,2026-08-28 17:42:06,14로6902,2026-08-31,본인,삼성화재,"1,041,960","1,268,260","226,300","삼성화재 | 개인용애니카다이렉트자동차보험(플랫폼) | 최종 보험료 | 1,041,960원 | 총 보험료 | 결제 1,268,260원 | 마일리지 환급 226,300원 | 바로 가입하기",현대,쏘나타,2026,쏘나타 디 엣지 2.0,프리미엄,id3,28,남
1,2026-08-28 17:42:06,14로6902,2026-08-31,본인,하나손해보험,"978,450","1,279,260","300,810","하나손해보험 | 하나 다이렉트 자동차보험 | 최종 보험료 | 978,450원 | 총 보험료 | 결제 1,279,260원 | 마일리지 환급 300,810원 | 마일리지 선할인 288,120원 | 바로 가입하기",현대,쏘나타,2026,쏘나타 디 엣지 2.0,프리미엄,id3,28,남
1,2026-08-28 17:42:06,14로6902,2026-08-31,본인,한화손보,"1,043,350","1,331,000","287,650","한화손보 | 캐롯 자동차보험 | 최종 보험료 | 1,043,350원 | 총 보험료 | 결제 1,331,000원 | 마일리지 환급 287,650원 | 월 납입 시 153,420원 | 바로 가입하기",현대,쏘나타,2026,쏘나타 디 엣지 2.0,프리미엄,id3,28,남
1,2026-08-28 17:42:06,14로6902,2026-08-31,본인,현대해상,"998,520","1,381,170","382,650","현대해상 | Hicar 다이렉트 개인용자동차보험(플랫폼) | 최종 보험료 | 998,520원 | 총 보험료 | 결제 1,381,170원 | 마일리지 환급 382,650원 | 바로 가입하기",현대,쏘나타,2026,쏘나타 디 엣지 2.0,프리미엄,id3,28,남
1,2026-08-28 17:42:06,14로6902,2026-08-31,본인,흥국화재,"1,025,520","1,329,300","303,780","흥국화재 | 흥국다이렉트개인용자동차보험(CM) | 최종 보험료 | 1,025,520원 | 총 보험료 | 결제 1,329,300원 | 마일리지 환급 303,780원 | 바로 가입하기",현대,쏘나타,2026,쏘나타 디 엣지 2.0,프리미엄,id3,28,남
2,2026-08-28 17:42:49,14로6902,2026-09-01,본인,AXA,"1,254,350","1,815,250","560,900","AXA손해보험 | 다이렉트 자동차보험 | 최종 보험료 | 1,254,350원 | 총 보험료 | 결제 1,815,250원 | 마일리지 환급 560,900원 | 마일리지 선할인 551,090원 | 바로 가입하기",현대,쏘나타,2026,쏘나타 디 엣지 2.0,프리미엄,id3,28,남
2,2026-08-28 17:42:49,14로6902,2026-09-01,본인,DB손해보험,"1,080,490","1,401,350","320,860","DB손해보험 | 프로미카 다이렉트개인용자동차보험(플랫폼) | 최종 보험료 | 1,080,490원 | 총 보험료 | 결제 1,401,350원 | 마일리지 환급 320,860원 | 바로 가입하기",현대,쏘나타,2026,쏘나타 디 엣지 2.0,프리미엄,id3,28,남
2,2026-08-28 17:42:49,14로6902,2026-09-01,본인,KB손해보험,"947,280","1,278,210","330,930","KB손해보험 | KB다이렉트(플랫폼)개인용자동차보험 | 최종 보험료 | 947,280원 | 총 보험료 | 결제 1,278,210원 | 마일리지 환급 330,930원 | 바로 가입하기",현대,쏘나타,2026,쏘나타 디 엣지 2.0,프리미엄,id3,28,남
2,2026-08-28 17:42:49,14로6902,2026-09-01,본인,롯데손해보험,"1,091,420","1,311,210","219,790","롯데손해보험 | let:click 개인용자동차보험(인터넷) | 최종 보험료 | 1,091,420원 | 총 보험료 | 결제 1,311,210원 | 마일리지 환급 219,790원 | 바로 가입하기",현대,쏘나타,2026,쏘나타 디 엣지 2.0,프리미엄,id3,28,남
2,2026-08-28 17:42:49,14로6902,2026-09-01,본인,메리츠화재,"915,970","1,321,940","405,970","메리츠화재 | 메리츠화재 다이렉트 자동차보험(CM) | 최종 보험료 | 915,970원 | 총 보험료 | 결제 1,321,940원 | 마일리지 환급 405,970원 | 바로 가입하기",현대,쏘나타,2026,쏘나타 디 엣지 2.0,프리미엄,id3,28,남
2,2026-08-28 17:42:49,14로6902,2026-09-01,본인,삼성화재,"1,041,960","1,268,260","226,300","삼성화재 | 개인용애니카다이렉트자동차보험(플랫폼) | 최종 보험료 | 1,041,960원 | 총 보험료 | 결제 1,268,260원 | 마일리지 환급 226,300원 | 바로 가입하기",현대,쏘나타,2026,쏘나타 디 엣지 2.0,프리미엄,id3,28,남
2,2026-08-28 17:42:49,14로6902,2026-09-01,본인,하나손해보험,"978,450","1,279,260","300,810","하나손해보험 | 하나 다이렉트 자동차보험 | 최종 보험료 | 978,450원 | 총 보험료 | 결제 1,279,260원 | 마일리지 환급 300,810원 | 마일리지 선할인 288,120원 | 바로 가입하기",현대,쏘나타,2026,쏘나타 디 엣지 2.0,프리미엄,id3,28,남
2,2026-08-28 17:42:49,14로6902,2026-09-01,본인,한화손보,"1,043,350","1,331,000","287,650","한화손보 | 캐롯 자동차보험 | 최종 보험료 | 1,043,350원 | 총 보험료 | 결제 1,331,000원 | 마일리지 환급 287,650원 | 월 납입 시 153,420원 | 바로 가입하기",현대,쏘나타,2026,쏘나타 디 엣지 2.0,프리미엄,id3,28,남
2,2026-08-28 17:42:49,14로6902,2026-09-01,본인,현대해상,"998,520","1,381,170","382,650","현대해상 | Hicar 다이렉트 개인용자동차보험(플랫폼) | 최종 보험료 | 998,520원 | 총 보험료 | 결제 1,381,170원 | 마일리지 환급 382,650원 | 바로 가입하기",현대,쏘나타,2026,쏘나타 디 엣지 2.0,프리미엄,id3,28,남
2,2026-08-28 17:42:49,14로6902,2026-09-01,본인,흥국화재,"971,690","1,292,750","321,060","흥국화재 | 흥국다이렉트개인용자동차보험(CM) | 최종 보험료 | 971,690원 | 총 보험료 | 결제 1,292,750원 | 마일리지 환급 321,060원 | 바로 가입하기",현대,쏘나타,2026,쏘나타 디 엣지 2.0,프리미엄,id3,28,남
3,2026-08-28 17:43:34,14로6902,2026-09-06,본인,AXA,"1,254,350","1,815,250","560,900","AXA손해보험 | 다이렉트 자동차보험 | 최종 보험료 | 1,254,350원 | 총 보험료 | 결제 1,815,250원 | 마일리지 환급 560,900원 | 마일리지 선할인 551,090원 | 바로 가입하기",현대,쏘나타,2026,쏘나타 디 엣지 2.0,프리미엄,id3,28,남
3,2026-08-28 17:43:34,14로6902,2026-09-06,본인,DB손해보험,"1,080,490","1,401,350","320,860","DB손해보험 | 프로미카 다이렉트개인용자동차보험(플랫폼) | 최종 보험료 | 1,080,490원 | 총 보험료 | 결제 1,401,350원 | 마일리지 환급 320,860원 | 바로 가입하기",현대,쏘나타,2026,쏘나타 디 엣지 2.0,프리미엄,id3,28,남
3,2026-08-28 17:43:34,14로6902,2026-09-06,본인,KB손해보험,"946,610","1,277,290","330,680","KB손해보험 | KB다이렉트(플랫폼)개인용자동차보험 | 최종 보험료 | 946,610원 | 총 보험료 | 결제 1,277,290원 | 마일리지 환급 330,680원 | 바로 가입하기",현대,쏘나타,2026,쏘나타 디 엣지 2.0,프리미엄,id3,28,남
3,2026-08-28 17:43:34,14로6902,2026-09-06,본인,롯데손해보험,"1,091,420","1,311,210","219,790","롯데손해보험 | let:click 개인용자동차보험(인터넷) | 최종 보험료 | 1,091,420원 | 총 보험료 | 결제 1,311,210원 | 마일리지 환급 219,790원 | 바로 가입하기",현대,쏘나타,2026,쏘나타 디 엣지 2.0,프리미엄,id3,28,남
3,2026-08-28 17:43:34,14로6902,2026-09-06,본인,메리츠화재,"915,970","1,321,940","405,970","메리츠화재 | 메리츠화재 다이렉트 자동차보험(CM) | 최종 보험료 | 915,970원 | 총 보험료 | 결제 1,321,940원 | 마일리지 환급 405,970원 | 바로 가입하기",현대,쏘나타,2026,쏘나타 디 엣지 2.0,프리미엄,id3,28,남
3,2026-08-28 17:43:34,14로6902,2026-09-06,본인,삼성화재,"1,041,960","1,268,260","226,300","삼성화재 | 개인용애니카다이렉트자동차보험(플랫폼) | 최종 보험료 | 1,041,960원 | 총 보험료 | 결제 1,268,260원 | 마일리지 환급 226,300원 | 바로 가입하기",현대,쏘나타,2026,쏘나타 디 엣지 2.0,프리미엄,id3,28,남
3,2026-08-28 17:43:34,14로6902,2026-09-06,본인,하나손해보험,"982,840","1,285,020","302,180","하나손해보험 | 하나 다이렉트 자동차보험 | 최종 보험료 | 982,840원 | 총 보험료 | 결제 1,285,020원 | 마일리지 환급 302,180원 | 마일리지 선할인 289,430원 | 바로 가입하기",현대,쏘나타,2026,쏘나타 디 엣지 2.0,프리미엄,id3,28,남
3,2026-08-28 17:43:34,14로6902,2026-09-06,본인,한화손보,"1,045,350","1,333,550","288,200","한화손보 | 캐롯 자동차보험 | 최종 보험료 | 1,045,350원 | 총 보험료 | 결제 1,333,550원 | 마일리지 환급 288,200원 | 월 납입 시 153,710원 | 바로 가입하기",현대,쏘나타,2026,쏘나타 디 엣지 2.0,프리미엄,id3,28,남
3,2026-08-28 17:43:34,14로6902,2026-09-06,본인,현대해상,"971,960","1,344,320","372,360","현대해상 | Hicar 다이렉트 개인용자동차보험(플랫폼) | 최종 보험료 | 971,960원 | 총 보험료 | 결제 1,344,320원 | 마일리지 환급 372,360원 | 바로 가입하기",현대,쏘나타,2026,쏘나타 디 엣지 2.0,프리미엄,id3,28,남
3,2026-08-28 17:43:34,14로6902,2026-09-06,본인,흥국화재,"971,690","1,292,750","321,060","흥국화재 | 흥국다이렉트개인용자동차보험(CM) | 최종 보험료 | 971,690원 | 총 보험료 | 결제 1,292,750원 | 마일리지 환급 321,060원 | 바로 가입하기",현대,쏘나타,2026,쏘나타 디 엣지 2.0,프리미엄,id3,28,남
4,2026-08-28 17:44:20,14로6902,2026-09-11,본인,AXA,"1,254,350","1,815,250","560,900","AXA손해보험 | 다이렉트 자동차보험 | 최종 보험료 | 1,254,350원 | 총 보험료 | 결제 1,815,250원 | 마일리지 환급 560,900원 | 마일리지 선할인 551,090원 | 바로 가입하기",현대,쏘나타,2026,쏘나타 디 엣지 2.0,프리미엄,id3,28,남
4,2026-08-28 17:44:20,14로6902,2026-09-11,본인,DB손해보험,"1,080,490","1,401,350","320,860","DB손해보험 | 프로미카 다이렉트개인용자동차보험(플랫폼) | 최종 보험료 | 1,080,490원 | 총 보험료 | 결제 1,401,350원 | 마일리지 환급 320,860원 | 바로 가입하기",현대,쏘나타,2026,쏘나타 디 엣지 2.0,프리미엄,id3,28,남
4,2026-08-28 17:44:20,14로6902,2026-09-11,본인,KB손해보험,"946,610","1,277,290","330,680","KB손해보험 | KB다이렉트(플랫폼)개인용자동차보험 | 최종 보험료 | 946,610원 | 총 보험료 | 결제 1,277,290원 | 마일리지 환급 330,680원 | 바로 가입하기",현대,쏘나타,2026,쏘나타 디 엣지 2.0,프리미엄,id3,28,남
4,2026-08-28 17:44:20,14로6902,2026-09-11,본인,롯데손해보험,"1,091,420","1,311,210","219,790","롯데손해보험 | let:click 개인용자동차보험(인터넷) | 최종 보험료 | 1,091,420원 | 총 보험료 | 결제 1,311,210원 | 마일리지 환급 219,790원 | 바로 가입하기",현대,쏘나타,2026,쏘나타 디 엣지 2.0,프리미엄,id3,28,남
4,2026-08-28 17:44:20,14로6902,2026-09-11,본인,메리츠화재,"919,030","1,326,370","407,340","메리츠화재 | 메리츠화재 다이렉트 자동차보험(CM) | 최종 보험료 | 919,030원 | 총 보험료 | 결제 1,326,370원 | 마일리지 환급 407,340원 | 바로 가입하기",현대,쏘나타,2026,쏘나타 디 엣지 2.0,프리미엄,id3,28,남
4,2026-08-28 17:44:20,14로6902,2026-09-11,본인,삼성화재,"1,041,960","1,268,260","226,300","삼성화재 | 개인용애니카다이렉트자동차보험(플랫폼) | 최종 보험료 | 1,041,960원 | 총 보험료 | 결제 1,268,260원 | 마일리지 환급 226,300원 | 바로 가입하기",현대,쏘나타,2026,쏘나타 디 엣지 2.0,프리미엄,id3,28,남
4,2026-08-28 17:44:20,14로6902,2026-09-11,본인,하나손해보험,"982,840","1,285,020","302,180","하나손해보험 | 하나 다이렉트 자동차보험 | 최종 보험료 | 982,840원 | 총 보험료 | 결제 1,285,020원 | 마일리지 환급 302,180원 | 마일리지 선할인 289,430원 | 바로 가입하기",현대,쏘나타,2026,쏘나타 디 엣지 2.0,프리미엄,id3,28,남
4,2026-08-28 17:44:20,14로6902,2026-09-11,본인,한화손보,"1,045,350","1,333,550","288,200","한화손보 | 캐롯 자동차보험 | 최종 보험료 | 1,045,350원 | 총 보험료 | 결제 1,333,550원 | 마일리지 환급 288,200원 | 월 납입 시 153,710원 | 바로 가입하기",현대,쏘나타,2026,쏘나타 디 엣지 2.0,프리미엄,id3,28,남
4,2026-08-28 17:44:20,14로6902,2026-09-11,본인,현대해상,"971,960","1,344,320","372,360","현대해상 | Hicar 다이렉트 개인용자동차보험(플랫폼) | 최종 보험료 | 971,960원 | 총 보험료 | 결제 1,344,320원 | 마일리지 환급 372,360원 | 바로 가입하기",현대,쏘나타,2026,쏘나타 디 엣지 2.0,프리미엄,id3,28,남
4,2026-08-28 17:44:20,14로6902,2026-09-11,본인,흥국화재,"971,690","1,292,750","321,060","흥국화재 | 흥국다이렉트개인용자동차보험(CM) | 최종 보험료 | 971,690원 | 총 보험료 | 결제 1,292,750원 | 마일리지 환급 321,060원 | 바로 가입하기",현대,쏘나타,2026,쏘나타 디 엣지 2.0,프리미엄,id3,28,남
5,2026-08-28 17:45:08,14로6902,2026-09-16,본인,AXA,"1,254,350","1,815,250","560,900","AXA손해보험 | 다이렉트 자동차보험 | 최종 보험료 | 1,254,350원 | 총 보험료 | 결제 1,815,250원 | 마일리지 환급 560,900원 | 마일리지 선할인 551,090원 | 바로 가입하기",현대,쏘나타,2026,쏘나타 디 엣지 2.0,프리미엄,id3,28,남
5,2026-08-28 17:45:08,14로6902,2026-09-16,본인,DB손해보험,"1,080,490","1,401,350","320,860","DB손해보험 | 프로미카 다이렉트개인용자동차보험(플랫폼) | 최종 보험료 | 1,080,490원 | 총 보험료 | 결제 1,401,350원 | 마일리지 환급 320,860원 | 바로 가입하기",현대,쏘나타,2026,쏘나타 디 엣지 2.0,프리미엄,id3,28,남
5,2026-08-28 17:45:08,14로6902,2026-09-16,본인,KB손해보험,"946,610","1,277,290","330,680","KB손해보험 | KB다이렉트(플랫폼)개인용자동차보험 | 최종 보험료 | 946,610원 | 총 보험료 | 결제 1,277,290원 | 마일리지 환급 330,680원 | 바로 가입하기",현대,쏘나타,2026,쏘나타 디 엣지 2.0,프리미엄,id3,28,남
5,2026-08-28 17:45:08,14로6902,2026-09-16,본인,롯데손해보험,"1,091,420","1,311,210","219,790","롯데손해보험 | let:click 개인용자동차보험(인터넷) | 최종 보험료 | 1,091,420원 | 총 보험료 | 결제 1,311,210원 | 마일리지 환급 219,790원 | 바로 가입하기",현대,쏘나타,2026,쏘나타 디 엣지 2.0,프리미엄,id3,28,남
5,2026-08-28 17:45:08,14로6902,2026-09-16,본인,메리츠화재,"921,370","1,329,760","408,390","메리츠화재 | 메리츠화재 다이렉트 자동차보험(CM) | 최종 보험료 | 921,370원 | 총 보험료 | 결제 1,329,760원 | 마일리지 환급 408,390원 | 바로 가입하기",현대,쏘나타,2026,쏘나타 디 엣지 2.0,프리미엄,id3,28,남
5,2026-08-28 17:45:08,14로6902,2026-09-16,본인,삼성화재,"1,041,960","1,268,260","226,300","삼성화재 | 개인용애니카다이렉트자동차보험(플랫폼) | 최종 보험료 | 1,041,960원 | 총 보험료 | 결제 1,268,260원 | 마일리지 환급 226,300원 | 바로 가입하기",현대,쏘나타,2026,쏘나타 디 엣지 2.0,프리미엄,id3,28,남
5,2026-08-28 17:45:08,14로6902,2026-09-16,본인,하나손해보험,"1,004,110","1,312,900","308,790","하나손해보험 | 하나 다이렉트 자동차보험 | 최종 보험료 | 1,004,110원 | 총 보험료 | 결제 1,312,900원 | 마일리지 환급 308,790원 | 마일리지 선할인 295,760원 | 바로 가입하기",현대,쏘나타,2026,쏘나타 디 엣지 2.0,프리미엄,id3,28,남
5,2026-08-28 17:45:08,14로6902,2026-09-16,본인,한화손보,"1,049,950","1,339,430","289,480","한화손보 | 캐롯 자동차보험 | 최종 보험료 | 1,049,950원 | 총 보험료 | 결제 1,339,430원 | 마일리지 환급 289,480원 | 월 납입 시 154,330원 | 바로 가입하기",현대,쏘나타,2026,쏘나타 디 엣지 2.0,프리미엄,id3,28,남
5,2026-08-28 17:45:08,14로6902,2026-09-16,본인,현대해상,"971,960","1,344,320","372,360","현대해상 | Hicar 다이렉트 개인용자동차보험(플랫폼) | 최종 보험료 | 971,960원 | 총 보험료 | 결제 1,344,320원 | 마일리지 환급 372,360원 | 바로 가입하기",현대,쏘나타,2026,쏘나타 디 엣지 2.0,프리미엄,id3,28,남
5,2026-08-28 17:45:08,14로6902,2026-09-16,본인,흥국화재,"971,690","1,292,750","321,060","흥국화재 | 흥국다이렉트개인용자동차보험(CM) | 최종 보험료 | 971,690원 | 총 보험료 | 결제 1,292,750원 | 마일리지 환급 321,060원 | 바로 가입하기",현대,쏘나타,2026,쏘나타 디 엣지 2.0,프리미엄,id3,28,남
6,2026-08-28 17:46:09,14로6902,2026-09-21,본인,AXA,"1,254,350","1,815,250","560,900","AXA손해보험 | 다이렉트 자동차보험 | 최종 보험료 | 1,254,350원 | 총 보험료 | 결제 1,815,250원 | 마일리지 환급 560,900원 | 마일리지 선할인 551,090원 | 바로 가입하기",현대,쏘나타,2026,쏘나타 디 엣지 2.0,프리미엄,id3,28,남
6,2026-08-28 17:46:09,14로6902,2026-09-21,본인,DB손해보험,"1,080,490","1,401,350","320,860","DB손해보험 | 프로미카 다이렉트개인용자동차보험(플랫폼) | 최종 보험료 | 1,080,490원 | 총 보험료 | 결제 1,401,350원 | 마일리지 환급 320,860원 | 바로 가입하기",현대,쏘나타,2026,쏘나타 디 엣지 2.0,프리미엄,id3,28,남
6,2026-08-28 17:46:09,14로6902,2026-09-21,본인,KB손해보험,"946,610","1,277,290","330,680","KB손해보험 | KB다이렉트(플랫폼)개인용자동차보험 | 최종 보험료 | 946,610원 | 총 보험료 | 결제 1,277,290원 | 마일리지 환급 330,680원 | 바로 가입하기",현대,쏘나타,2026,쏘나타 디 엣지 2.0,프리미엄,id3,28,남
6,2026-08-28 17:46:09,14로6902,2026-09-21,본인,롯데손해보험,"1,091,420","1,311,210","219,790","롯데손해보험 | let:click 개인용자동차보험(인터넷) | 최종 보험료 | 1,091,420원 | 총 보험료 | 결제 1,311,210원 | 마일리지 환급 219,790원 | 바로 가입하기",현대,쏘나타,2026,쏘나타 디 엣지 2.0,프리미엄,id3,28,남
6,2026-08-28 17:46:09,14로6902,2026-09-21,본인,메리츠화재,"921,370","1,329,760","408,390","메리츠화재 | 메리츠화재 다이렉트 자동차보험(CM) | 최종 보험료 | 921,370원 | 총 보험료 | 결제 1,329,760원 | 마일리지 환급 408,390원 | 바로 가입하기",현대,쏘나타,2026,쏘나타 디 엣지 2.0,프리미엄,id3,28,남
6,2026-08-28 17:46:09,14로6902,2026-09-21,본인,삼성화재,"1,041,960","1,268,260","226,300","삼성화재 | 개인용애니카다이렉트자동차보험(플랫폼) | 최종 보험료 | 1,041,960원 | 총 보험료 | 결제 1,268,260원 | 마일리지 환급 226,300원 | 바로 가입하기",현대,쏘나타,2026,쏘나타 디 엣지 2.0,프리미엄,id3,28,남
6,2026-08-28 17:46:09,14로6902,2026-09-21,본인,하나손해보험,"1,004,110","1,312,900","308,790","하나손해보험 | 하나 다이렉트 자동차보험 | 최종 보험료 | 1,004,110원 | 총 보험료 | 결제 1,312,900원 | 마일리지 환급 308,790원 | 마일리지 선할인 295,760원 | 바로 가입하기",현대,쏘나타,2026,쏘나타 디 엣지 2.0,프리미엄,id3,28,남
6,2026-08-28 17:46:09,14로6902,2026-09-21,본인,한화손보,"1,049,950","1,339,430","289,480","한화손보 | 캐롯 자동차보험 | 최종 보험료 | 1,049,950원 | 총 보험료 | 결제 1,339,430원 | 마일리지 환급 289,480원 | 월 납입 시 154,330원 | 바로 가입하기",현대,쏘나타,2026,쏘나타 디 엣지 2.0,프리미엄,id3,28,남
6,2026-08-28 17:46:09,14로6902,2026-09-21,본인,현대해상,"971,960","1,344,320","372,360","현대해상 | Hicar 다이렉트 개인용자동차보험(플랫폼) | 최종 보험료 | 971,960원 | 총 보험료 | 결제 1,344,320원 | 마일리지 환급 372,360원 | 바로 가입하기",현대,쏘나타,2026,쏘나타 디 엣지 2.0,프리미엄,id3,28,남
6,2026-08-28 17:46:09,14로6902,2026-09-21,본인,흥국화재,"971,690","1,292,750","321,060","흥국화재 | 흥국다이렉트개인용자동차보험(CM) | 최종 보험료 | 971,690원 | 총 보험료 | 결제 1,292,750원 | 마일리지 환급 321,060원 | 바로 가입하기",현대,쏘나타,2026,쏘나타 디 엣지 2.0,프리미엄,id3,28,남
7,2026-08-28 17:46:58,14로6902,2026-09-26,본인,AXA,"1,254,350","1,815,250","560,900","AXA손해보험 | 다이렉트 자동차보험 | 최종 보험료 | 1,254,350원 | 총 보험료 | 결제 1,815,250원 | 마일리지 환급 560,900원 | 마일리지 선할인 551,090원 | 바로 가입하기",현대,쏘나타,2026,쏘나타 디 엣지 2.0,프리미엄,id3,28,남
7,2026-08-28 17:46:58,14로6902,2026-09-26,본인,DB손해보험,"1,080,490","1,401,350","320,860","DB손해보험 | 프로미카 다이렉트개인용자동차보험(플랫폼) | 최종 보험료 | 1,080,490원 | 총 보험료 | 결제 1,401,350원 | 마일리지 환급 320,860원 | 바로 가입하기",현대,쏘나타,2026,쏘나타 디 엣지 2.0,프리미엄,id3,28,남
7,2026-08-28 17:46:58,14로6902,2026-09-26,본인,KB손해보험,"946,610","1,277,290","330,680","KB손해보험 | KB다이렉트(플랫폼)개인용자동차보험 | 최종 보험료 | 946,610원 | 총 보험료 | 결제 1,277,290원 | 마일리지 환급 330,680원 | 바로 가입하기",현대,쏘나타,2026,쏘나타 디 엣지 2.0,프리미엄,id3,28,남
7,2026-08-28 17:46:58,14로6902,2026-09-26,본인,롯데손해보험,"1,091,420","1,311,210","219,790","롯데손해보험 | let:click 개인용자동차보험(인터넷) | 최종 보험료 | 1,091,420원 | 총 보험료 | 결제 1,311,210원 | 마일리지 환급 219,790원 | 바로 가입하기",현대,쏘나타,2026,쏘나타 디 엣지 2.0,프리미엄,id3,28,남
7,2026-08-28 17:46:58,14로6902,2026-09-26,본인,메리츠화재,"905,550","1,306,830","401,280","메리츠화재 | 메리츠화재 다이렉트 자동차보험(CM) | 최종 보험료 | 905,550원 | 총 보험료 | 결제 1,306,830원 | 마일리지 환급 401,280원 | 바로 가입하기",현대,쏘나타,2026,쏘나타 디 엣지 2.0,프리미엄,id3,28,남
7,2026-08-28 17:46:58,14로6902,2026-09-26,본인,삼성화재,"1,041,830","1,268,100","226,270","삼성화재 | 개인용애니카다이렉트자동차보험(플랫폼) | 최종 보험료 | 1,041,830원 | 총 보험료 | 결제 1,268,100원 | 마일리지 환급 226,270원 | 바로 가입하기",현대,쏘나타,2026,쏘나타 디 엣지 2.0,프리미엄,id3,28,남
7,2026-08-28 17:46:58,14로6902,2026-09-26,본인,하나손해보험,"1,004,110","1,312,900","308,790","하나손해보험 | 하나 다이렉트 자동차보험 | 최종 보험료 | 1,004,110원 | 총 보험료 | 결제 1,312,900원 | 마일리지 환급 308,790원 | 마일리지 선할인 295,760원 | 바로 가입하기",현대,쏘나타,2026,쏘나타 디 엣지 2.0,프리미엄,id3,28,남
7,2026-08-28 17:46:58,14로6902,2026-09-26,본인,한화손보,"1,049,950","1,339,430","289,480","한화손보 | 캐롯 자동차보험 | 최종 보험료 | 1,049,950원 | 총 보험료 | 결제 1,339,430원 | 마일리지 환급 289,480원 | 월 납입 시 154,330원 | 바로 가입하기",현대,쏘나타,2026,쏘나타 디 엣지 2.0,프리미엄,id3,28,남
7,2026-08-28 17:46:58,14로6902,2026-09-26,본인,현대해상,"971,960","1,344,320","372,360","현대해상 | Hicar 다이렉트 개인용자동차보험(플랫폼) | 최종 보험료 | 971,960원 | 총 보험료 | 결제 1,344,320원 | 마일리지 환급 372,360원 | 바로 가입하기",현대,쏘나타,2026,쏘나타 디 엣지 2.0,프리미엄,id3,28,남
7,2026-08-28 17:46:58,14로6902,2026-09-26,본인,흥국화재,"971,690","1,292,750","321,060","흥국화재 | 흥국다이렉트개인용자동차보험(CM) | 최종 보험료 | 971,690원 | 총 보험료 | 결제 1,292,750원 | 마일리지 환급 321,060원 | 바로 가입하기",현대,쏘나타,2026,쏘나타 디 엣지 2.0,프리미엄,id3,28,남
